Actual_Churn,Predicted_Prob,Prescriptive_Action,Lifetime_Value,Country,City,Membership_Years
0,0.11563764295723235,Do Not Intervene,1887.69,Australia,Perth,4.3
0,0.1341595502619745,Do Not Intervene,1222.31,USA,Houston,2.7
0,0.28555335470371285,Trigger Retention Campaign (15% Discount),815.25,India,Delhi,4.8
0,0.09328192201341755,Do Not Intervene,1252.2,UK,Leeds,1.2
0,0.13958526256535342,Do Not Intervene,1341.25,Germany,Frankfurt,5.9
0,0.12554850153892583,Do Not Intervene,2147.08,Japan,Nagoya,1.6
0,0.11553679445735458,Do Not Intervene,1164.42,Canada,Calgary,2.8
0,0.11449756022030133,Do Not Intervene,1947.24,USA,Chicago,1.3
0,0.08437425924816033,Do Not Intervene,1568.87,UK,Manchester,2.3
1,0.7355014118343142,Trigger Retention Campaign (15% Discount),764.4,Japan,Osaka,2.7
0,0.12196701404499649,Do Not Intervene,1401.68,UK,Leeds,4.0
1,0.9166117161227487,Trigger Retention Campaign (15% Discount),2495.91,India,Hyderabad,2.4
0,0.5035742278707656,Trigger Retention Campaign (15% Discount),131.4,UK,Birmingham,0.5
0,0.44667145018018944,Trigger Retention Campaign (15% Discount),396.82,Australia,Sydney,0.2
0,0.10359277655746978,Do Not Intervene,1575.13,Japan,Osaka,1.4
0,0.17350322530740597,Do Not Intervene,1594.32,Canada,Ottawa,0.6
0,0.0834384220884395,Do Not Intervene,1153.62,UK,Birmingham,1.5
0,0.12696836296733974,Do Not Intervene,1282.26,USA,Houston,2.9
0,0.1350105101139579,Do Not Intervene,972.46,Australia,Brisbane,1.0
0,0.46066591383111466,Trigger Retention Campaign (15% Discount),392.82,USA,Phoenix,7.2
1,0.5680745476404934,Trigger Retention Campaign (15% Discount),294.87,Canada,Toronto,5.9
0,0.18058621378492998,Do Not Intervene,919.39,UK,Glasgow,2.1
0,0.16613300667529088,Do Not Intervene,989.98,USA,Houston,1.7
0,0.10394370921213517,Do Not Intervene,772.7,Canada,Montreal,0.9
1,0.6128152617663843,Trigger Retention Campaign (15% Discount),956.19,Germany,Munich,3.2
1,0.3499284529638747,Trigger Retention Campaign (15% Discount),618.78,India,Bangalore,5.2
0,0.10634299878581226,Do Not Intervene,1712.34,USA,Phoenix,4.4
0,0.1683337770368127,Do Not Intervene,2170.89,USA,Chicago,0.8
0,0.1253716849582207,Do Not Intervene,2323.46,UK,Manchester,1.2
0,0.13350351701392085,Do Not Intervene,2008.98,USA,Chicago,1.0
1,0.8470908546305974,Trigger Retention Campaign (15% Discount),1993.32,UK,Birmingham,4.4
0,0.17334656039217072,Do Not Intervene,1795.81,Australia,Sydney,4.6
0,0.08525606147565293,Do Not Intervene,1023.89,Canada,Toronto,0.7
0,0.18553290765940747,Do Not Intervene,1353.46,Germany,Frankfurt,1.4
0,0.15454409448093773,Do Not Intervene,1100.38,Germany,Hamburg,7.7
0,0.08870576658489387,Do Not Intervene,2462.94,Australia,Brisbane,3.4
0,0.10538023824723318,Do Not Intervene,3196.56,USA,Los Angeles,3.5
0,0.09335921666298504,Do Not Intervene,1026.73,USA,Los Angeles,1.8
0,0.4092748786959985,Trigger Retention Campaign (15% Discount),810.97,USA,Chicago,1.0
0,0.2029704691599098,Do Not Intervene,2171.89,Canada,Calgary,5.4
1,0.6702811772709493,Trigger Retention Campaign (15% Discount),239.12,UK,Leeds,10.0
1,0.9011118204599335,Trigger Retention Campaign (15% Discount),383.92,Canada,Calgary,1.9
0,0.15727637816630544,Do Not Intervene,801.77,Germany,Frankfurt,6.2
0,0.10900735071173343,Do Not Intervene,920.29,Japan,Osaka,1.5
0,0.14696801090424974,Do Not Intervene,733.75,USA,Phoenix,3.2
1,0.8682640598964153,Trigger Retention Campaign (15% Discount),3528.77,Canada,Montreal,3.4
0,0.19481815428424365,Do Not Intervene,1832.17,USA,Los Angeles,2.4
0,0.19899584682351357,Do Not Intervene,736.33,India,Chennai,2.0
0,0.4817119398413397,Trigger Retention Campaign (15% Discount),1043.31,France,Toulouse,1.8
0,0.10015385750065596,Do Not Intervene,824.87,UK,Birmingham,1.9
0,0.6797086761758176,Trigger Retention Campaign (15% Discount),463.86,Canada,Montreal,7.9
0,0.2392027576805747,Do Not Intervene,481.6,USA,Los Angeles,2.9
0,0.18169835397505385,Do Not Intervene,726.59,USA,Houston,3.0
1,0.5749008938313078,Trigger Retention Campaign (15% Discount),1608.62,USA,Los Angeles,1.7
0,0.1789642160560428,Do Not Intervene,935.78,USA,Los Angeles,6.2
0,0.20466670110990845,Do Not Intervene,1041.75,Canada,Toronto,4.6
0,0.31462429686417487,Trigger Retention Campaign (15% Discount),447.03,Australia,Adelaide,7.0
1,0.47906433826872324,Trigger Retention Campaign (15% Discount),1105.8,UK,Manchester,3.2
0,0.23419740010511533,Do Not Intervene,505.2,UK,Glasgow,6.6
0,0.4085722014456606,Trigger Retention Campaign (15% Discount),495.43,Japan,Tokyo,2.8
1,0.6965478606959645,Trigger Retention Campaign (15% Discount),560.34,India,Hyderabad,0.3
0,0.16711477210456713,Do Not Intervene,1400.29,Canada,Calgary,1.4
0,0.059036251816318684,Do Not Intervene,733.74,USA,New York,5.3
0,0.17365140608991741,Do Not Intervene,2897.72,USA,New York,2.0
0,0.15306079544394874,Do Not Intervene,2487.86,India,Bangalore,1.7
0,0.3632249789187633,Trigger Retention Campaign (15% Discount),725.07,Japan,Yokohama,5.7
0,0.13883074911274793,Do Not Intervene,796.5,France,Paris,7.4
1,0.4205091055267859,Trigger Retention Campaign (15% Discount),582.5,Australia,Sydney,9.5
0,0.24617057952111945,Do Not Intervene,980.79,UK,Manchester,7.7
0,0.10004177687555149,Do Not Intervene,1200.67,USA,Los Angeles,2.7
0,0.3775730305558107,Trigger Retention Campaign (15% Discount),3387.38,France,Marseille,4.3
0,0.15349197949900337,Do Not Intervene,1943.48,USA,New York,1.2
1,0.5144048348395832,Trigger Retention Campaign (15% Discount),1434.45,USA,Phoenix,1.7
0,0.09648589621417716,Do Not Intervene,2080.86,USA,Phoenix,0.3
1,0.6707655946434227,Trigger Retention Campaign (15% Discount),1132.22,Australia,Perth,4.1
1,0.8405771814813124,Trigger Retention Campaign (15% Discount),1000.5,India,Hyderabad,2.1
1,0.7711034159686324,Trigger Retention Campaign (15% Discount),2071.16,Australia,Perth,3.8
0,0.12502567783843138,Do Not Intervene,845.3,USA,Houston,2.3
1,0.9727356899963725,Trigger Retention Campaign (15% Discount),464.18,Canada,Montreal,3.2
0,0.19966078998011622,Do Not Intervene,2238.63,Australia,Melbourne,0.8
0,0.1741859202424137,Do Not Intervene,2401.21,USA,Phoenix,10.0
0,0.3480807285395578,Trigger Retention Campaign (15% Discount),910.27,Germany,Berlin,3.4
0,0.3944322056412976,Trigger Retention Campaign (15% Discount),471.0,UK,Manchester,3.9
1,0.8353961738967058,Trigger Retention Campaign (15% Discount),117.72,Canada,Calgary,1.4
0,0.07278651465255595,Do Not Intervene,506.58,Japan,Nagoya,2.8
1,0.5173125458403501,Trigger Retention Campaign (15% Discount),617.5,Japan,Kyoto,3.1
1,0.5231999038542425,Trigger Retention Campaign (15% Discount),1443.26,USA,New York,1.5
1,0.8759491312548044,Trigger Retention Campaign (15% Discount),3124.93,USA,Houston,3.6
1,0.4619394445835096,Trigger Retention Campaign (15% Discount),820.74,USA,Phoenix,6.5
1,0.49368094160153525,Trigger Retention Campaign (15% Discount),601.39,Japan,Nagoya,2.1
0,0.14756913690880755,Do Not Intervene,3506.47,Germany,Hamburg,4.2
0,0.11020548318488016,Do Not Intervene,710.16,France,Marseille,4.7
0,0.22411650877552566,Do Not Intervene,900.74,UK,Leeds,1.9
0,0.46237749120747756,Trigger Retention Campaign (15% Discount),834.22,UK,Manchester,0.7
0,0.3454199813742923,Trigger Retention Campaign (15% Discount),536.57,USA,Los Angeles,2.5
0,0.10154980322321407,Do Not Intervene,950.88,France,Lyon,2.2
1,0.5991359392520663,Trigger Retention Campaign (15% Discount),719.07,Canada,Toronto,0.6
0,0.21723175821255913,Do Not Intervene,695.54,France,Toulouse,0.5
0,0.3786321427634347,Trigger Retention Campaign (15% Discount),408.78,Canada,Montreal,3.8
0,0.18383089032096123,Do Not Intervene,487.53,UK,Manchester,3.6
0,0.09220203182799595,Do Not Intervene,1524.45,USA,Los Angeles,2.5
0,0.7831205584810434,Trigger Retention Campaign (15% Discount),564.81,France,Paris,1.8
0,0.13070506182198038,Do Not Intervene,1664.37,Japan,Nagoya,3.2
0,0.1660928426940383,Do Not Intervene,1871.96,India,Delhi,2.2
0,0.1670182518467993,Do Not Intervene,822.98,Canada,Calgary,3.6
0,0.1539377273766761,Do Not Intervene,1374.92,USA,New York,2.0
1,0.7416455148959683,Trigger Retention Campaign (15% Discount),974.46,USA,Phoenix,1.4
1,0.500924876685269,Trigger Retention Campaign (15% Discount),1124.38,USA,Chicago,7.0
1,0.8872281726631221,Trigger Retention Campaign (15% Discount),433.58,UK,Manchester,1.7
0,0.16633391967296723,Do Not Intervene,705.27,UK,Birmingham,0.8
0,0.1360016811027548,Do Not Intervene,3794.76,Germany,Cologne,2.0
0,0.13839123405693296,Do Not Intervene,2015.81,Canada,Calgary,2.3
1,0.8345878602259007,Trigger Retention Campaign (15% Discount),485.31,Australia,Melbourne,3.7
1,0.7645337247859864,Trigger Retention Campaign (15% Discount),662.26,Japan,Tokyo,2.5
1,0.8294375357040882,Trigger Retention Campaign (15% Discount),769.81,UK,London,5.8
0,0.13848645686978117,Do Not Intervene,2189.18,USA,Phoenix,2.3
1,0.6907623959460112,Trigger Retention Campaign (15% Discount),2241.51,USA,New York,2.5
0,0.22617656905223582,Do Not Intervene,1724.37,USA,Chicago,4.8
1,0.8641912771837872,Trigger Retention Campaign (15% Discount),2381.48,USA,Phoenix,3.3
0,0.11701605268916948,Do Not Intervene,612.86,France,Lyon,2.9
0,0.09334449282878529,Do Not Intervene,951.91,France,Marseille,1.3
0,0.1313256236668591,Do Not Intervene,1373.81,Germany,Hamburg,2.1
0,0.21551406768281095,Do Not Intervene,1619.95,Australia,Perth,6.0
0,0.156761476118795,Do Not Intervene,1905.03,USA,Houston,3.8
0,0.1083176752630426,Do Not Intervene,2487.79,Canada,Montreal,1.0
0,0.3685747605881005,Trigger Retention Campaign (15% Discount),1585.07,Germany,Munich,4.3
0,0.21506731859436917,Do Not Intervene,1774.4,Australia,Melbourne,0.8
1,0.8974786052768576,Trigger Retention Campaign (15% Discount),622.53,USA,Chicago,10.0
1,0.8994587129074507,Trigger Retention Campaign (15% Discount),173.7,USA,Houston,5.2
0,0.8666538844718322,Trigger Retention Campaign (15% Discount),180.52,Japan,Tokyo,3.0
0,0.42124599418802494,Trigger Retention Campaign (15% Discount),1857.73,UK,Leeds,7.2
1,0.0833132413817966,Do Not Intervene,1569.19,USA,Chicago,4.3
0,0.13282296285144068,Do Not Intervene,2272.99,UK,London,4.6
0,0.09764457899269771,Do Not Intervene,1330.14,USA,Phoenix,3.1
0,0.09032611662750639,Do Not Intervene,883.05,USA,Phoenix,8.8
0,0.20820008154904937,Do Not Intervene,736.92,Japan,Nagoya,5.6
0,0.07122608303418652,Do Not Intervene,950.46,France,Lyon,2.2
0,0.12948461620447543,Do Not Intervene,814.05,USA,Phoenix,0.7
1,0.8830173905684303,Trigger Retention Campaign (15% Discount),233.01,Canada,Vancouver,2.2
0,0.9518797791832125,Trigger Retention Campaign (15% Discount),555.47,Australia,Melbourne,0.5
0,0.18476061774217886,Do Not Intervene,1066.46,Canada,Montreal,1.0
0,0.1365406541707827,Do Not Intervene,1504.26,Germany,Cologne,1.7
0,0.24343393712716196,Do Not Intervene,1055.86,USA,Chicago,3.6
0,0.2644699652688756,Do Not Intervene,1340.9,UK,Birmingham,2.0
0,0.10334720023915983,Do Not Intervene,1522.69,Canada,Ottawa,8.5
1,0.9331544508888829,Trigger Retention Campaign (15% Discount),2668.81,Australia,Sydney,1.4
0,0.07688423340490816,Do Not Intervene,846.9,UK,Glasgow,1.5
0,0.1494579144438894,Do Not Intervene,2695.55,USA,Houston,0.8
0,0.25940131426362634,Do Not Intervene,1137.82,UK,Glasgow,4.1
0,0.152638555262354,Do Not Intervene,3322.72,Canada,Calgary,2.6
0,0.12809394943017463,Do Not Intervene,1084.39,Canada,Montreal,2.3
0,0.20184892495736953,Do Not Intervene,2538.82,Australia,Brisbane,0.2
0,0.16952608453370663,Do Not Intervene,4814.37,USA,Houston,6.0
0,0.09794167488464728,Do Not Intervene,816.93,Germany,Frankfurt,3.9
0,0.31250398483432035,Trigger Retention Campaign (15% Discount),1179.34,USA,Los Angeles,2.9
0,0.12235574542930937,Do Not Intervene,916.36,Japan,Tokyo,8.1
0,0.0971487495015243,Do Not Intervene,1600.28,Japan,Yokohama,2.5
1,0.8329514520895991,Trigger Retention Campaign (15% Discount),1919.11,Canada,Calgary,1.9
0,0.1020035515322655,Do Not Intervene,1549.36,USA,Chicago,2.0
0,0.16734069066880852,Do Not Intervene,2304.59,USA,Chicago,2.2
0,0.21168828656587016,Do Not Intervene,6124.25,France,Paris,2.3
1,0.6938801733861161,Trigger Retention Campaign (15% Discount),1877.86,Canada,Ottawa,4.5
1,0.9138213706327835,Trigger Retention Campaign (15% Discount),2585.75,USA,New York,3.9
0,0.13138332009932002,Do Not Intervene,871.74,France,Nice,2.1
0,0.14017688852535795,Do Not Intervene,1342.59,Canada,Vancouver,7.6
1,0.8841241871618188,Trigger Retention Campaign (15% Discount),480.54,Japan,Yokohama,5.6
0,0.13553555854492508,Do Not Intervene,964.99,USA,Los Angeles,1.9
0,0.18516650850579885,Do Not Intervene,1191.66,Australia,Perth,0.8
0,0.28754265908122006,Trigger Retention Campaign (15% Discount),1113.45,Canada,Ottawa,1.5
0,0.15240569143595162,Do Not Intervene,2880.11,USA,Houston,2.6
1,0.8246444131750671,Trigger Retention Campaign (15% Discount),1953.37,USA,Houston,1.7
0,0.6200149784287123,Trigger Retention Campaign (15% Discount),318.86,France,Marseille,4.6
0,0.40812716372899144,Trigger Retention Campaign (15% Discount),1169.77,UK,Glasgow,2.7
0,0.1557792712569844,Do Not Intervene,689.81,Canada,Ottawa,4.7
0,0.18727827621642731,Do Not Intervene,1038.11,Germany,Munich,1.3
0,0.10135633592889644,Do Not Intervene,888.41,UK,London,3.7
0,0.17872690308885963,Do Not Intervene,1100.72,UK,London,0.2
0,0.18444741800680942,Do Not Intervene,928.42,USA,New York,0.3
0,0.1785593914454766,Do Not Intervene,1863.14,Germany,Berlin,5.7
0,0.17754719638122846,Do Not Intervene,1168.43,India,Hyderabad,2.5
0,0.11161318655455314,Do Not Intervene,1423.38,Canada,Calgary,3.8
0,0.2927759360882936,Trigger Retention Campaign (15% Discount),1335.5,Australia,Sydney,1.2
0,0.09699205314900697,Do Not Intervene,4079.69,India,Delhi,0.4
0,0.15666986816501227,Do Not Intervene,1152.44,UK,Glasgow,1.7
0,0.12374333385634852,Do Not Intervene,1227.78,Australia,Perth,2.0
0,0.11718350712952423,Do Not Intervene,1252.62,Australia,Melbourne,4.2
1,0.872196289442091,Trigger Retention Campaign (15% Discount),2442.3,USA,Chicago,4.4
0,0.14158577212210713,Do Not Intervene,1006.53,Japan,Nagoya,2.6
0,0.13466813376735653,Do Not Intervene,1017.39,USA,Phoenix,7.3
0,0.1137680726898893,Do Not Intervene,1283.39,USA,Chicago,4.4
0,0.17581416328836308,Do Not Intervene,1425.27,USA,Phoenix,7.8
1,0.9224947815345033,Trigger Retention Campaign (15% Discount),2164.53,USA,Los Angeles,1.1
1,0.9050319645890322,Trigger Retention Campaign (15% Discount),770.52,UK,London,2.2
0,0.12914933419907754,Do Not Intervene,1303.83,UK,Manchester,2.9
0,0.16763237287514277,Do Not Intervene,2526.98,USA,Chicago,5.6
0,0.27439831902950346,Do Not Intervene,403.81,France,Toulouse,1.3
1,0.9660349926466989,Trigger Retention Campaign (15% Discount),2462.64,USA,Chicago,3.6
1,0.5119930672803454,Trigger Retention Campaign (15% Discount),1719.48,Australia,Melbourne,1.6
0,0.40249041722415313,Trigger Retention Campaign (15% Discount),488.57,UK,Glasgow,1.8
0,0.19819562519856962,Do Not Intervene,1329.23,Canada,Vancouver,2.1
0,0.12183715625081122,Do Not Intervene,1422.36,USA,Los Angeles,2.9
1,0.8437765170935937,Trigger Retention Campaign (15% Discount),417.59,France,Paris,0.1
0,0.38478746519571094,Trigger Retention Campaign (15% Discount),2073.42,Canada,Toronto,4.3
0,0.18463997540514535,Do Not Intervene,3904.95,Australia,Sydney,7.4
0,0.6293526028548441,Trigger Retention Campaign (15% Discount),1136.61,UK,Manchester,3.7
1,0.7217348747301959,Trigger Retention Campaign (15% Discount),890.26,India,Chennai,1.2
0,0.3084861211906791,Trigger Retention Campaign (15% Discount),368.93,Germany,Frankfurt,8.4
1,0.876196133170303,Trigger Retention Campaign (15% Discount),2292.51,USA,Houston,2.2
0,0.12936499118372852,Do Not Intervene,990.63,USA,Chicago,5.1
0,0.42990034820133993,Trigger Retention Campaign (15% Discount),807.11,UK,Birmingham,0.6
0,0.3704852572664267,Trigger Retention Campaign (15% Discount),814.65,USA,Chicago,0.6
0,0.12875240587022024,Do Not Intervene,1478.55,Germany,Munich,1.2
0,0.1303013733766281,Do Not Intervene,3299.26,USA,Houston,2.2
0,0.12123935170083272,Do Not Intervene,1949.68,USA,Phoenix,2.4
0,0.4428004793388385,Trigger Retention Campaign (15% Discount),548.71,Germany,Munich,8.5
1,0.6645346055072368,Trigger Retention Campaign (15% Discount),636.25,Germany,Cologne,1.8
0,0.15310738751277908,Do Not Intervene,1542.15,Germany,Cologne,0.3
0,0.1530397936216016,Do Not Intervene,1207.28,Germany,Munich,4.9
0,0.20162673989499488,Do Not Intervene,464.85,France,Paris,1.2
0,0.653298075220318,Trigger Retention Campaign (15% Discount),201.47,Australia,Perth,1.3
0,0.10888952733046153,Do Not Intervene,846.62,UK,Birmingham,2.2
0,0.18683015560301267,Do Not Intervene,1014.85,UK,London,4.8
0,0.1159654890657044,Do Not Intervene,2438.82,Canada,Toronto,3.3
0,0.37868872805454395,Trigger Retention Campaign (15% Discount),1137.37,Australia,Melbourne,1.1
0,0.16674422680654427,Do Not Intervene,3498.8,UK,Birmingham,6.3
0,0.11475643347931717,Do Not Intervene,1068.03,UK,London,1.6
1,0.6415785083726117,Trigger Retention Campaign (15% Discount),2041.19,Australia,Melbourne,1.8
1,0.19627663498368456,Do Not Intervene,453.29,Australia,Perth,1.1
0,0.3790110431989671,Trigger Retention Campaign (15% Discount),497.46,Canada,Montreal,8.1
1,0.5950804994311549,Trigger Retention Campaign (15% Discount),1493.96,Canada,Vancouver,1.5
0,0.13317690231009868,Do Not Intervene,689.07,USA,Houston,3.9
1,0.9288590612340458,Trigger Retention Campaign (15% Discount),2389.36,USA,Houston,5.3
1,0.47010299393701316,Trigger Retention Campaign (15% Discount),645.19,France,Marseille,2.3
1,0.9129289153150463,Trigger Retention Campaign (15% Discount),2374.09,UK,Birmingham,4.9
0,0.1312978570341365,Do Not Intervene,2229.4,Australia,Melbourne,4.5
0,0.14234828255974066,Do Not Intervene,550.83,Germany,Berlin,5.7
0,0.17192645435113302,Do Not Intervene,997.11,Australia,Sydney,2.6
0,0.09100858899179715,Do Not Intervene,1131.97,France,Nice,5.1
1,0.8756859878158825,Trigger Retention Campaign (15% Discount),810.9,UK,Leeds,2.1
1,0.9144154212488664,Trigger Retention Campaign (15% Discount),2907.97,Australia,Sydney,1.1
0,0.2616296190465469,Do Not Intervene,779.7,USA,Houston,1.3
0,0.3535932898516392,Trigger Retention Campaign (15% Discount),432.63,USA,Phoenix,6.6
0,0.15022385465918422,Do Not Intervene,674.31,Australia,Melbourne,2.5
0,0.11785025719239492,Do Not Intervene,1889.36,Australia,Perth,2.7
0,0.13188609433519313,Do Not Intervene,851.68,USA,Phoenix,4.5
0,0.18181308648574437,Do Not Intervene,880.38,Germany,Munich,2.8
1,0.7992889058538956,Trigger Retention Campaign (15% Discount),762.16,USA,Phoenix,2.1
0,0.14414218205879636,Do Not Intervene,4662.03,UK,Glasgow,1.0
0,0.10774154516602705,Do Not Intervene,780.93,UK,Glasgow,0.5
0,0.1512116706460445,Do Not Intervene,2097.85,USA,Los Angeles,1.8
0,0.12557360136081586,Do Not Intervene,3291.2,USA,Phoenix,2.0
0,0.181241830500375,Do Not Intervene,1773.9,USA,New York,0.6
0,0.09299189136471414,Do Not Intervene,1304.73,UK,Glasgow,3.6
0,0.1234462103483745,Do Not Intervene,3230.69,Germany,Hamburg,0.5
0,0.18535099594766394,Do Not Intervene,1301.81,USA,Los Angeles,1.1
0,0.3447355505215103,Trigger Retention Campaign (15% Discount),1235.13,Australia,Brisbane,3.3
0,0.26030680125639605,Do Not Intervene,666.12,Japan,Nagoya,0.4
1,0.8221238663778314,Trigger Retention Campaign (15% Discount),1947.08,UK,Birmingham,2.4
0,0.1347967466324722,Do Not Intervene,1139.86,Canada,Ottawa,0.3
0,0.1187293320456213,Do Not Intervene,2718.98,USA,Los Angeles,4.0
1,0.7526065014699072,Trigger Retention Campaign (15% Discount),3536.16,Canada,Calgary,6.7
0,0.18295094850453644,Do Not Intervene,1835.7,Japan,Osaka,3.9
0,0.1317213137070341,Do Not Intervene,1507.76,India,Hyderabad,1.3
0,0.19523330605817063,Do Not Intervene,868.01,Japan,Kyoto,2.3
0,0.3985955018281815,Trigger Retention Campaign (15% Discount),1871.15,Japan,Yokohama,3.0
0,0.17212143175149883,Do Not Intervene,818.23,Canada,Calgary,1.6
0,0.24043898660000804,Do Not Intervene,1539.41,India,Chennai,4.5
0,0.3111091221267963,Trigger Retention Campaign (15% Discount),371.11,USA,Chicago,1.4
1,0.8746651167693084,Trigger Retention Campaign (15% Discount),191.45,UK,Leeds,0.9
1,0.701686628996664,Trigger Retention Campaign (15% Discount),1465.91,UK,Leeds,4.3
0,0.105514811223342,Do Not Intervene,1160.9,USA,Houston,3.5
1,0.6533593329558,Trigger Retention Campaign (15% Discount),71.2,USA,Phoenix,1.5
1,0.09896932076469446,Do Not Intervene,1004.07,USA,New York,1.4
0,0.09250481212450477,Do Not Intervene,1609.88,USA,Chicago,6.3
1,0.9216492374828422,Trigger Retention Campaign (15% Discount),1037.63,UK,Leeds,2.8
1,0.7291465184368521,Trigger Retention Campaign (15% Discount),1043.74,Germany,Berlin,0.7
0,0.13825952809884237,Do Not Intervene,546.8,Australia,Brisbane,2.5
0,0.21379078794399395,Do Not Intervene,2478.22,France,Lyon,0.8
0,0.18127421649129313,Do Not Intervene,1577.39,France,Toulouse,2.7
0,0.12245773970000486,Do Not Intervene,752.93,Canada,Toronto,5.5
1,0.5049218104084844,Trigger Retention Campaign (15% Discount),587.17,Canada,Montreal,4.3
1,0.7637807492834761,Trigger Retention Campaign (15% Discount),1871.72,France,Toulouse,3.4
1,0.9328076747519618,Trigger Retention Campaign (15% Discount),3245.77,USA,Chicago,1.5
1,0.8334960240857334,Trigger Retention Campaign (15% Discount),718.71,USA,Chicago,6.0
1,0.3294783097763922,Trigger Retention Campaign (15% Discount),1080.83,Germany,Frankfurt,6.5
1,0.7992113779916988,Trigger Retention Campaign (15% Discount),2197.55,Australia,Brisbane,2.5
0,0.10133042467334359,Do Not Intervene,940.32,USA,Phoenix,3.9
0,0.1922945230493333,Do Not Intervene,2489.41,USA,Phoenix,6.4
0,0.08459156567354877,Do Not Intervene,2495.74,USA,Los Angeles,2.4
1,0.4019290828037997,Trigger Retention Campaign (15% Discount),966.31,USA,Houston,2.0
0,0.11139921850283377,Do Not Intervene,1450.22,Germany,Hamburg,6.3
0,0.24187228730095334,Do Not Intervene,1924.52,USA,Los Angeles,0.2
0,0.8253095774195301,Trigger Retention Campaign (15% Discount),1146.07,Canada,Vancouver,2.9
0,0.18922898474559152,Do Not Intervene,913.57,USA,Houston,2.4
0,0.509158334567733,Trigger Retention Campaign (15% Discount),1048.67,Australia,Adelaide,2.7
1,0.7576477315515785,Trigger Retention Campaign (15% Discount),298.79,Germany,Cologne,2.9
0,0.2674094676591016,Do Not Intervene,1225.76,USA,Chicago,1.2
0,0.15107865877096519,Do Not Intervene,1368.07,USA,Los Angeles,2.2
0,0.2472821711898729,Do Not Intervene,2119.09,Australia,Sydney,1.2
0,0.08358002960255626,Do Not Intervene,937.46,USA,New York,1.4
0,0.22563813447969397,Do Not Intervene,1852.39,Australia,Melbourne,2.7
0,0.12008052057970196,Do Not Intervene,1561.53,USA,Houston,8.9
0,0.4827746847828492,Trigger Retention Campaign (15% Discount),760.23,USA,New York,0.7
1,0.807525804448603,Trigger Retention Campaign (15% Discount),1907.62,Canada,Montreal,3.0
0,0.12853624910846523,Do Not Intervene,296.87,USA,Houston,4.8
0,0.17161546220804588,Do Not Intervene,2638.69,USA,Phoenix,0.4
0,0.2542228565612035,Do Not Intervene,754.95,USA,New York,2.5
0,0.16134589138219418,Do Not Intervene,2321.4,France,Toulouse,0.2
0,0.16448894615810286,Do Not Intervene,2097.46,Japan,Nagoya,3.9
0,0.18644692464956644,Do Not Intervene,2681.46,USA,Chicago,9.3
1,0.14294481878483029,Do Not Intervene,1036.75,USA,Phoenix,4.9
0,0.12526524293446292,Do Not Intervene,1649.83,USA,Houston,5.6
1,0.6269537702309138,Trigger Retention Campaign (15% Discount),506.88,USA,Phoenix,0.8
1,0.7655149192756511,Trigger Retention Campaign (15% Discount),1145.2,UK,Manchester,2.7
0,0.11019513519737294,Do Not Intervene,3066.44,Canada,Toronto,3.6
0,0.18128727230256927,Do Not Intervene,1434.81,Germany,Hamburg,4.7
1,0.6794363331290714,Trigger Retention Campaign (15% Discount),1089.37,USA,Houston,1.8
0,0.0940295885454337,Do Not Intervene,1555.98,Canada,Montreal,2.0
0,0.08996025301358034,Do Not Intervene,946.88,France,Marseille,3.5
0,0.3699793978458688,Trigger Retention Campaign (15% Discount),396.65,UK,Leeds,1.3
0,0.2570442403953661,Do Not Intervene,2144.05,USA,Phoenix,4.0
0,0.11087974852112642,Do Not Intervene,1088.64,India,Chennai,2.5
0,0.15982910983432613,Do Not Intervene,3941.93,UK,Manchester,3.5
0,0.14559927017043922,Do Not Intervene,2045.96,USA,Chicago,0.9
0,0.12334558526234084,Do Not Intervene,1054.46,Canada,Ottawa,1.8
0,0.10634454658425886,Do Not Intervene,2459.55,USA,Los Angeles,2.4
1,0.8386625708637924,Trigger Retention Campaign (15% Discount),2147.28,France,Toulouse,3.3
0,0.1400044563172014,Do Not Intervene,1575.57,USA,Houston,1.6
0,0.15848088751912626,Do Not Intervene,717.82,India,Bangalore,0.8
0,0.1122255295875603,Do Not Intervene,2609.63,USA,Houston,3.9
0,0.2277289412560389,Do Not Intervene,2012.87,France,Nice,3.4
0,0.13937707936285673,Do Not Intervene,1967.01,USA,Chicago,6.0
0,0.24683680528212038,Do Not Intervene,2807.6,Germany,Hamburg,2.9
0,0.5589815657664817,Trigger Retention Campaign (15% Discount),375.2,France,Nice,4.7
1,0.5185212434347491,Trigger Retention Campaign (15% Discount),1167.33,France,Lyon,4.7
0,0.22501102058961223,Do Not Intervene,362.76,UK,Birmingham,1.7
0,0.10374152805463537,Do Not Intervene,1728.42,USA,Phoenix,1.0
0,0.13146135457121283,Do Not Intervene,2300.78,France,Lyon,3.4
0,0.1431004477768121,Do Not Intervene,883.93,India,Chennai,0.9
0,0.293408922379785,Trigger Retention Campaign (15% Discount),844.07,USA,New York,1.6
0,0.0877304107128258,Do Not Intervene,1504.12,Japan,Osaka,1.8
1,0.8080157006037968,Trigger Retention Campaign (15% Discount),2580.44,Japan,Kyoto,2.4
0,0.32959232391451765,Trigger Retention Campaign (15% Discount),505.88,Australia,Sydney,0.9
0,0.12890083489350532,Do Not Intervene,967.46,India,Bangalore,2.1
0,0.13800939972229984,Do Not Intervene,426.5,France,Toulouse,4.3
0,0.07121131574062727,Do Not Intervene,803.75,UK,London,4.6
1,0.8614275115717176,Trigger Retention Campaign (15% Discount),1898.56,Germany,Hamburg,1.0
0,0.16373829056263453,Do Not Intervene,1873.92,Japan,Tokyo,2.1
0,0.15041896721137366,Do Not Intervene,2559.55,Japan,Osaka,3.9
0,0.28568833301440716,Trigger Retention Campaign (15% Discount),811.32,India,Delhi,5.5
0,0.12265730845229746,Do Not Intervene,1777.63,Canada,Ottawa,2.7
0,0.10573944817923536,Do Not Intervene,1032.85,USA,Chicago,1.7
1,0.8390601803215294,Trigger Retention Campaign (15% Discount),2078.97,Canada,Ottawa,3.6
1,0.6937143480456658,Trigger Retention Campaign (15% Discount),1890.09,Germany,Hamburg,0.7
0,0.17440516326456468,Do Not Intervene,1002.8,India,Delhi,2.8
1,0.8721415785083019,Trigger Retention Campaign (15% Discount),771.74,Australia,Brisbane,0.8
0,0.16374249748628297,Do Not Intervene,1258.21,India,Chennai,3.2
0,0.1652600638808014,Do Not Intervene,1478.07,Japan,Osaka,8.3
0,0.07987006441309044,Do Not Intervene,1859.94,Canada,Ottawa,2.9
1,0.8177967428564002,Trigger Retention Campaign (15% Discount),1671.36,Germany,Cologne,3.9
0,0.09228554117263837,Do Not Intervene,785.4,UK,Manchester,3.1
0,0.16147594838509854,Do Not Intervene,2234.01,India,Chennai,1.0
0,0.3168709986361671,Trigger Retention Campaign (15% Discount),1132.55,USA,Houston,2.6
1,0.8909369358374424,Trigger Retention Campaign (15% Discount),2196.98,USA,Houston,1.5
0,0.48721738683634697,Trigger Retention Campaign (15% Discount),630.14,USA,Houston,2.4
0,0.37931954084783365,Trigger Retention Campaign (15% Discount),233.08,UK,Leeds,4.2
1,0.6741436400429778,Trigger Retention Campaign (15% Discount),2255.53,USA,Los Angeles,3.5
0,0.2644726033137122,Do Not Intervene,485.51,UK,Birmingham,3.6
0,0.0966891888482273,Do Not Intervene,761.57,USA,Los Angeles,1.0
0,0.2018490295544271,Do Not Intervene,2054.59,Canada,Calgary,1.0
0,0.15137798745801032,Do Not Intervene,2800.15,UK,Leeds,2.3
0,0.10366363454871977,Do Not Intervene,1472.32,USA,Phoenix,4.5
0,0.16301546443036583,Do Not Intervene,2215.1,Germany,Frankfurt,0.7
0,0.47158533160191884,Trigger Retention Campaign (15% Discount),498.73,France,Nice,4.2
0,0.12991167689357297,Do Not Intervene,1384.88,Japan,Tokyo,2.0
0,0.11930606986354933,Do Not Intervene,1615.32,UK,Glasgow,6.1
1,0.9148785098911069,Trigger Retention Campaign (15% Discount),2710.16,France,Marseille,10.0
1,0.6506587587187674,Trigger Retention Campaign (15% Discount),843.59,India,Mumbai,1.5
1,0.5918733806014452,Trigger Retention Campaign (15% Discount),1051.69,UK,London,7.3
1,0.8148714628628361,Trigger Retention Campaign (15% Discount),701.75,India,Mumbai,2.6
1,0.09707824294002167,Do Not Intervene,767.31,USA,Chicago,2.0
0,0.2040794470380412,Do Not Intervene,4682.98,Australia,Adelaide,5.1
0,0.10585999200619862,Do Not Intervene,2748.87,USA,Phoenix,3.8
1,0.19034577982246043,Do Not Intervene,1868.34,USA,Houston,0.9
1,0.9098207703478157,Trigger Retention Campaign (15% Discount),3520.46,USA,Los Angeles,2.8
0,0.20067208357376798,Do Not Intervene,1998.68,Japan,Kyoto,3.2
0,0.15462964797604484,Do Not Intervene,3024.77,USA,Phoenix,0.7
1,0.6826554485788082,Trigger Retention Campaign (15% Discount),243.34,USA,Los Angeles,3.0
0,0.11818228431887162,Do Not Intervene,1099.42,USA,Chicago,4.1
0,0.21526995803319987,Do Not Intervene,1191.91,India,Chennai,1.1
0,0.15496438736114382,Do Not Intervene,2463.97,UK,Manchester,9.0
1,0.596080302720278,Trigger Retention Campaign (15% Discount),1087.99,USA,Phoenix,1.3
0,0.11036734239533272,Do Not Intervene,3017.49,UK,London,0.6
1,0.9263873346360663,Trigger Retention Campaign (15% Discount),2178.25,France,Lyon,3.8
1,0.9525050594572015,Trigger Retention Campaign (15% Discount),2370.66,Germany,Berlin,2.2
0,0.11000875928795387,Do Not Intervene,1592.52,Australia,Brisbane,4.3
1,0.8845650164632279,Trigger Retention Campaign (15% Discount),2603.55,Canada,Montreal,0.5
1,0.8490412048731182,Trigger Retention Campaign (15% Discount),1599.49,France,Toulouse,2.5
0,0.11301221776191658,Do Not Intervene,1359.91,Germany,Berlin,1.7
0,0.16272262801595402,Do Not Intervene,1978.14,Canada,Ottawa,1.6
0,0.0687629919067989,Do Not Intervene,852.97,Japan,Tokyo,5.0
0,0.11178050652486213,Do Not Intervene,1335.98,USA,Los Angeles,5.8
0,0.4162254415634138,Trigger Retention Campaign (15% Discount),592.78,Japan,Nagoya,4.9
1,0.8168365889152389,Trigger Retention Campaign (15% Discount),3975.54,Germany,Hamburg,2.7
1,0.8357256730969987,Trigger Retention Campaign (15% Discount),1070.46,Canada,Vancouver,3.5
0,0.09892080279848607,Do Not Intervene,1661.85,USA,Phoenix,2.0
1,0.8640897822343554,Trigger Retention Campaign (15% Discount),3157.81,UK,Glasgow,2.4
0,0.155212619056727,Do Not Intervene,2486.55,UK,London,6.3
1,0.4446107358354982,Trigger Retention Campaign (15% Discount),593.97,France,Paris,1.4
1,0.7655625315538872,Trigger Retention Campaign (15% Discount),486.92,USA,Houston,0.3
0,0.09739215623591285,Do Not Intervene,849.89,Canada,Ottawa,0.6
0,0.26629308373572813,Do Not Intervene,1345.99,Canada,Vancouver,6.2
0,0.15583027577815342,Do Not Intervene,720.75,France,Nice,4.0
0,0.1834679858514954,Do Not Intervene,1801.34,USA,Phoenix,0.7
0,0.20208699714347106,Do Not Intervene,1529.03,Canada,Toronto,2.6
0,0.15180651431825162,Do Not Intervene,1478.66,USA,Phoenix,1.4
1,0.9143426147224524,Trigger Retention Campaign (15% Discount),2606.6,Germany,Berlin,3.1
1,0.3226621641396095,Trigger Retention Campaign (15% Discount),664.2,USA,Phoenix,2.1
0,0.09749890763565819,Do Not Intervene,662.46,USA,Phoenix,2.6
0,0.17419348125681336,Do Not Intervene,1718.12,USA,Chicago,1.1
1,0.862165516415336,Trigger Retention Campaign (15% Discount),2185.09,USA,Phoenix,4.9
0,0.11707607213080024,Do Not Intervene,1409.57,USA,Chicago,4.2
0,0.31296626601207506,Trigger Retention Campaign (15% Discount),763.45,UK,Glasgow,0.1
0,0.10106693082023586,Do Not Intervene,1202.04,Germany,Munich,2.8
0,0.2928205342249542,Trigger Retention Campaign (15% Discount),928.36,Canada,Toronto,1.9
0,0.262225691144908,Do Not Intervene,1333.75,USA,New York,1.5
0,0.4439491836160493,Trigger Retention Campaign (15% Discount),828.42,India,Chennai,5.7
0,0.11554412064062747,Do Not Intervene,967.94,UK,London,7.2
0,0.12099407001042062,Do Not Intervene,497.62,France,Nice,1.1
0,0.1357454648562167,Do Not Intervene,1549.49,USA,Chicago,1.9
0,0.44333408968702864,Trigger Retention Campaign (15% Discount),621.31,USA,Phoenix,2.8
0,0.26523789967082534,Do Not Intervene,692.75,UK,Manchester,1.3
1,0.7002972792762756,Trigger Retention Campaign (15% Discount),2159.1,USA,Los Angeles,1.5
0,0.11677497021892934,Do Not Intervene,1130.54,Canada,Calgary,2.8
1,0.5438620268575314,Trigger Retention Campaign (15% Discount),1585.7,UK,Manchester,7.5
0,0.15933019325077466,Do Not Intervene,1673.93,USA,New York,2.0
0,0.4914658190547685,Trigger Retention Campaign (15% Discount),842.7,Germany,Berlin,3.2
0,0.1570035324741192,Do Not Intervene,1803.62,Canada,Montreal,6.0
0,0.10510656525070089,Do Not Intervene,3146.88,USA,Houston,0.3
0,0.18780909477794372,Do Not Intervene,1910.92,Germany,Munich,4.4
1,0.9362417750536152,Trigger Retention Campaign (15% Discount),3872.78,UK,London,6.5
0,0.15354089575125435,Do Not Intervene,762.05,Canada,Vancouver,5.3
0,0.2263474630266702,Do Not Intervene,909.73,USA,Los Angeles,0.2
0,0.09121560654543255,Do Not Intervene,1050.47,USA,Los Angeles,1.5
1,0.19464442899595677,Do Not Intervene,928.62,France,Nice,1.9
0,0.40768973869959557,Trigger Retention Campaign (15% Discount),633.8,UK,Leeds,0.9
1,0.906574841052079,Trigger Retention Campaign (15% Discount),2018.11,Germany,Cologne,1.7
0,0.2973805858258278,Trigger Retention Campaign (15% Discount),997.43,USA,Los Angeles,2.0
0,0.12585704539524978,Do Not Intervene,919.8,Germany,Berlin,2.8
1,0.4453639754853502,Trigger Retention Campaign (15% Discount),397.73,Japan,Yokohama,3.6
0,0.0963288067842507,Do Not Intervene,1859.21,USA,New York,1.5
1,0.9016372369887585,Trigger Retention Campaign (15% Discount),1959.81,Australia,Sydney,1.3
0,0.2604049037137314,Do Not Intervene,903.14,UK,Manchester,1.2
0,0.1338199894230663,Do Not Intervene,1815.94,USA,New York,2.9
0,0.11893072598042631,Do Not Intervene,1641.9,USA,Houston,3.5
1,0.9159095031543448,Trigger Retention Campaign (15% Discount),568.98,France,Toulouse,1.2
0,0.3377960437707803,Trigger Retention Campaign (15% Discount),1189.5,USA,New York,0.7
0,0.11353831725590205,Do Not Intervene,1823.52,UK,Manchester,1.9
0,0.15135714537208,Do Not Intervene,3171.52,Australia,Brisbane,1.9
1,0.791234865232736,Trigger Retention Campaign (15% Discount),523.68,UK,Leeds,0.2
0,0.13531882597516026,Do Not Intervene,781.72,UK,Glasgow,2.8
0,0.09223659042539561,Do Not Intervene,1712.59,Canada,Ottawa,3.9
0,0.10565390847298586,Do Not Intervene,970.56,Australia,Perth,0.8
0,0.18564117861517584,Do Not Intervene,1853.38,India,Delhi,2.2
0,0.6648394786877254,Trigger Retention Campaign (15% Discount),853.08,India,Mumbai,1.1
0,0.08779982091204301,Do Not Intervene,981.15,USA,New York,4.0
0,0.11839044019212369,Do Not Intervene,3601.87,UK,London,5.8
0,0.17909732378777002,Do Not Intervene,4042.24,Australia,Brisbane,1.3
0,0.3992764064846567,Trigger Retention Campaign (15% Discount),498.78,UK,Birmingham,2.1
1,0.9175321625755651,Trigger Retention Campaign (15% Discount),602.09,USA,Los Angeles,0.9
0,0.09376619265157608,Do Not Intervene,1687.53,USA,New York,0.9
0,0.4274106083706856,Trigger Retention Campaign (15% Discount),1277.72,USA,Chicago,2.5
0,0.19784555221905228,Do Not Intervene,778.18,USA,Phoenix,8.9
1,0.9372006319614727,Trigger Retention Campaign (15% Discount),2122.99,USA,New York,5.4
0,0.19422816951917599,Do Not Intervene,1384.37,Canada,Montreal,2.5
1,0.4428001109342886,Trigger Retention Campaign (15% Discount),1357.64,India,Chennai,3.6
1,0.9207961908670448,Trigger Retention Campaign (15% Discount),3156.58,Japan,Osaka,5.8
0,0.11753984448811576,Do Not Intervene,1692.11,UK,Leeds,0.9
1,0.8521881685107143,Trigger Retention Campaign (15% Discount),653.65,France,Lyon,2.7
1,0.1653043213416463,Do Not Intervene,4391.82,USA,Los Angeles,3.1
0,0.2895865302570735,Trigger Retention Campaign (15% Discount),2042.5,USA,Houston,5.6
0,0.10406156412509902,Do Not Intervene,2027.69,USA,Los Angeles,2.5
1,0.41635273166446063,Trigger Retention Campaign (15% Discount),1461.09,USA,Houston,3.9
0,0.13532661029778548,Do Not Intervene,1968.0,USA,Houston,4.0
0,0.27064171390066694,Do Not Intervene,1051.75,UK,Glasgow,1.6
1,0.9066462043405694,Trigger Retention Campaign (15% Discount),305.88,Canada,Toronto,1.4
0,0.24409935602820348,Do Not Intervene,634.75,Australia,Adelaide,3.1
0,0.4320233847872913,Trigger Retention Campaign (15% Discount),1612.34,UK,Glasgow,3.7
0,0.08920231291233333,Do Not Intervene,3096.63,USA,Los Angeles,3.8
0,0.13327527325397415,Do Not Intervene,761.29,USA,Los Angeles,3.1
0,0.14370895444805523,Do Not Intervene,1707.18,UK,Birmingham,2.5
0,0.13866015671017778,Do Not Intervene,1074.01,Germany,Cologne,3.9
0,0.30456899693603157,Trigger Retention Campaign (15% Discount),1865.7,France,Toulouse,3.6
0,0.10851848893245376,Do Not Intervene,1628.55,USA,Phoenix,2.0
1,0.12376879568360545,Do Not Intervene,1478.94,USA,Chicago,0.6
0,0.21415566061331062,Do Not Intervene,3531.46,USA,Chicago,1.6
0,0.41604551660052314,Trigger Retention Campaign (15% Discount),241.32,Canada,Ottawa,2.7
0,0.11971432108361979,Do Not Intervene,1698.04,Canada,Vancouver,0.5
0,0.10521355889685252,Do Not Intervene,1595.6,UK,Manchester,0.7
1,0.8871536173619867,Trigger Retention Campaign (15% Discount),0.0,UK,Leeds,4.5
1,0.7992514373818196,Trigger Retention Campaign (15% Discount),786.66,Canada,Calgary,2.8
0,0.16716950667411376,Do Not Intervene,1421.89,UK,Glasgow,2.0
0,0.2768988760206041,Do Not Intervene,1045.44,India,Chennai,1.3
1,0.9925099006221678,Trigger Retention Campaign (15% Discount),224.21,USA,Los Angeles,2.0
0,0.22848397627193232,Do Not Intervene,1302.69,Australia,Adelaide,0.5
0,0.19177851113732497,Do Not Intervene,1397.75,USA,Phoenix,3.2
0,0.1549024029392927,Do Not Intervene,1323.87,Australia,Sydney,0.9
0,0.10381031479938725,Do Not Intervene,1370.95,Japan,Yokohama,2.8
0,0.13599333609127673,Do Not Intervene,2185.42,USA,Houston,3.8
0,0.09624816286032813,Do Not Intervene,992.28,USA,Houston,4.6
0,0.28774293445218435,Trigger Retention Campaign (15% Discount),3007.77,Australia,Melbourne,4.7
0,0.12970267210964426,Do Not Intervene,1101.08,Germany,Hamburg,0.7
0,0.09859704001504274,Do Not Intervene,1288.44,UK,Manchester,4.8
0,0.1809947377805271,Do Not Intervene,875.78,USA,Chicago,0.2782482551543165
0,0.18235829312174517,Do Not Intervene,1342.31,India,Bangalore,4.5
0,0.15703588573342597,Do Not Intervene,1411.11,USA,Los Angeles,1.5
1,0.7571241454336642,Trigger Retention Campaign (15% Discount),1908.66,Canada,Toronto,1.5
1,0.5859123531569252,Trigger Retention Campaign (15% Discount),466.3,France,Marseille,1.3
0,0.12197048701984718,Do Not Intervene,841.27,UK,London,3.5
0,0.17456630341070378,Do Not Intervene,1365.52,France,Lyon,2.6
1,0.6846381555745726,Trigger Retention Campaign (15% Discount),426.52,USA,Phoenix,2.7
1,0.9282833730682906,Trigger Retention Campaign (15% Discount),2205.83,Australia,Adelaide,2.5
1,0.7837765902112135,Trigger Retention Campaign (15% Discount),1263.84,Japan,Osaka,1.5
0,0.13907093687369587,Do Not Intervene,3138.96,USA,Houston,0.4
0,0.16878037817722924,Do Not Intervene,1831.55,India,Chennai,1.8
1,0.6352832875895763,Trigger Retention Campaign (15% Discount),1704.19,UK,Leeds,8.0
0,0.11627609484680847,Do Not Intervene,1241.29,USA,Houston,0.4
1,0.21907355041613674,Do Not Intervene,2082.95,Canada,Calgary,7.3
0,0.12639813738017913,Do Not Intervene,2112.5,USA,Phoenix,5.4
0,0.10771247221207852,Do Not Intervene,1753.11,USA,Houston,2.8
0,0.18703380165437863,Do Not Intervene,537.55,India,Hyderabad,2.9
0,0.12458248071082059,Do Not Intervene,3276.26,India,Chennai,2.1
0,0.11207850750042642,Do Not Intervene,1355.07,USA,New York,2.1
0,0.454857095510056,Trigger Retention Campaign (15% Discount),856.94,USA,Phoenix,1.0
1,0.1244324434059721,Do Not Intervene,1526.36,UK,Birmingham,1.2
1,0.8621405527704489,Trigger Retention Campaign (15% Discount),2163.19,Germany,Hamburg,3.4
0,0.11114913860578816,Do Not Intervene,3545.19,UK,London,4.3
0,0.17581267111760807,Do Not Intervene,1725.43,Canada,Montreal,3.6
1,0.6781703163777106,Trigger Retention Campaign (15% Discount),2694.63,USA,Phoenix,3.9
0,0.12364738128539644,Do Not Intervene,2250.32,UK,London,3.5
0,0.1300238113972474,Do Not Intervene,1279.81,USA,Houston,2.5
1,0.6646173366789934,Trigger Retention Campaign (15% Discount),425.31,UK,Leeds,4.4
0,0.08600253372867589,Do Not Intervene,982.57,USA,Houston,3.8
0,0.14381563394928992,Do Not Intervene,1521.03,Canada,Montreal,3.2
0,0.09980955369142086,Do Not Intervene,1547.88,Australia,Adelaide,1.4
0,0.16485925271194135,Do Not Intervene,1527.43,Canada,Vancouver,2.7
1,0.8028150136595766,Trigger Retention Campaign (15% Discount),477.61,France,Lyon,0.6
0,0.10888116711102297,Do Not Intervene,1853.57,USA,Houston,3.6
1,0.6312162401740281,Trigger Retention Campaign (15% Discount),415.46,Germany,Cologne,2.2
0,0.39578888834455966,Trigger Retention Campaign (15% Discount),1757.38,UK,Birmingham,2.5
0,0.11237086938059865,Do Not Intervene,984.3,Canada,Montreal,1.8
1,0.8751738739792551,Trigger Retention Campaign (15% Discount),1161.11,France,Toulouse,1.2
1,0.9036622829238868,Trigger Retention Campaign (15% Discount),2007.84,USA,Chicago,1.2
0,0.11291863813685256,Do Not Intervene,1069.47,Germany,Cologne,0.4
0,0.11671753895060277,Do Not Intervene,1234.61,Germany,Frankfurt,2.9
0,0.12873694610177794,Do Not Intervene,1860.52,USA,Houston,0.3099153991076888
1,0.4168549368451176,Trigger Retention Campaign (15% Discount),520.57,Canada,Montreal,1.2
1,0.18091614270887071,Do Not Intervene,1442.16,UK,London,0.9
0,0.29709779498910327,Trigger Retention Campaign (15% Discount),952.92,USA,Chicago,3.0
0,0.14883304506075062,Do Not Intervene,5206.84,Germany,Munich,1.7
1,0.9093390324273147,Trigger Retention Campaign (15% Discount),2398.0,USA,Chicago,0.3
0,0.45933323234387663,Trigger Retention Campaign (15% Discount),858.03,France,Paris,6.2
1,0.7472388489210791,Trigger Retention Campaign (15% Discount),2255.37,Japan,Osaka,2.3
1,0.9203691266242795,Trigger Retention Campaign (15% Discount),614.44,USA,New York,2.2
0,0.350947488852707,Trigger Retention Campaign (15% Discount),901.38,Canada,Ottawa,2.4
0,0.07686160550628561,Do Not Intervene,741.53,USA,Chicago,0.4
0,0.1890359730112515,Do Not Intervene,1736.23,USA,Houston,3.3
1,0.8354032283188236,Trigger Retention Campaign (15% Discount),383.9,Canada,Toronto,2.3
0,0.32098376236956405,Trigger Retention Campaign (15% Discount),1651.92,Australia,Perth,2.6
0,0.2862891343502744,Trigger Retention Campaign (15% Discount),590.4,India,Hyderabad,4.2
0,0.23778987135909316,Do Not Intervene,1702.16,USA,Chicago,1.9
0,0.15245362157059492,Do Not Intervene,1644.2,Australia,Adelaide,7.0
1,0.9528932925068265,Trigger Retention Campaign (15% Discount),2567.69,USA,Phoenix,3.1
1,0.5848570394395891,Trigger Retention Campaign (15% Discount),801.7,India,Delhi,2.6
0,0.21831245526601237,Do Not Intervene,4279.14,USA,Chicago,6.8
0,0.34531359754945773,Trigger Retention Campaign (15% Discount),1517.76,Japan,Yokohama,1.6
0,0.2452412575639935,Do Not Intervene,842.9,France,Toulouse,3.2
0,0.1414136696253214,Do Not Intervene,2167.4,India,Hyderabad,2.1
0,0.21208733825856194,Do Not Intervene,1305.3,France,Paris,4.5
0,0.24784028203549205,Do Not Intervene,881.35,USA,Chicago,1.9
0,0.0716558076920787,Do Not Intervene,892.86,India,Chennai,4.9
0,0.2624197380174264,Do Not Intervene,1314.75,Japan,Kyoto,1.6
1,0.7849048383563629,Trigger Retention Campaign (15% Discount),1881.4,Japan,Tokyo,4.6
0,0.1841410510998114,Do Not Intervene,857.63,Canada,Calgary,0.9
0,0.16322046475073648,Do Not Intervene,742.95,India,Chennai,1.4
0,0.41623412643015384,Trigger Retention Campaign (15% Discount),1867.55,USA,Houston,0.6
1,0.9491345532082052,Trigger Retention Campaign (15% Discount),2980.43,USA,Los Angeles,3.1
0,0.08520079990554746,Do Not Intervene,1034.3,France,Nice,2.3
1,0.6521516947534934,Trigger Retention Campaign (15% Discount),444.63,USA,New York,3.2
0,0.3351526637960615,Trigger Retention Campaign (15% Discount),1803.35,France,Toulouse,2.4
0,0.8873516653226285,Trigger Retention Campaign (15% Discount),807.98,USA,Chicago,3.0
0,0.11461163580165079,Do Not Intervene,773.91,Australia,Brisbane,5.1
1,0.7123223680255112,Trigger Retention Campaign (15% Discount),1119.64,USA,Los Angeles,9.8
1,0.8624897074378275,Trigger Retention Campaign (15% Discount),2724.36,USA,Houston,3.1
0,0.15082970795942088,Do Not Intervene,1245.17,Canada,Ottawa,0.8
0,0.13472339184093549,Do Not Intervene,2281.48,USA,Phoenix,0.8
0,0.25782967413209934,Do Not Intervene,920.08,Germany,Berlin,2.0
0,0.5587995787984568,Trigger Retention Campaign (15% Discount),327.71,India,Bangalore,1.3
0,0.09198587779922975,Do Not Intervene,1698.52,USA,Los Angeles,4.0
0,0.11787816065285808,Do Not Intervene,4564.59,Japan,Kyoto,6.8
0,0.2773515069850447,Do Not Intervene,1474.58,India,Mumbai,2.5
0,0.27757859211695096,Do Not Intervene,1998.51,UK,Leeds,1.1
1,0.948196147704258,Trigger Retention Campaign (15% Discount),2260.39,Australia,Adelaide,3.4
0,0.5092516992326617,Trigger Retention Campaign (15% Discount),842.04,India,Chennai,9.5
1,0.8920809241046981,Trigger Retention Campaign (15% Discount),2351.05,UK,Birmingham,2.7
0,0.22942805453311088,Do Not Intervene,464.61,Canada,Calgary,4.3
1,0.20678766640189872,Do Not Intervene,1626.03,Australia,Perth,1.8
0,0.12546749677718394,Do Not Intervene,954.92,Canada,Calgary,6.9
0,0.13435616688471133,Do Not Intervene,2136.04,UK,Birmingham,7.3
0,0.09629480958164292,Do Not Intervene,1116.87,Canada,Ottawa,3.6
1,0.2352817279774221,Do Not Intervene,1524.7,Germany,Hamburg,1.4
0,0.10361547253161735,Do Not Intervene,1282.37,USA,Los Angeles,9.3
0,0.7469926403202343,Trigger Retention Campaign (15% Discount),378.47,USA,Phoenix,0.4
0,0.3370085220949354,Trigger Retention Campaign (15% Discount),1256.52,Canada,Montreal,7.7
0,0.6724255088763155,Trigger Retention Campaign (15% Discount),194.64,Japan,Osaka,2.5
1,0.7187521984360771,Trigger Retention Campaign (15% Discount),2284.06,India,Hyderabad,1.8
1,0.8089602352102192,Trigger Retention Campaign (15% Discount),1877.28,USA,Houston,0.9
0,0.12700406882276263,Do Not Intervene,1383.36,Australia,Melbourne,0.4
0,0.11881405667260063,Do Not Intervene,3158.93,USA,Phoenix,2.5
1,0.6079845548070204,Trigger Retention Campaign (15% Discount),798.48,USA,Phoenix,10.0
0,0.32471017323457546,Trigger Retention Campaign (15% Discount),1290.03,France,Toulouse,2.4
0,0.08710208016505148,Do Not Intervene,1461.34,Australia,Sydney,1.3
0,0.16711069785053417,Do Not Intervene,1139.83,Australia,Sydney,2.8
0,0.14041825066697158,Do Not Intervene,1484.52,Canada,Vancouver,2.9
0,0.16546911213052348,Do Not Intervene,2638.4,UK,Birmingham,1.7
0,0.6062050139015158,Trigger Retention Campaign (15% Discount),768.14,USA,Houston,4.0
0,0.1251520378908496,Do Not Intervene,2366.81,Germany,Munich,1.8
0,0.2122873297323995,Do Not Intervene,2170.02,India,Hyderabad,3.4
1,0.6085665625999819,Trigger Retention Campaign (15% Discount),777.03,USA,New York,4.2
1,0.8761009878811845,Trigger Retention Campaign (15% Discount),1812.78,Germany,Munich,3.8
1,0.5900781622516343,Trigger Retention Campaign (15% Discount),567.16,UK,London,3.1
0,0.0985707021576538,Do Not Intervene,1851.86,USA,Houston,10.0
0,0.17880968252868512,Do Not Intervene,2502.36,USA,Houston,0.4385948152862808
0,0.1287020308078861,Do Not Intervene,2868.6,USA,Chicago,2.1
0,0.14717554485742348,Do Not Intervene,608.66,USA,Phoenix,1.8
1,0.9062667483686715,Trigger Retention Campaign (15% Discount),3886.94,Canada,Vancouver,2.5
0,0.3066392357843508,Trigger Retention Campaign (15% Discount),2230.28,Australia,Brisbane,5.7
1,0.699701752385413,Trigger Retention Campaign (15% Discount),698.54,Japan,Tokyo,7.9
0,0.26155513322665697,Do Not Intervene,611.14,Australia,Perth,5.4
1,0.12512465775202453,Do Not Intervene,2849.81,Germany,Munich,3.2
1,0.6171013732646969,Trigger Retention Campaign (15% Discount),1307.16,USA,Los Angeles,4.5
0,0.11164042073209092,Do Not Intervene,1433.04,Australia,Brisbane,1.8
1,0.55554721187807,Trigger Retention Campaign (15% Discount),1072.97,UK,London,4.8
0,0.09220222982628602,Do Not Intervene,2525.33,USA,Los Angeles,0.8
0,0.13390417243113625,Do Not Intervene,1545.31,USA,Phoenix,0.9
1,0.5419415649554955,Trigger Retention Campaign (15% Discount),532.32,UK,Manchester,1.5
0,0.2112359327953497,Do Not Intervene,2111.5,Australia,Brisbane,1.1
0,0.14095104760471275,Do Not Intervene,2533.69,USA,Phoenix,0.6
1,0.7631981982371541,Trigger Retention Campaign (15% Discount),442.38,Germany,Hamburg,9.2
0,0.15164594851904967,Do Not Intervene,2744.81,Germany,Munich,1.0
0,0.09897498641033015,Do Not Intervene,1336.4,USA,Phoenix,4.9
0,0.10971592408344018,Do Not Intervene,1437.02,France,Marseille,0.5
0,0.17703874711394108,Do Not Intervene,820.21,USA,Phoenix,0.5
0,0.2010047405984089,Do Not Intervene,1757.23,Australia,Brisbane,4.7
1,0.6566187864106336,Trigger Retention Campaign (15% Discount),1103.02,USA,Chicago,0.7
1,0.5315419517613112,Trigger Retention Campaign (15% Discount),1876.1,USA,Phoenix,1.5
0,0.1233529400410014,Do Not Intervene,2235.46,USA,Chicago,0.7
0,0.31852539895252346,Trigger Retention Campaign (15% Discount),1379.2,Germany,Munich,3.3
0,0.10182918140872069,Do Not Intervene,3199.58,USA,New York,2.8
0,0.4388569251701063,Trigger Retention Campaign (15% Discount),1171.85,Canada,Ottawa,2.7
1,0.874635157949415,Trigger Retention Campaign (15% Discount),621.73,Australia,Melbourne,1.0
1,0.5697879140827383,Trigger Retention Campaign (15% Discount),1076.71,Canada,Vancouver,3.0
1,0.87275841798894,Trigger Retention Campaign (15% Discount),2038.72,USA,Houston,1.8
0,0.07796871634517517,Do Not Intervene,1125.57,USA,Houston,1.6
0,0.12041283478360468,Do Not Intervene,2008.74,Germany,Hamburg,7.1
1,0.5531638144148043,Trigger Retention Campaign (15% Discount),248.35,UK,Leeds,2.3
0,0.1804686834877457,Do Not Intervene,3118.53,USA,Chicago,10.0
0,0.09003077755546464,Do Not Intervene,971.6,France,Nice,3.7
1,0.6124195823598464,Trigger Retention Campaign (15% Discount),419.07,Canada,Montreal,2.9
1,0.10142823207405868,Do Not Intervene,1042.95,France,Lyon,3.6
0,0.2909055516126389,Trigger Retention Campaign (15% Discount),2170.95,Germany,Berlin,4.4
0,0.12471747858369152,Do Not Intervene,1240.35,USA,Phoenix,4.4
0,0.17031932861877533,Do Not Intervene,3893.9,India,Delhi,4.4
1,0.45585669352527347,Trigger Retention Campaign (15% Discount),677.89,Germany,Hamburg,10.0
0,0.14254339829628346,Do Not Intervene,1607.61,USA,Los Angeles,3.4
1,0.26283003069531186,Do Not Intervene,2811.36,Germany,Hamburg,0.8
1,0.15992669972586035,Do Not Intervene,1653.43,Germany,Berlin,1.0
1,0.3072736369911617,Trigger Retention Campaign (15% Discount),1237.0,USA,New York,0.3
0,0.31708278403662254,Trigger Retention Campaign (15% Discount),502.85,India,Bangalore,1.7
1,0.7042915187024452,Trigger Retention Campaign (15% Discount),972.2,Canada,Vancouver,4.9
0,0.2219179939258054,Do Not Intervene,841.19,India,Chennai,1.7
1,0.1496376323966272,Do Not Intervene,1113.47,France,Paris,5.3
0,0.12067540573833928,Do Not Intervene,1029.31,USA,Phoenix,5.5
0,0.1952844995072929,Do Not Intervene,1521.88,USA,Chicago,2.0
0,0.7936415996766951,Trigger Retention Campaign (15% Discount),493.93,USA,Houston,1.4
1,0.9239266633227945,Trigger Retention Campaign (15% Discount),2011.98,Canada,Montreal,4.3
0,0.10393185683550739,Do Not Intervene,1500.8,UK,Manchester,6.2
0,0.2699893689940838,Do Not Intervene,2766.28,Japan,Kyoto,4.2
1,0.9055671142169559,Trigger Retention Campaign (15% Discount),2368.54,USA,Phoenix,0.7
0,0.08153249752641388,Do Not Intervene,1222.05,Australia,Adelaide,1.6
1,0.8440264811863365,Trigger Retention Campaign (15% Discount),1941.35,Canada,Calgary,1.3
1,0.851330155691809,Trigger Retention Campaign (15% Discount),1926.33,UK,London,1.5
0,0.1668892465483981,Do Not Intervene,432.26,UK,Leeds,3.1
0,0.18254558679836147,Do Not Intervene,2256.39,Canada,Montreal,7.8
0,0.14065449957753032,Do Not Intervene,858.36,UK,Glasgow,4.8
0,0.20649158014045577,Do Not Intervene,2421.21,USA,Chicago,3.5
0,0.1257748736888195,Do Not Intervene,1633.39,France,Marseille,6.1
0,0.141366304713879,Do Not Intervene,1003.44,Canada,Montreal,0.2
1,0.6715862070842971,Trigger Retention Campaign (15% Discount),310.89,Germany,Cologne,3.9
0,0.3803340771560883,Trigger Retention Campaign (15% Discount),363.71,Australia,Brisbane,1.4
0,0.1560447404096578,Do Not Intervene,2176.84,Japan,Tokyo,1.9
0,0.12781671879711567,Do Not Intervene,1365.21,India,Bangalore,3.0
0,0.4048166535410149,Trigger Retention Campaign (15% Discount),967.1,Germany,Hamburg,0.8
0,0.18071243195215508,Do Not Intervene,1589.61,Canada,Toronto,7.2
0,0.245342963369851,Do Not Intervene,587.99,USA,Phoenix,2.1
1,0.3007355358297563,Trigger Retention Campaign (15% Discount),497.19,UK,London,2.1
1,0.7255476276430659,Trigger Retention Campaign (15% Discount),1123.93,USA,Houston,2.8
0,0.09631466003070094,Do Not Intervene,1400.42,Australia,Adelaide,1.7
0,0.17460668470035265,Do Not Intervene,883.8,Germany,Munich,4.8
0,0.12706010301430976,Do Not Intervene,564.82,USA,New York,4.2
0,0.4704606606118411,Trigger Retention Campaign (15% Discount),1838.23,USA,Chicago,1.1
1,0.8065991289617743,Trigger Retention Campaign (15% Discount),2871.61,USA,Los Angeles,0.5
0,0.14750748182528167,Do Not Intervene,328.48,USA,Houston,4.5
0,0.1562188381362316,Do Not Intervene,1047.52,Germany,Berlin,4.0
0,0.22707423169061045,Do Not Intervene,1318.26,Australia,Brisbane,1.5
0,0.14251706400664982,Do Not Intervene,826.96,Japan,Osaka,5.9
0,0.21520002887930378,Do Not Intervene,1701.63,Germany,Frankfurt,1.6
1,0.8739359419243197,Trigger Retention Campaign (15% Discount),2334.26,India,Chennai,1.7
1,0.6418583245135433,Trigger Retention Campaign (15% Discount),688.5,France,Marseille,0.5
0,0.12349359663438637,Do Not Intervene,1280.74,USA,Houston,1.1
0,0.1397924846289153,Do Not Intervene,1949.19,India,Hyderabad,2.0
0,0.09968816224692224,Do Not Intervene,3393.03,UK,Birmingham,0.6
0,0.15980712798955218,Do Not Intervene,804.94,USA,Los Angeles,2.9
0,0.1472173824142918,Do Not Intervene,784.93,USA,New York,1.2
0,0.14615394434990994,Do Not Intervene,2450.74,USA,Phoenix,2.4
0,0.1191517709410415,Do Not Intervene,1533.36,USA,Chicago,10.0
0,0.4462134501154449,Trigger Retention Campaign (15% Discount),699.94,USA,New York,2.0
0,0.19914678981195535,Do Not Intervene,2005.56,Australia,Adelaide,5.3
1,0.6152975595827305,Trigger Retention Campaign (15% Discount),483.78,France,Nice,3.1
1,0.8818641802782338,Trigger Retention Campaign (15% Discount),714.38,France,Nice,3.1
0,0.12569922986781037,Do Not Intervene,1829.65,Australia,Adelaide,3.3
0,0.11288841474854831,Do Not Intervene,1124.65,Japan,Kyoto,4.6
0,0.14161611942091656,Do Not Intervene,874.76,Germany,Hamburg,2.9
1,0.13622876137603213,Do Not Intervene,1341.67,USA,New York,2.1
0,0.3147911445284663,Trigger Retention Campaign (15% Discount),273.08,India,Mumbai,2.1
0,0.09458479276280114,Do Not Intervene,761.07,Australia,Sydney,0.6
0,0.09697705510209681,Do Not Intervene,1147.57,Australia,Adelaide,0.9
1,0.11920327745075643,Do Not Intervene,952.67,UK,Manchester,1.3
0,0.10904561136372899,Do Not Intervene,1086.72,Germany,Berlin,1.2
0,0.42846102279953163,Trigger Retention Campaign (15% Discount),475.45,USA,Los Angeles,1.8
0,0.14151805952213542,Do Not Intervene,833.34,Japan,Tokyo,7.9
1,0.8443442931939863,Trigger Retention Campaign (15% Discount),1970.93,Germany,Munich,1.8
1,0.5288603210395353,Trigger Retention Campaign (15% Discount),1530.49,USA,Chicago,1.7
0,0.10606277783839194,Do Not Intervene,735.53,USA,New York,2.2
1,0.13819827138785987,Do Not Intervene,1746.91,UK,London,3.4
0,0.08540733706658735,Do Not Intervene,1559.19,USA,Chicago,2.7
1,0.8019329488788323,Trigger Retention Campaign (15% Discount),579.86,Australia,Sydney,1.6
0,0.12169656294923602,Do Not Intervene,1296.43,USA,Chicago,2.1
0,0.12439411064112799,Do Not Intervene,573.64,USA,Houston,1.8
0,0.1318723850203577,Do Not Intervene,1427.96,UK,London,2.0
0,0.4475888414650557,Trigger Retention Campaign (15% Discount),537.79,France,Paris,2.9
1,0.48228157039497005,Trigger Retention Campaign (15% Discount),815.11,USA,New York,2.4
0,0.09255205916777814,Do Not Intervene,683.53,USA,Los Angeles,3.3
0,0.102427127188764,Do Not Intervene,1752.8,UK,Birmingham,4.3
0,0.27728501865453337,Do Not Intervene,483.31,Germany,Munich,4.0
0,0.16614439418756333,Do Not Intervene,1038.46,France,Nice,2.1
1,0.8819366573984432,Trigger Retention Campaign (15% Discount),2297.62,Japan,Osaka,3.4
0,0.3223128302155551,Trigger Retention Campaign (15% Discount),567.46,USA,Chicago,3.6
0,0.165499990518138,Do Not Intervene,2227.33,USA,Chicago,2.1
0,0.2575985557597928,Do Not Intervene,1500.03,Japan,Kyoto,3.9
0,0.13805833190983438,Do Not Intervene,3033.07,Australia,Sydney,0.7
0,0.48956215998812774,Trigger Retention Campaign (15% Discount),1704.36,USA,Chicago,1.9
1,0.9105148341488989,Trigger Retention Campaign (15% Discount),3555.58,Canada,Vancouver,4.8
0,0.3693475255145328,Trigger Retention Campaign (15% Discount),1532.76,USA,New York,6.5
0,0.21102777655893512,Do Not Intervene,827.65,France,Lyon,2.8
1,0.37391027260547555,Trigger Retention Campaign (15% Discount),1017.99,USA,Phoenix,10.0
1,0.9395643381572765,Trigger Retention Campaign (15% Discount),2411.35,USA,Phoenix,4.1
0,0.20385650917454015,Do Not Intervene,736.59,Japan,Tokyo,3.9
0,0.10961210428517809,Do Not Intervene,1229.8,USA,New York,5.3
0,0.22963299687613592,Do Not Intervene,1373.55,USA,Houston,1.7
0,0.5045675493983959,Trigger Retention Campaign (15% Discount),323.23,Canada,Montreal,3.3
0,0.13075973559150747,Do Not Intervene,1555.39,USA,Los Angeles,4.4
0,0.1002055122868814,Do Not Intervene,1226.64,Canada,Vancouver,4.4
0,0.17815186824063417,Do Not Intervene,2739.95,Australia,Brisbane,1.7
0,0.5459218708964011,Trigger Retention Campaign (15% Discount),1183.4,India,Chennai,0.6
1,0.8666249658875624,Trigger Retention Campaign (15% Discount),2280.03,Canada,Vancouver,0.6
0,0.11233249974547005,Do Not Intervene,1420.57,Australia,Adelaide,2.6
1,0.8028462813634845,Trigger Retention Campaign (15% Discount),1203.36,USA,Los Angeles,1.6
0,0.18922095431388042,Do Not Intervene,2304.92,India,Chennai,1.2
0,0.21556886307640355,Do Not Intervene,3128.15,USA,Houston,2.7
0,0.262453768415025,Do Not Intervene,2401.64,UK,Glasgow,2.8
1,0.9507067237356692,Trigger Retention Campaign (15% Discount),5301.61,Canada,Ottawa,2.5
1,0.9516147815191671,Trigger Retention Campaign (15% Discount),2064.63,Canada,Ottawa,2.0
0,0.20289888516416638,Do Not Intervene,564.17,USA,Los Angeles,3.2
1,0.8243622529378287,Trigger Retention Campaign (15% Discount),1708.67,USA,Phoenix,6.0
0,0.19421809403346116,Do Not Intervene,1659.73,Canada,Montreal,2.0
0,0.1509547180910247,Do Not Intervene,2061.46,Canada,Ottawa,3.2
0,0.09173381505505623,Do Not Intervene,1398.61,Australia,Sydney,2.8
0,0.11621728040705127,Do Not Intervene,1463.61,Canada,Toronto,1.3
1,0.10697149562220785,Do Not Intervene,1024.51,UK,Glasgow,4.3
0,0.10014240990858463,Do Not Intervene,1620.16,USA,Chicago,1.0
1,0.7763130074103004,Trigger Retention Campaign (15% Discount),3451.08,USA,New York,1.5
0,0.2107047641002517,Do Not Intervene,1061.67,Canada,Calgary,2.4
0,0.22839681894792518,Do Not Intervene,1202.02,Canada,Ottawa,4.6
0,0.20556949827274615,Do Not Intervene,390.35,USA,Houston,3.0
0,0.12569054937576984,Do Not Intervene,1449.45,Australia,Sydney,3.9
0,0.1702548281636808,Do Not Intervene,1004.79,France,Toulouse,2.1
0,0.07093808545431522,Do Not Intervene,784.7,USA,Houston,2.7
1,0.7711203869070488,Trigger Retention Campaign (15% Discount),2139.82,USA,New York,2.0
0,0.4094680844820281,Trigger Retention Campaign (15% Discount),1105.98,UK,Glasgow,3.4
1,0.6775585520793105,Trigger Retention Campaign (15% Discount),1237.39,Canada,Vancouver,2.6
0,0.1600897607128865,Do Not Intervene,555.12,UK,Birmingham,7.0
1,0.5479867988055627,Trigger Retention Campaign (15% Discount),1529.53,Australia,Melbourne,2.0
0,0.11564610311005881,Do Not Intervene,1008.69,Canada,Ottawa,0.9
0,0.14067892647113778,Do Not Intervene,1655.44,USA,Phoenix,1.3
0,0.41315354804091803,Trigger Retention Campaign (15% Discount),1311.58,France,Toulouse,1.7
0,0.17862831790510683,Do Not Intervene,772.77,Germany,Hamburg,2.8
1,0.563712260669534,Trigger Retention Campaign (15% Discount),661.37,Germany,Berlin,4.3
1,0.6149863783269724,Trigger Retention Campaign (15% Discount),1216.04,Canada,Ottawa,1.0
0,0.10765023579231559,Do Not Intervene,1447.7,Germany,Berlin,3.3
1,0.9353677292027425,Trigger Retention Campaign (15% Discount),3543.99,Canada,Vancouver,1.5
1,0.7437937628220175,Trigger Retention Campaign (15% Discount),277.43,Australia,Melbourne,1.6
0,0.10972062746572636,Do Not Intervene,1063.53,USA,New York,3.0
0,0.10322705195572546,Do Not Intervene,1733.22,USA,Chicago,5.1
1,0.5830727480473026,Trigger Retention Campaign (15% Discount),193.04,USA,New York,2.2
0,0.13557549041871522,Do Not Intervene,3275.11,France,Marseille,1.7
0,0.09997778845797756,Do Not Intervene,655.77,India,Chennai,8.1
0,0.2630467586660083,Do Not Intervene,793.38,France,Lyon,3.0
0,0.11895492876329439,Do Not Intervene,1441.09,UK,Manchester,4.1
0,0.11892659990866968,Do Not Intervene,1162.35,Germany,Berlin,1.5
1,0.9313143023078968,Trigger Retention Campaign (15% Discount),4234.25,Canada,Ottawa,1.1
0,0.24044353993145312,Do Not Intervene,2006.26,UK,Glasgow,1.5
0,0.523857251254702,Trigger Retention Campaign (15% Discount),1116.97,USA,Los Angeles,2.7
0,0.25976478224202265,Do Not Intervene,814.93,USA,Houston,5.5
1,0.8725870842941846,Trigger Retention Campaign (15% Discount),752.76,USA,Phoenix,4.9
0,0.254033203039664,Do Not Intervene,673.51,Germany,Cologne,1.8
0,0.1048025835253258,Do Not Intervene,3078.8,Canada,Montreal,1.5
0,0.17858345063957226,Do Not Intervene,993.58,UK,London,5.6
0,0.12253884722400236,Do Not Intervene,3423.01,Germany,Munich,2.2
0,0.5519849822208639,Trigger Retention Campaign (15% Discount),738.71,France,Paris,3.5
1,0.7720158382836082,Trigger Retention Campaign (15% Discount),871.82,Japan,Yokohama,4.1
0,0.2676981927341666,Do Not Intervene,3781.43,India,Hyderabad,1.3
0,0.5998435063572295,Trigger Retention Campaign (15% Discount),1170.74,UK,London,3.0
1,0.9413175537751327,Trigger Retention Campaign (15% Discount),397.22,USA,Chicago,3.2
0,0.22599336000099945,Do Not Intervene,2379.78,Canada,Ottawa,7.8
0,0.1564299131248674,Do Not Intervene,2659.96,Canada,Ottawa,6.1
0,0.1253326709703188,Do Not Intervene,1462.15,Canada,Montreal,2.6
0,0.1727604739850615,Do Not Intervene,1588.68,France,Lyon,1.4
0,0.09134795237206647,Do Not Intervene,1031.16,Germany,Berlin,1.5
0,0.11885247508394597,Do Not Intervene,983.93,France,Toulouse,5.8
0,0.10577852951605232,Do Not Intervene,1163.54,Canada,Montreal,2.9
0,0.13523922517612502,Do Not Intervene,1925.9,USA,Phoenix,4.0
0,0.09453315319988852,Do Not Intervene,1008.7,UK,London,1.1
1,0.8902476425778034,Trigger Retention Campaign (15% Discount),358.07,Germany,Hamburg,1.3
1,0.7112739897400805,Trigger Retention Campaign (15% Discount),2062.55,Canada,Vancouver,5.6
0,0.10895242141635432,Do Not Intervene,1230.58,Japan,Yokohama,2.8
0,0.12351412489003782,Do Not Intervene,1215.06,UK,Leeds,0.7
1,0.7529248664763359,Trigger Retention Campaign (15% Discount),1098.77,France,Lyon,1.6
0,0.3797625400674698,Trigger Retention Campaign (15% Discount),575.65,France,Marseille,3.6
0,0.18553653920597413,Do Not Intervene,3300.26,Germany,Frankfurt,2.6
0,0.14832818687714433,Do Not Intervene,2486.58,USA,Chicago,0.1
0,0.3038265111461694,Trigger Retention Campaign (15% Discount),740.9,Australia,Adelaide,2.3
0,0.2257616419167624,Do Not Intervene,1076.86,USA,Phoenix,5.9
1,0.702005025408646,Trigger Retention Campaign (15% Discount),899.49,Canada,Ottawa,2.7
0,0.1781664193590057,Do Not Intervene,801.77,USA,Chicago,4.0
0,0.10836441425434158,Do Not Intervene,1501.03,India,Chennai,0.8
1,0.7905126348606437,Trigger Retention Campaign (15% Discount),293.99,Germany,Hamburg,1.9
0,0.18075188651518714,Do Not Intervene,514.12,USA,Houston,1.9
0,0.17759754607587047,Do Not Intervene,383.06,USA,New York,1.4
0,0.14916839421715086,Do Not Intervene,3551.35,France,Toulouse,1.1
1,0.16181535630255028,Do Not Intervene,566.75,USA,Los Angeles,3.5
0,0.13034338147272348,Do Not Intervene,2387.4,India,Mumbai,3.7
1,0.7990882517472011,Trigger Retention Campaign (15% Discount),2142.17,USA,Los Angeles,1.9
1,0.5242297360552005,Trigger Retention Campaign (15% Discount),661.42,UK,Glasgow,2.2
0,0.2104707267165675,Do Not Intervene,2211.07,Japan,Tokyo,1.4
0,0.0684995604581971,Do Not Intervene,882.75,Germany,Munich,4.1
1,0.7484781769581551,Trigger Retention Campaign (15% Discount),1520.9,USA,Chicago,0.8
0,0.0931082898030196,Do Not Intervene,1644.91,France,Lyon,1.3
0,0.14747911673590972,Do Not Intervene,4060.53,Canada,Montreal,2.3
0,0.22761138370044093,Do Not Intervene,1355.41,UK,Leeds,2.5
0,0.10515530386989845,Do Not Intervene,4029.45,Germany,Frankfurt,2.4
1,0.7984046798229997,Trigger Retention Campaign (15% Discount),878.95,France,Toulouse,2.0
1,0.7686771409088208,Trigger Retention Campaign (15% Discount),1869.92,USA,Phoenix,3.6
1,0.8084278417071981,Trigger Retention Campaign (15% Discount),1128.26,USA,Los Angeles,1.7
0,0.1358662351092471,Do Not Intervene,779.76,Australia,Perth,0.3
0,0.18829879790649365,Do Not Intervene,477.03,Japan,Osaka,1.7
0,0.07157520663679089,Do Not Intervene,1011.34,USA,Los Angeles,0.7
0,0.11784952461980595,Do Not Intervene,1377.18,India,Chennai,2.7
0,0.11546756158598859,Do Not Intervene,1117.3,Canada,Ottawa,0.2
1,0.8628966154495533,Trigger Retention Campaign (15% Discount),255.02,Australia,Sydney,0.7
1,0.7916136264985504,Trigger Retention Campaign (15% Discount),946.46,India,Chennai,3.9
0,0.12513407072570043,Do Not Intervene,1500.47,Japan,Osaka,1.5
0,0.1602350973939651,Do Not Intervene,1327.18,USA,Phoenix,1.2
1,0.8822326464867836,Trigger Retention Campaign (15% Discount),4539.3,India,Bangalore,1.5
0,0.09340987280971634,Do Not Intervene,1215.24,Australia,Perth,1.0
1,0.8661640460729381,Trigger Retention Campaign (15% Discount),2330.31,Australia,Melbourne,1.4
0,0.10893260158191033,Do Not Intervene,522.11,Canada,Calgary,1.7
0,0.26604817094941846,Do Not Intervene,767.02,UK,Birmingham,2.6
0,0.09608136316614449,Do Not Intervene,768.98,Germany,Berlin,2.9
0,0.11921047786722977,Do Not Intervene,3145.38,UK,Leeds,4.0
0,0.23562750043051042,Do Not Intervene,1880.1,India,Mumbai,6.3
1,0.7875169009230509,Trigger Retention Campaign (15% Discount),1657.97,Canada,Calgary,1.8
0,0.3839091449496614,Trigger Retention Campaign (15% Discount),365.98,USA,Phoenix,0.6
0,0.17773311333064087,Do Not Intervene,998.38,UK,Leeds,1.6
0,0.4085397793355925,Trigger Retention Campaign (15% Discount),742.85,France,Paris,2.5
1,0.5534409263299562,Trigger Retention Campaign (15% Discount),1319.97,India,Bangalore,1.2
0,0.14197178618917144,Do Not Intervene,1320.84,France,Lyon,8.7
0,0.09902311598161577,Do Not Intervene,1347.46,Canada,Vancouver,2.0
1,0.9171127481508414,Trigger Retention Campaign (15% Discount),2053.79,Germany,Frankfurt,2.6
0,0.2764732194914512,Do Not Intervene,526.38,Germany,Cologne,1.1
0,0.1466237193438901,Do Not Intervene,1513.14,Japan,Nagoya,10.0
0,0.09449833912887912,Do Not Intervene,1073.89,USA,New York,6.9
0,0.1465804186223637,Do Not Intervene,1773.04,India,Mumbai,7.0
0,0.10211370008486279,Do Not Intervene,627.66,India,Delhi,6.9
0,0.09187579496637102,Do Not Intervene,1649.62,Japan,Tokyo,4.4
0,0.19606707964169223,Do Not Intervene,2036.45,France,Toulouse,1.1
1,0.8541265985364943,Trigger Retention Campaign (15% Discount),2912.17,USA,Houston,5.3
1,0.7163934155123015,Trigger Retention Campaign (15% Discount),450.98,Canada,Toronto,3.1
1,0.9384446533134332,Trigger Retention Campaign (15% Discount),428.22,USA,New York,0.8
0,0.7886368621523205,Trigger Retention Campaign (15% Discount),930.26,Japan,Tokyo,2.0
0,0.17079566946340005,Do Not Intervene,2310.74,USA,Houston,0.2
0,0.12730177278032728,Do Not Intervene,1326.93,Canada,Toronto,1.0
1,0.42599964372866866,Trigger Retention Campaign (15% Discount),1636.13,Japan,Kyoto,4.7
0,0.20925535277228782,Do Not Intervene,1376.52,USA,Phoenix,2.6
1,0.6930290592930249,Trigger Retention Campaign (15% Discount),976.73,India,Chennai,0.9
1,0.6597121298478281,Trigger Retention Campaign (15% Discount),2945.56,Canada,Toronto,2.6
1,0.8255353772858615,Trigger Retention Campaign (15% Discount),328.81,India,Mumbai,4.8
1,0.8765933298456876,Trigger Retention Campaign (15% Discount),2087.52,Germany,Cologne,3.1
0,0.15666138137719499,Do Not Intervene,876.87,USA,Chicago,3.8
0,0.15136944630809,Do Not Intervene,902.28,India,Hyderabad,3.1
0,0.11400659462783366,Do Not Intervene,869.6,UK,Manchester,1.8
0,0.10772529010836575,Do Not Intervene,1346.44,Australia,Sydney,0.7
0,0.14264061480571624,Do Not Intervene,1559.21,UK,Birmingham,3.4
0,0.11471560882144917,Do Not Intervene,752.6,USA,Phoenix,2.4
0,0.5346603569037046,Trigger Retention Campaign (15% Discount),1077.19,Germany,Hamburg,2.4
0,0.08932665605882542,Do Not Intervene,1570.83,Japan,Osaka,2.0
0,0.35781844131706914,Trigger Retention Campaign (15% Discount),957.25,France,Nice,5.5
0,0.13189321091779196,Do Not Intervene,1133.34,India,Hyderabad,10.0
0,0.11216187198521341,Do Not Intervene,1393.26,UK,Glasgow,3.6
0,0.09832685985335654,Do Not Intervene,1817.94,USA,New York,2.7
0,0.08043980764000225,Do Not Intervene,1694.95,UK,Leeds,1.5
1,0.1290176361358617,Do Not Intervene,1258.64,Australia,Brisbane,8.3
1,0.9523783107650045,Trigger Retention Campaign (15% Discount),3879.1,UK,Birmingham,5.4
0,0.08337086865281292,Do Not Intervene,1218.82,Germany,Cologne,10.0
1,0.8425123405239744,Trigger Retention Campaign (15% Discount),2181.94,USA,Los Angeles,4.4
0,0.14556323565582957,Do Not Intervene,1010.19,USA,Houston,0.7
0,0.14055466272849806,Do Not Intervene,2673.27,India,Hyderabad,1.7
0,0.4804921992201039,Trigger Retention Campaign (15% Discount),591.17,Canada,Ottawa,1.3
0,0.12123705110806102,Do Not Intervene,1551.6,USA,Phoenix,4.2
0,0.1146523872868703,Do Not Intervene,1311.48,USA,Los Angeles,0.5
0,0.1499708104693487,Do Not Intervene,3209.68,USA,Los Angeles,3.6
0,0.13204853376896716,Do Not Intervene,557.32,India,Bangalore,1.8
0,0.09336751573925277,Do Not Intervene,1655.43,Germany,Frankfurt,5.7
0,0.7646388318041264,Trigger Retention Campaign (15% Discount),433.48,India,Bangalore,1.6
0,0.3868153107236628,Trigger Retention Campaign (15% Discount),837.87,USA,Phoenix,2.6
0,0.5224273207390652,Trigger Retention Campaign (15% Discount),844.61,France,Nice,4.4
0,0.0947328214470404,Do Not Intervene,750.39,India,Mumbai,1.0
0,0.07405632802662616,Do Not Intervene,654.51,USA,Phoenix,5.4
0,0.34531331898383627,Trigger Retention Campaign (15% Discount),765.07,USA,Phoenix,3.1
0,0.16894939091794417,Do Not Intervene,2583.73,Germany,Cologne,1.2
0,0.13342332151955635,Do Not Intervene,1657.85,USA,Houston,5.0
1,0.9098189820841036,Trigger Retention Campaign (15% Discount),2170.71,UK,Leeds,2.8
0,0.1187549991313401,Do Not Intervene,2485.59,USA,Chicago,4.3
1,0.9102689661188218,Trigger Retention Campaign (15% Discount),4177.69,Canada,Montreal,8.1
1,0.7377075475967654,Trigger Retention Campaign (15% Discount),648.08,USA,Los Angeles,0.9
0,0.39031303417781643,Trigger Retention Campaign (15% Discount),962.02,USA,Houston,3.3
0,0.12247129249254413,Do Not Intervene,1137.56,UK,Birmingham,1.3
0,0.1411771220178457,Do Not Intervene,1325.94,UK,Leeds,0.9
0,0.1269016312680127,Do Not Intervene,3233.77,USA,Houston,1.3
0,0.19659509289760077,Do Not Intervene,1928.8,USA,Chicago,4.2
1,0.6945779354510586,Trigger Retention Campaign (15% Discount),1875.85,Canada,Vancouver,2.6
0,0.15111444924499112,Do Not Intervene,2937.09,France,Marseille,4.5
1,0.11101917320874084,Do Not Intervene,1150.46,Canada,Vancouver,8.0
0,0.13023149831018613,Do Not Intervene,1419.59,USA,Houston,5.1
1,0.9487417785069384,Trigger Retention Campaign (15% Discount),1964.66,USA,Chicago,1.8
1,0.8891962171924651,Trigger Retention Campaign (15% Discount),3627.08,France,Paris,5.5
0,0.13419330601159596,Do Not Intervene,1192.38,India,Bangalore,2.0
1,0.4884608824219799,Trigger Retention Campaign (15% Discount),1720.0,USA,New York,3.8
0,0.3624551459574212,Trigger Retention Campaign (15% Discount),1519.63,Canada,Vancouver,1.4
0,0.33464628710172867,Trigger Retention Campaign (15% Discount),1094.91,Australia,Brisbane,3.8
1,0.9562300660965619,Trigger Retention Campaign (15% Discount),2425.97,Japan,Nagoya,7.2
0,0.11858585131418152,Do Not Intervene,1013.04,France,Toulouse,0.2
0,0.11370644419269399,Do Not Intervene,758.99,USA,Chicago,1.3
0,0.19246967852933117,Do Not Intervene,2069.56,USA,Los Angeles,0.3
0,0.36404756021431295,Trigger Retention Campaign (15% Discount),525.06,Germany,Hamburg,4.6
0,0.09287356292669845,Do Not Intervene,774.54,USA,Phoenix,4.4
1,0.7667127608169407,Trigger Retention Campaign (15% Discount),556.13,France,Paris,5.9
0,0.11938353917104554,Do Not Intervene,1033.04,USA,New York,1.1
1,0.698955899784498,Trigger Retention Campaign (15% Discount),500.98,Australia,Sydney,10.0
0,0.2690216446527835,Do Not Intervene,2516.85,UK,Leeds,1.3
0,0.13324534729170648,Do Not Intervene,2695.35,UK,Leeds,2.3
1,0.8948474600284689,Trigger Retention Campaign (15% Discount),2344.6,Australia,Melbourne,0.8
0,0.10197922582913316,Do Not Intervene,1701.84,Australia,Perth,9.5
1,0.6179270091718033,Trigger Retention Campaign (15% Discount),609.24,UK,Glasgow,1.0
1,0.3523144688264888,Trigger Retention Campaign (15% Discount),1060.42,USA,Houston,2.0
0,0.20960958948746705,Do Not Intervene,1585.69,Japan,Osaka,10.0
0,0.0856113473103819,Do Not Intervene,731.42,Germany,Cologne,1.3
0,0.17215658996879296,Do Not Intervene,2031.38,USA,Los Angeles,1.5
0,0.3121519774524075,Trigger Retention Campaign (15% Discount),1150.66,USA,Phoenix,2.2
0,0.19525905166326538,Do Not Intervene,771.38,Canada,Calgary,3.0
1,0.6600266844135229,Trigger Retention Campaign (15% Discount),1640.96,USA,Houston,4.3
0,0.3516863175708128,Trigger Retention Campaign (15% Discount),992.64,USA,New York,5.9
0,0.08459346754862518,Do Not Intervene,915.22,USA,Chicago,7.8
0,0.12405577395174046,Do Not Intervene,1286.53,Germany,Cologne,10.0
0,0.16164435251252443,Do Not Intervene,2795.68,India,Delhi,2.0
0,0.08732947375165999,Do Not Intervene,623.48,France,Nice,6.0
0,0.15839888756081724,Do Not Intervene,1953.22,UK,Birmingham,1.8
0,0.32388676586657233,Trigger Retention Campaign (15% Discount),1692.61,France,Lyon,0.2
0,0.14999989120761853,Do Not Intervene,1292.82,Canada,Vancouver,7.3
0,0.25540387225824046,Do Not Intervene,1751.22,Canada,Vancouver,4.8
0,0.31995234526363153,Trigger Retention Campaign (15% Discount),858.03,USA,Phoenix,2.6
1,0.8776549341576905,Trigger Retention Campaign (15% Discount),313.1,USA,Chicago,2.4
0,0.09965125825660358,Do Not Intervene,1560.99,Australia,Adelaide,2.0
1,0.46383860149271156,Trigger Retention Campaign (15% Discount),214.6,Canada,Calgary,1.1
0,0.1704335244559661,Do Not Intervene,3527.44,USA,Houston,4.2
0,0.16645414618040064,Do Not Intervene,1553.33,USA,New York,2.7
1,0.8915607932745202,Trigger Retention Campaign (15% Discount),1492.29,USA,Houston,0.9
1,0.4236829517459463,Trigger Retention Campaign (15% Discount),1262.47,India,Chennai,1.0
1,0.1710796949400445,Do Not Intervene,1300.51,Australia,Adelaide,3.8
0,0.09718708670284089,Do Not Intervene,1216.6,USA,Los Angeles,3.7
0,0.18953142828856134,Do Not Intervene,1295.22,UK,Glasgow,3.3
1,0.11720498253007998,Do Not Intervene,1219.82,UK,Manchester,0.8
0,0.15199639674950818,Do Not Intervene,3155.11,Germany,Berlin,3.4
0,0.10964302974665172,Do Not Intervene,1032.7,Germany,Hamburg,2.6
0,0.16846020754788238,Do Not Intervene,1039.45,UK,London,0.3
0,0.11918849074158047,Do Not Intervene,626.87,India,Delhi,2.6
0,0.20034737145062068,Do Not Intervene,1883.28,Australia,Melbourne,1.2
0,0.17841579137729405,Do Not Intervene,1019.35,India,Chennai,4.0
0,0.07987368652533273,Do Not Intervene,781.4,USA,Phoenix,4.5
0,0.13082686007248284,Do Not Intervene,3339.86,Germany,Hamburg,4.1
1,0.9500238259208958,Trigger Retention Campaign (15% Discount),2225.86,USA,Houston,4.2
1,0.9199330815614505,Trigger Retention Campaign (15% Discount),1034.4,UK,Manchester,2.6
0,0.4558465394045321,Trigger Retention Campaign (15% Discount),1149.16,USA,Houston,5.1
0,0.10568084926920594,Do Not Intervene,2050.86,Canada,Toronto,4.3
1,0.7470070086479006,Trigger Retention Campaign (15% Discount),2020.4,Japan,Nagoya,1.1
0,0.21068927890666714,Do Not Intervene,1710.8,UK,Leeds,0.8
0,0.11622166100608179,Do Not Intervene,1961.15,India,Hyderabad,1.3
0,0.10325213856025117,Do Not Intervene,1233.37,USA,Los Angeles,3.3
0,0.11100605359902013,Do Not Intervene,847.36,France,Nice,9.7
1,0.47814382928258786,Trigger Retention Campaign (15% Discount),370.23,Germany,Munich,4.2
1,0.6705919799818189,Trigger Retention Campaign (15% Discount),365.62,India,Hyderabad,0.8
1,0.6497641858351864,Trigger Retention Campaign (15% Discount),1047.23,USA,Los Angeles,4.3
0,0.09854748123550876,Do Not Intervene,1295.6,UK,Manchester,0.4
0,0.13104328754855615,Do Not Intervene,1386.62,Japan,Osaka,5.8
0,0.4389960523909931,Trigger Retention Campaign (15% Discount),569.94,Australia,Perth,0.1
0,0.23847915520423843,Do Not Intervene,744.97,Australia,Perth,5.3
0,0.22548530623733748,Do Not Intervene,591.55,USA,Houston,2.0
0,0.2758671685670299,Do Not Intervene,1813.83,Japan,Kyoto,5.7
0,0.09717174134549968,Do Not Intervene,970.92,USA,Los Angeles,2.9
1,0.580170577698613,Trigger Retention Campaign (15% Discount),1011.0,USA,Chicago,1.1
0,0.30026870855371945,Trigger Retention Campaign (15% Discount),1446.56,UK,Manchester,1.0
0,0.1361662473838314,Do Not Intervene,824.08,USA,Houston,0.4
1,0.3143456593455574,Trigger Retention Campaign (15% Discount),1649.98,Canada,Calgary,0.4
1,0.9263611367105237,Trigger Retention Campaign (15% Discount),2092.57,UK,London,2.6
1,0.4950742237452965,Trigger Retention Campaign (15% Discount),1253.49,Germany,Berlin,3.6
0,0.10552676650515172,Do Not Intervene,1209.16,USA,Chicago,0.3
1,0.17478998770156098,Do Not Intervene,1264.72,India,Mumbai,2.6
0,0.7887227924822597,Trigger Retention Campaign (15% Discount),285.94,Germany,Cologne,3.5
1,0.6629663625156708,Trigger Retention Campaign (15% Discount),584.21,UK,London,5.0
0,0.3369838818041504,Trigger Retention Campaign (15% Discount),301.78,USA,New York,1.6
0,0.14798391547170564,Do Not Intervene,4032.51,India,Delhi,8.0
0,0.15003814230143545,Do Not Intervene,1140.69,USA,New York,2.2
1,0.8075442164698073,Trigger Retention Campaign (15% Discount),2155.02,France,Toulouse,2.2
0,0.12101025811813022,Do Not Intervene,1029.67,USA,Los Angeles,1.6
0,0.22394825903688179,Do Not Intervene,1823.59,USA,New York,1.3
0,0.5922137575824125,Trigger Retention Campaign (15% Discount),656.88,India,Chennai,0.5
0,0.18429059295206035,Do Not Intervene,596.26,Canada,Vancouver,5.8
1,0.9157084792883403,Trigger Retention Campaign (15% Discount),576.01,USA,Houston,1.3
0,0.16534209303372685,Do Not Intervene,2295.71,India,Mumbai,2.2
1,0.6920976386012656,Trigger Retention Campaign (15% Discount),1032.22,Germany,Cologne,5.5
0,0.26959864686602775,Do Not Intervene,761.05,USA,Phoenix,2.9
0,0.0814670535584379,Do Not Intervene,751.45,Japan,Nagoya,1.9
1,0.813399270029747,Trigger Retention Campaign (15% Discount),2098.0,USA,Houston,4.5
0,0.10227307037147236,Do Not Intervene,955.61,USA,Chicago,2.0
0,0.2616371990565593,Do Not Intervene,1726.86,Germany,Frankfurt,4.5
1,0.5884605174341797,Trigger Retention Campaign (15% Discount),1153.15,USA,New York,1.0
0,0.3333970777759174,Trigger Retention Campaign (15% Discount),1206.94,USA,Chicago,4.5
0,0.2716553111215861,Do Not Intervene,1272.3,Germany,Cologne,4.0
0,0.2955706988422771,Trigger Retention Campaign (15% Discount),1084.55,France,Marseille,4.1
1,0.8363954813377138,Trigger Retention Campaign (15% Discount),791.83,UK,Birmingham,1.7
0,0.2260682733009491,Do Not Intervene,2890.4,USA,Houston,0.8
0,0.11798507250524061,Do Not Intervene,1175.83,UK,London,1.9
0,0.13372634178937928,Do Not Intervene,1092.97,Canada,Vancouver,2.7
0,0.30246438960302013,Trigger Retention Campaign (15% Discount),1215.07,USA,Los Angeles,3.7
0,0.13771423182803383,Do Not Intervene,1877.61,USA,Phoenix,3.3
0,0.1994812447025497,Do Not Intervene,1122.95,Canada,Vancouver,7.7
0,0.11004934892227922,Do Not Intervene,1105.33,USA,Houston,3.5
1,0.07854836498130435,Do Not Intervene,1777.47,Canada,Vancouver,1.3
0,0.227997281653413,Do Not Intervene,1428.68,UK,Manchester,3.2
0,0.09184234199830725,Do Not Intervene,934.06,USA,Los Angeles,0.2
0,0.2481744986317021,Do Not Intervene,543.48,UK,Birmingham,2.4
1,0.13241977907634012,Do Not Intervene,2271.71,USA,Houston,2.3
0,0.3926861690856277,Trigger Retention Campaign (15% Discount),616.18,Canada,Vancouver,6.5
0,0.15562830323293358,Do Not Intervene,699.47,USA,Phoenix,1.7
0,0.10464605972481106,Do Not Intervene,1585.62,France,Paris,0.8
0,0.11156746493917052,Do Not Intervene,980.22,USA,New York,7.9
0,0.16058682499064886,Do Not Intervene,926.78,UK,London,3.2
0,0.11509643499077271,Do Not Intervene,546.91,Canada,Montreal,3.8
1,0.16212585666971757,Do Not Intervene,1385.63,USA,Chicago,1.7
0,0.12289712988095511,Do Not Intervene,3801.12,UK,Leeds,2.9
0,0.13507176078782968,Do Not Intervene,1202.72,USA,Houston,1.1
0,0.16632872557050915,Do Not Intervene,1107.78,Germany,Munich,5.3
0,0.1023693744537071,Do Not Intervene,1674.26,USA,Los Angeles,1.9
1,0.24232375931687306,Do Not Intervene,981.04,Canada,Calgary,5.4
1,0.8599359351194679,Trigger Retention Campaign (15% Discount),2134.16,USA,Houston,5.3
0,0.11335916968605432,Do Not Intervene,1639.51,UK,Glasgow,6.7
0,0.13353805575022423,Do Not Intervene,2492.87,Canada,Ottawa,2.8
1,0.5611199024388601,Trigger Retention Campaign (15% Discount),903.43,UK,London,1.1
0,0.18639783480781008,Do Not Intervene,912.95,USA,Houston,0.8
0,0.14912261985527675,Do Not Intervene,1296.06,USA,Houston,0.7
0,0.23675309558163637,Do Not Intervene,1693.96,USA,Phoenix,0.9
0,0.11515216474890813,Do Not Intervene,1544.48,Japan,Osaka,3.0
0,0.14571420585076517,Do Not Intervene,1135.56,Japan,Tokyo,2.1
0,0.180899661079065,Do Not Intervene,2210.92,Australia,Melbourne,3.8
0,0.14025573086866766,Do Not Intervene,1110.42,Canada,Vancouver,0.4
1,0.8043358135990907,Trigger Retention Campaign (15% Discount),483.59,USA,Chicago,3.1
1,0.8350871835501679,Trigger Retention Campaign (15% Discount),1912.68,UK,Birmingham,0.8
0,0.09293864720846001,Do Not Intervene,1018.26,UK,Glasgow,1.7
0,0.47934852630464947,Trigger Retention Campaign (15% Discount),955.82,Australia,Adelaide,1.3
0,0.10979812835005376,Do Not Intervene,1271.77,Germany,Munich,2.9
0,0.14696339801507685,Do Not Intervene,1518.81,USA,New York,7.3
0,0.19862129051711555,Do Not Intervene,2336.29,USA,Houston,2.9
0,0.1322197544725941,Do Not Intervene,654.18,France,Nice,9.6
0,0.15871709262701716,Do Not Intervene,984.85,USA,New York,1.4
0,0.10331407485549601,Do Not Intervene,1213.44,Canada,Vancouver,4.1
0,0.1665568823159005,Do Not Intervene,1133.12,UK,London,3.4
0,0.3615295510806916,Trigger Retention Campaign (15% Discount),769.39,Germany,Cologne,5.5
0,0.19206262201620233,Do Not Intervene,4329.47,Australia,Sydney,4.6
0,0.6518185710916212,Trigger Retention Campaign (15% Discount),2636.87,Germany,Berlin,1.5
0,0.09213762786503192,Do Not Intervene,892.85,France,Toulouse,1.5
0,0.10047839150083476,Do Not Intervene,1539.95,France,Marseille,1.3
0,0.0804814255108146,Do Not Intervene,784.65,India,Mumbai,3.9
1,0.8671615343629133,Trigger Retention Campaign (15% Discount),1905.52,USA,Phoenix,2.1
0,0.3638867414159537,Trigger Retention Campaign (15% Discount),1402.49,Canada,Calgary,3.7
1,0.7058837900309873,Trigger Retention Campaign (15% Discount),557.35,UK,London,5.0
0,0.10750063352734561,Do Not Intervene,1296.07,Canada,Toronto,2.8
1,0.7953283975969075,Trigger Retention Campaign (15% Discount),2791.96,Japan,Nagoya,2.0
0,0.11805728082263844,Do Not Intervene,1500.35,Canada,Ottawa,0.5
1,0.12402963511429112,Do Not Intervene,956.57,USA,New York,1.5
0,0.19839740487994767,Do Not Intervene,787.04,UK,London,1.5
1,0.9064492390773817,Trigger Retention Campaign (15% Discount),2370.5,France,Lyon,2.0
0,0.3411162313443858,Trigger Retention Campaign (15% Discount),1506.99,India,Chennai,4.2
1,0.7612263314815424,Trigger Retention Campaign (15% Discount),656.35,France,Toulouse,2.3
0,0.30011976402410995,Trigger Retention Campaign (15% Discount),6223.37,Germany,Berlin,0.3
0,0.173593349389349,Do Not Intervene,392.13,Germany,Frankfurt,0.5
0,0.17269303527573565,Do Not Intervene,2099.18,Germany,Berlin,6.7
0,0.10470542300914351,Do Not Intervene,1885.16,Japan,Nagoya,2.2
0,0.1610881440145172,Do Not Intervene,2322.0,UK,Birmingham,9.7
0,0.1724929547989041,Do Not Intervene,2789.9,USA,Chicago,4.8
1,0.9547956475707869,Trigger Retention Campaign (15% Discount),3645.49,Germany,Berlin,0.8
0,0.10550563587423514,Do Not Intervene,1647.2,Canada,Ottawa,2.2
1,0.8459440711171746,Trigger Retention Campaign (15% Discount),2040.11,Germany,Hamburg,2.0
0,0.11534743144375645,Do Not Intervene,3123.02,USA,Phoenix,6.5
0,0.1266030318226272,Do Not Intervene,1373.76,USA,Chicago,0.5
0,0.17787412580999987,Do Not Intervene,3005.28,France,Marseille,3.6
0,0.14914504141599733,Do Not Intervene,1422.37,Germany,Berlin,1.0
0,0.3783829249391127,Trigger Retention Campaign (15% Discount),1580.75,Canada,Toronto,0.9
0,0.1523750508635918,Do Not Intervene,2698.74,Australia,Brisbane,5.5
0,0.10602196407599389,Do Not Intervene,1146.13,Australia,Brisbane,5.6
1,0.7637733654757963,Trigger Retention Campaign (15% Discount),532.84,Canada,Calgary,1.6
1,0.5960504906853431,Trigger Retention Campaign (15% Discount),935.32,Germany,Hamburg,0.7
1,0.9177704546102745,Trigger Retention Campaign (15% Discount),2577.53,USA,Houston,0.6
0,0.4564571427272643,Trigger Retention Campaign (15% Discount),734.16,France,Lyon,3.7
0,0.12504784830318058,Do Not Intervene,1205.17,UK,London,3.5
1,0.9018911969790178,Trigger Retention Campaign (15% Discount),1961.22,France,Marseille,2.5
0,0.23203828742726948,Do Not Intervene,1404.72,Germany,Berlin,3.0
0,0.10869264558931507,Do Not Intervene,1139.95,USA,Chicago,2.3
1,0.8473426878853131,Trigger Retention Campaign (15% Discount),273.45,USA,New York,0.4
1,0.43479153263654785,Trigger Retention Campaign (15% Discount),872.28,India,Delhi,2.3
0,0.11129863519519537,Do Not Intervene,733.48,USA,New York,2.4
0,0.1060598626113083,Do Not Intervene,1134.04,USA,Houston,5.0
1,0.13197982945732037,Do Not Intervene,864.69,USA,New York,3.7
1,0.5687643683316181,Trigger Retention Campaign (15% Discount),401.8,France,Toulouse,4.4
1,0.6027507701509425,Trigger Retention Campaign (15% Discount),1318.11,USA,Houston,0.4
1,0.8852184781859307,Trigger Retention Campaign (15% Discount),4751.02,Canada,Vancouver,6.8
0,0.11948181629858165,Do Not Intervene,1937.05,Canada,Calgary,1.1
0,0.17780372743773995,Do Not Intervene,2275.26,Germany,Frankfurt,1.6
0,0.28063978542769347,Trigger Retention Campaign (15% Discount),1750.08,France,Paris,6.0
1,0.9273099926218843,Trigger Retention Campaign (15% Discount),152.34,Canada,Montreal,1.6
0,0.12150535899428887,Do Not Intervene,1242.98,India,Bangalore,2.3
0,0.17730661398476857,Do Not Intervene,1655.13,UK,London,2.6
0,0.1689905518724694,Do Not Intervene,1150.53,USA,Los Angeles,2.0
0,0.08359915746039272,Do Not Intervene,1302.33,USA,Los Angeles,1.4
0,0.11625244536534658,Do Not Intervene,1096.97,Canada,Calgary,6.0
1,0.322966309228768,Trigger Retention Campaign (15% Discount),885.39,Germany,Cologne,1.1
0,0.1505859622126462,Do Not Intervene,875.96,Germany,Hamburg,1.8
0,0.10027566982201805,Do Not Intervene,1101.19,UK,Leeds,1.5
0,0.15961767609384434,Do Not Intervene,1177.95,USA,New York,0.2
0,0.2182845128208051,Do Not Intervene,1171.29,Canada,Ottawa,0.8
1,0.6073750699771971,Trigger Retention Campaign (15% Discount),691.44,USA,Phoenix,2.7
0,0.10659267375566933,Do Not Intervene,1185.98,Canada,Calgary,3.5
0,0.24842403236846175,Do Not Intervene,2434.79,Canada,Ottawa,2.7
1,0.1442355678170913,Do Not Intervene,1478.31,France,Lyon,5.4
0,0.19762822815107106,Do Not Intervene,1041.7,USA,Houston,2.0
0,0.12556232940798448,Do Not Intervene,2777.38,Australia,Perth,3.6
0,0.09418466258370536,Do Not Intervene,1376.15,USA,New York,2.5
0,0.22354722193960022,Do Not Intervene,1748.31,USA,New York,5.1
0,0.17448004447485524,Do Not Intervene,591.78,India,Mumbai,1.0
0,0.17604642720266914,Do Not Intervene,1262.75,UK,Glasgow,3.5
0,0.4979153347451398,Trigger Retention Campaign (15% Discount),1155.1,India,Chennai,3.2
1,0.15188141223892052,Do Not Intervene,1386.05,UK,Glasgow,2.9
0,0.09859400833334632,Do Not Intervene,924.45,USA,Los Angeles,3.7
1,0.6698298257068006,Trigger Retention Campaign (15% Discount),140.62,France,Paris,4.4
0,0.1949500648606729,Do Not Intervene,1520.88,Japan,Osaka,2.0
0,0.10108280045703016,Do Not Intervene,1071.67,France,Lyon,4.0
0,0.17379972242555364,Do Not Intervene,1405.12,Germany,Munich,1.4
0,0.10623280274787313,Do Not Intervene,2977.75,USA,Los Angeles,3.5
0,0.11936375631656126,Do Not Intervene,1127.75,USA,Phoenix,3.5
0,0.20446832845488583,Do Not Intervene,1734.25,USA,New York,4.0
0,0.13043011958925269,Do Not Intervene,2730.13,USA,Los Angeles,6.0
0,0.15629967034574901,Do Not Intervene,1911.94,France,Paris,3.4
1,0.9305015146694512,Trigger Retention Campaign (15% Discount),2327.16,Germany,Hamburg,3.1
0,0.1380720022645588,Do Not Intervene,1125.39,Japan,Nagoya,1.9
0,0.22990711126398541,Do Not Intervene,371.8,UK,London,1.3
0,0.165195100808252,Do Not Intervene,1361.29,France,Lyon,8.3
0,0.1660853906959469,Do Not Intervene,1921.79,USA,Phoenix,1.5
1,0.7112479421784184,Trigger Retention Campaign (15% Discount),1507.11,India,Mumbai,1.1
1,0.16362828914965818,Do Not Intervene,586.04,USA,Los Angeles,1.4
0,0.21176249447896076,Do Not Intervene,1231.41,USA,Houston,0.7
0,0.2378559265685082,Do Not Intervene,1525.36,USA,Houston,7.5
0,0.13985793083662745,Do Not Intervene,1539.05,Japan,Osaka,3.8
0,0.34649154032214724,Trigger Retention Campaign (15% Discount),996.21,USA,Los Angeles,3.4
0,0.11907743753604258,Do Not Intervene,2019.11,Canada,Vancouver,5.5
0,0.14421171153291865,Do Not Intervene,3314.96,USA,Los Angeles,2.1
0,0.3644041151193809,Trigger Retention Campaign (15% Discount),478.57,Canada,Montreal,2.1
0,0.3784993145303123,Trigger Retention Campaign (15% Discount),2636.04,UK,Manchester,1.9
0,0.1427802398352442,Do Not Intervene,1267.01,France,Nice,2.3
0,0.13236278467921805,Do Not Intervene,2514.76,USA,Chicago,9.8
0,0.15373047575356574,Do Not Intervene,827.48,Germany,Munich,2.6
0,0.1844477550884448,Do Not Intervene,2177.53,Germany,Hamburg,3.2
0,0.11924998467903881,Do Not Intervene,1171.58,USA,Phoenix,2.3
0,0.6171563613276979,Trigger Retention Campaign (15% Discount),549.8,USA,Los Angeles,2.5
0,0.12847668560109268,Do Not Intervene,3676.86,USA,Houston,1.1
1,0.7117046006188211,Trigger Retention Campaign (15% Discount),812.74,UK,Leeds,1.5
0,0.15461981352838522,Do Not Intervene,832.02,France,Nice,0.5
0,0.08743839602593738,Do Not Intervene,1699.98,USA,New York,3.0
1,0.8617464539614978,Trigger Retention Campaign (15% Discount),2412.76,Germany,Frankfurt,4.2
0,0.1345469054637521,Do Not Intervene,3134.69,USA,New York,0.8
0,0.10908380892049588,Do Not Intervene,794.87,Germany,Cologne,3.3
0,0.15682553961285822,Do Not Intervene,1714.44,Australia,Perth,2.7
0,0.3729107536433037,Trigger Retention Campaign (15% Discount),918.25,Canada,Vancouver,1.2
0,0.3360718133636509,Trigger Retention Campaign (15% Discount),1842.7,Canada,Vancouver,10.0
1,0.7605464898594481,Trigger Retention Campaign (15% Discount),1487.55,Australia,Adelaide,1.9
1,0.6112689750033179,Trigger Retention Campaign (15% Discount),770.1,USA,Phoenix,2.1
0,0.31961293176038347,Trigger Retention Campaign (15% Discount),1178.89,Canada,Calgary,2.5
1,0.902173755075963,Trigger Retention Campaign (15% Discount),1057.27,USA,Houston,3.2
0,0.2691531838015788,Do Not Intervene,597.58,USA,Phoenix,1.8
0,0.10419635154918166,Do Not Intervene,634.73,USA,Chicago,4.5
0,0.12868938469225247,Do Not Intervene,1135.56,USA,Chicago,0.3
1,0.7616377852230002,Trigger Retention Campaign (15% Discount),1096.79,France,Nice,1.3
0,0.4912468608411803,Trigger Retention Campaign (15% Discount),683.19,Germany,Munich,4.4
0,0.16163738627153024,Do Not Intervene,1504.36,France,Paris,3.1
0,0.2775236189934434,Do Not Intervene,1176.28,Japan,Tokyo,10.0
1,0.432118984493129,Trigger Retention Campaign (15% Discount),853.36,Canada,Montreal,4.0
0,0.12996325828765506,Do Not Intervene,632.88,India,Delhi,3.8
0,0.18127500306309868,Do Not Intervene,2727.09,Germany,Hamburg,3.1
0,0.33674684039527086,Trigger Retention Campaign (15% Discount),991.77,UK,Glasgow,2.2
0,0.091759850078268,Do Not Intervene,1441.01,USA,Chicago,4.0
0,0.1872878623716475,Do Not Intervene,866.75,Australia,Adelaide,2.3
0,0.16627075240650624,Do Not Intervene,934.12,Germany,Cologne,3.0
1,0.5052719887865296,Trigger Retention Campaign (15% Discount),498.3,USA,Phoenix,2.7
0,0.19788185012608506,Do Not Intervene,851.98,Australia,Brisbane,3.8
0,0.15036253155344373,Do Not Intervene,2091.59,Australia,Sydney,6.3
0,0.12536496928716473,Do Not Intervene,1130.25,USA,New York,2.2
1,0.9107508272096113,Trigger Retention Campaign (15% Discount),2116.78,Japan,Osaka,3.4
0,0.11762001671685558,Do Not Intervene,1585.14,USA,Los Angeles,2.2
0,0.49818809926373675,Trigger Retention Campaign (15% Discount),248.77,Germany,Munich,2.7
1,0.273485502234236,Do Not Intervene,1485.4,India,Chennai,4.0
0,0.1689246512005891,Do Not Intervene,1833.21,Canada,Montreal,0.1
0,0.10304435074006305,Do Not Intervene,1376.98,Germany,Munich,2.2
0,0.14825235454907087,Do Not Intervene,1510.5,USA,Phoenix,8.8
0,0.09496197319425534,Do Not Intervene,1149.38,UK,Manchester,1.3
0,0.21794015124905972,Do Not Intervene,2066.55,USA,Phoenix,2.0
0,0.08328041560291824,Do Not Intervene,774.13,USA,New York,2.9
0,0.15793155481188145,Do Not Intervene,1863.26,USA,Phoenix,4.0
0,0.2664509176148202,Do Not Intervene,821.39,India,Chennai,0.4
1,0.6584041214485622,Trigger Retention Campaign (15% Discount),1085.14,USA,Chicago,2.7
0,0.1531015841153903,Do Not Intervene,2010.92,Australia,Adelaide,2.6
1,0.8936096770611421,Trigger Retention Campaign (15% Discount),411.34,USA,Houston,3.3
0,0.18264994240187718,Do Not Intervene,1096.11,Germany,Frankfurt,2.8
0,0.09286819248189027,Do Not Intervene,1827.18,UK,Glasgow,0.8
1,0.17858048978249064,Do Not Intervene,1967.55,Germany,Cologne,1.2
1,0.8627492993654146,Trigger Retention Campaign (15% Discount),1201.48,USA,Chicago,2.5
0,0.24025636166023606,Do Not Intervene,815.59,UK,Glasgow,3.2
1,0.27054347943655,Do Not Intervene,561.49,India,Delhi,1.2
0,0.28229028474051426,Trigger Retention Campaign (15% Discount),660.04,UK,Manchester,1.6
1,0.679713202392795,Trigger Retention Campaign (15% Discount),2490.95,Germany,Hamburg,0.4
0,0.5020657192612136,Trigger Retention Campaign (15% Discount),689.61,USA,New York,2.2
0,0.1332939211348627,Do Not Intervene,2477.38,Canada,Montreal,1.4
0,0.16126091155629527,Do Not Intervene,1929.7,USA,Chicago,3.3
1,0.14573792952253276,Do Not Intervene,2225.36,UK,Manchester,2.6
1,0.4651350675355988,Trigger Retention Campaign (15% Discount),1222.24,UK,Birmingham,0.7
0,0.12403891477013752,Do Not Intervene,1079.37,Canada,Toronto,1.4
1,0.7084063595770071,Trigger Retention Campaign (15% Discount),1103.46,USA,Los Angeles,5.9
1,0.9441624215873418,Trigger Retention Campaign (15% Discount),2862.06,UK,Glasgow,1.2
1,0.8245282615913756,Trigger Retention Campaign (15% Discount),2172.84,India,Chennai,2.9
0,0.1555323186733712,Do Not Intervene,746.91,USA,New York,2.4
0,0.4518665562718598,Trigger Retention Campaign (15% Discount),876.05,USA,New York,4.9
0,0.09188093981184499,Do Not Intervene,957.38,UK,Birmingham,1.1
0,0.18838758049436558,Do Not Intervene,1024.9,Canada,Vancouver,1.2
1,0.6559462863306306,Trigger Retention Campaign (15% Discount),293.69,Canada,Vancouver,1.9
0,0.11569878670461203,Do Not Intervene,4153.66,UK,Glasgow,3.5
1,0.0872359209288219,Do Not Intervene,924.18,Australia,Melbourne,1.2
1,0.8141748579098427,Trigger Retention Campaign (15% Discount),237.66,India,Mumbai,2.0
1,0.16513996154051633,Do Not Intervene,2304.74,Canada,Montreal,1.1
1,0.8975342258017291,Trigger Retention Campaign (15% Discount),3752.31,Japan,Osaka,0.4
1,0.8314094581757847,Trigger Retention Campaign (15% Discount),1991.86,UK,Birmingham,1.7
1,0.5571890136351961,Trigger Retention Campaign (15% Discount),594.97,Australia,Brisbane,1.6
0,0.39784269189867744,Trigger Retention Campaign (15% Discount),1316.86,India,Bangalore,1.7
1,0.8915337245521112,Trigger Retention Campaign (15% Discount),1612.21,UK,Leeds,2.5
0,0.17546149114857632,Do Not Intervene,3798.34,USA,New York,1.5
0,0.12284767173099696,Do Not Intervene,1542.35,USA,New York,0.2
1,0.7493771440520041,Trigger Retention Campaign (15% Discount),1162.76,UK,London,5.4
1,0.8629849294069181,Trigger Retention Campaign (15% Discount),424.61,Germany,Frankfurt,2.5
1,0.6578961740499335,Trigger Retention Campaign (15% Discount),981.94,Germany,Hamburg,0.6
0,0.10867699798651093,Do Not Intervene,1725.13,USA,Phoenix,1.9
1,0.3390693131738828,Trigger Retention Campaign (15% Discount),469.12,France,Marseille,2.9
1,0.803721156678602,Trigger Retention Campaign (15% Discount),419.78,Australia,Sydney,2.4
0,0.15422736744229684,Do Not Intervene,1281.81,USA,Chicago,3.0
0,0.2802982191631358,Trigger Retention Campaign (15% Discount),1273.42,France,Paris,2.8
1,0.8177100147625294,Trigger Retention Campaign (15% Discount),383.1,Germany,Cologne,1.8
1,0.732523543745364,Trigger Retention Campaign (15% Discount),2169.43,Canada,Montreal,9.4
0,0.12338651812036129,Do Not Intervene,3505.6,France,Marseille,1.7
0,0.24311306718921927,Do Not Intervene,469.11,Australia,Sydney,1.3
1,0.7805383629775388,Trigger Retention Campaign (15% Discount),1018.19,USA,Los Angeles,3.8
1,0.5990494041366154,Trigger Retention Campaign (15% Discount),349.41,Canada,Vancouver,2.3
0,0.17316758718895955,Do Not Intervene,3166.34,USA,Phoenix,1.2
0,0.14013590591574965,Do Not Intervene,2024.08,Australia,Sydney,3.9
0,0.30182588945744976,Trigger Retention Campaign (15% Discount),1810.42,UK,Manchester,4.7
1,0.4362553021947604,Trigger Retention Campaign (15% Discount),861.13,Canada,Montreal,1.8
0,0.2669672143341664,Do Not Intervene,834.72,France,Paris,5.3
0,0.22234543442645444,Do Not Intervene,885.66,Australia,Sydney,1.5
0,0.15608652537446294,Do Not Intervene,1385.07,India,Mumbai,2.1
0,0.09117354598944674,Do Not Intervene,1846.93,USA,Chicago,0.3
0,0.09795198140647829,Do Not Intervene,1608.05,USA,Chicago,2.2
0,0.12911442750900093,Do Not Intervene,2263.7,USA,Phoenix,2.4
1,0.7135672962177994,Trigger Retention Campaign (15% Discount),416.27,USA,Chicago,2.6
0,0.3021752001416855,Trigger Retention Campaign (15% Discount),1650.33,India,Chennai,0.2
0,0.297577224762473,Trigger Retention Campaign (15% Discount),1617.51,USA,Phoenix,2.0
0,0.31946000125677043,Trigger Retention Campaign (15% Discount),999.26,Australia,Sydney,4.1
0,0.2386158819462637,Do Not Intervene,1340.83,Canada,Calgary,10.0
1,0.5913605834942,Trigger Retention Campaign (15% Discount),1221.37,Australia,Adelaide,0.6
0,0.11028277076264423,Do Not Intervene,1649.47,USA,Chicago,1.6
0,0.153942930841187,Do Not Intervene,1768.57,France,Marseille,0.9
0,0.21344462012133517,Do Not Intervene,2039.2,Canada,Vancouver,2.7
1,0.7518843616069987,Trigger Retention Campaign (15% Discount),2139.52,Canada,Toronto,0.8
1,0.6784597973389898,Trigger Retention Campaign (15% Discount),946.94,USA,Phoenix,4.5
0,0.5045487840212957,Trigger Retention Campaign (15% Discount),941.68,USA,Chicago,0.6
1,0.633070035461688,Trigger Retention Campaign (15% Discount),433.88,USA,Houston,1.9
1,0.7058495895304039,Trigger Retention Campaign (15% Discount),1659.04,USA,Houston,1.7
1,0.7775875988897875,Trigger Retention Campaign (15% Discount),760.09,USA,Chicago,3.9
0,0.08462542547116143,Do Not Intervene,938.0,USA,New York,2.2
0,0.07744406905529189,Do Not Intervene,828.07,USA,Chicago,2.2
0,0.4426199629899264,Trigger Retention Campaign (15% Discount),1375.93,UK,Glasgow,3.7
0,0.1386178638472058,Do Not Intervene,2393.88,Australia,Sydney,0.9
0,0.12711877364713442,Do Not Intervene,1893.84,Germany,Munich,1.1
0,0.12392251300007942,Do Not Intervene,5026.76,UK,Glasgow,3.5
0,0.17842909862346626,Do Not Intervene,1042.05,UK,Birmingham,2.5
0,0.43314395392984645,Trigger Retention Campaign (15% Discount),814.3,UK,London,5.0
0,0.26316488199706667,Do Not Intervene,772.13,USA,Los Angeles,1.5
0,0.4448682734345425,Trigger Retention Campaign (15% Discount),1820.43,Germany,Berlin,1.6
1,0.08397587836905208,Do Not Intervene,1295.04,USA,New York,2.3
1,0.8913044087135253,Trigger Retention Campaign (15% Discount),744.4,USA,New York,2.6
1,0.7286433512153276,Trigger Retention Campaign (15% Discount),1029.37,Germany,Berlin,4.1
0,0.20917228467659885,Do Not Intervene,1361.8,France,Nice,0.4
0,0.1336973852188908,Do Not Intervene,2151.19,Germany,Hamburg,1.2
0,0.14049871392725632,Do Not Intervene,2698.93,Germany,Berlin,1.0
0,0.14370916534724051,Do Not Intervene,481.09,Australia,Adelaide,2.2
0,0.23940747554538544,Do Not Intervene,2588.82,Canada,Ottawa,2.4
0,0.12182237614098243,Do Not Intervene,813.92,Germany,Berlin,2.4
1,0.46796405385414164,Trigger Retention Campaign (15% Discount),1737.74,UK,London,1.7
0,0.3138271357120825,Trigger Retention Campaign (15% Discount),776.39,USA,Houston,1.9
1,0.7822228606924359,Trigger Retention Campaign (15% Discount),1075.33,USA,Phoenix,2.9
0,0.10659275134558052,Do Not Intervene,983.95,India,Chennai,4.5
0,0.154181128180379,Do Not Intervene,2290.66,Australia,Melbourne,2.7
0,0.12575614909134009,Do Not Intervene,1078.72,USA,New York,2.4
0,0.12360322144742891,Do Not Intervene,1028.88,USA,Houston,8.3
0,0.10964606774688893,Do Not Intervene,1058.18,Australia,Adelaide,2.4
0,0.2741929150166901,Do Not Intervene,1939.0,Germany,Frankfurt,2.5
1,0.8340183628659972,Trigger Retention Campaign (15% Discount),2039.91,USA,New York,0.7
0,0.1075847068444004,Do Not Intervene,2346.4,USA,New York,3.8
0,0.34995999936619787,Trigger Retention Campaign (15% Discount),640.92,UK,Manchester,0.4
0,0.5312790964155033,Trigger Retention Campaign (15% Discount),1474.63,USA,Chicago,0.8
0,0.11293478233574236,Do Not Intervene,576.91,India,Chennai,1.7
1,0.7473870427629941,Trigger Retention Campaign (15% Discount),694.27,Canada,Montreal,0.1
0,0.1830969695062003,Do Not Intervene,1370.72,USA,New York,0.6
0,0.12601783399611416,Do Not Intervene,3599.94,Canada,Vancouver,2.2
1,0.9049612299204187,Trigger Retention Campaign (15% Discount),3031.2,USA,New York,2.6
0,0.15315912775394247,Do Not Intervene,1335.06,USA,Chicago,4.2
1,0.11211724626269451,Do Not Intervene,1751.78,India,Hyderabad,2.6
0,0.10764462593576773,Do Not Intervene,1347.37,UK,Leeds,2.1
0,0.13490417225132578,Do Not Intervene,2975.12,India,Chennai,3.5
0,0.20223489725358493,Do Not Intervene,1458.36,UK,Manchester,1.9
0,0.10711543328636008,Do Not Intervene,1009.3,Australia,Brisbane,7.5
1,0.784259084639178,Trigger Retention Campaign (15% Discount),346.06,Canada,Vancouver,3.3
0,0.25216713338940944,Do Not Intervene,873.57,Germany,Munich,3.5
0,0.10807271021669505,Do Not Intervene,645.62,India,Mumbai,1.9
0,0.10053615638096579,Do Not Intervene,3601.4,France,Marseille,1.2
0,0.25045295374675103,Do Not Intervene,313.61,India,Delhi,5.4
0,0.12482596272770947,Do Not Intervene,1133.78,Canada,Toronto,3.0
0,0.1392306631136043,Do Not Intervene,1212.82,Japan,Kyoto,4.1
0,0.19684008671260045,Do Not Intervene,1020.95,USA,Chicago,2.3
0,0.1467038072246046,Do Not Intervene,1968.69,Australia,Sydney,1.2
1,0.8398111855808206,Trigger Retention Campaign (15% Discount),197.93,UK,London,2.6
0,0.13477412229003416,Do Not Intervene,4203.04,Australia,Sydney,0.7
0,0.0656440858151437,Do Not Intervene,1024.83,USA,Los Angeles,1.6
0,0.282720356357005,Trigger Retention Campaign (15% Discount),1222.25,USA,Los Angeles,0.1751998869535666
0,0.1466549180349601,Do Not Intervene,1526.42,Australia,Sydney,1.3
0,0.8127857962673051,Trigger Retention Campaign (15% Discount),470.55,Germany,Munich,2.9
0,0.09320194844335397,Do Not Intervene,1084.91,UK,Birmingham,0.6
0,0.1416474875207691,Do Not Intervene,991.13,UK,London,2.0
0,0.08647341979043553,Do Not Intervene,1215.0,USA,Houston,1.6
0,0.09542240506948856,Do Not Intervene,1576.44,USA,Phoenix,2.5
0,0.19148130381810824,Do Not Intervene,1600.41,Canada,Vancouver,2.1
0,0.17824200818626726,Do Not Intervene,807.24,UK,Manchester,0.6
0,0.1244674956275091,Do Not Intervene,770.04,Germany,Berlin,2.8
0,0.2767613737583675,Do Not Intervene,963.42,Japan,Osaka,2.1
1,0.7726212772277121,Trigger Retention Campaign (15% Discount),2607.07,Germany,Hamburg,1.0
1,0.5068938572461197,Trigger Retention Campaign (15% Discount),526.75,UK,Birmingham,2.4
0,0.29729259470991903,Trigger Retention Campaign (15% Discount),1257.39,France,Lyon,2.8
1,0.8970704823782865,Trigger Retention Campaign (15% Discount),1910.38,Australia,Brisbane,2.6
0,0.13896942744478746,Do Not Intervene,2307.41,India,Bangalore,0.7
0,0.1294805391562509,Do Not Intervene,887.43,Canada,Toronto,4.3
0,0.2059843454530855,Do Not Intervene,760.91,USA,New York,4.1
1,0.8493879009297614,Trigger Retention Campaign (15% Discount),143.96,UK,London,6.1
0,0.09289197396698151,Do Not Intervene,678.87,UK,Manchester,1.4
0,0.14308124617704288,Do Not Intervene,1358.93,USA,New York,1.8
0,0.13221644798309157,Do Not Intervene,4233.78,USA,Phoenix,0.7
0,0.12542292448783313,Do Not Intervene,5361.73,Canada,Calgary,1.1
0,0.19859853791362927,Do Not Intervene,1396.23,USA,New York,6.5
0,0.33709383075065674,Trigger Retention Campaign (15% Discount),502.06,France,Nice,1.6
0,0.16663163209539483,Do Not Intervene,3781.45,USA,Chicago,3.1
1,0.8739970377977978,Trigger Retention Campaign (15% Discount),2432.35,UK,Manchester,2.7
0,0.17151449317861103,Do Not Intervene,1503.56,Australia,Melbourne,4.1
1,0.8244906753497958,Trigger Retention Campaign (15% Discount),301.06,USA,Houston,5.0
0,0.1225036975763659,Do Not Intervene,1656.34,Germany,Frankfurt,0.3
0,0.10459065602135559,Do Not Intervene,1301.24,USA,Chicago,3.3
1,0.8933334410648109,Trigger Retention Campaign (15% Discount),2247.65,USA,Houston,4.7
1,0.7171203243728084,Trigger Retention Campaign (15% Discount),446.57,UK,Manchester,4.6
0,0.20295715164961659,Do Not Intervene,499.25,USA,New York,9.1
0,0.22315745604761938,Do Not Intervene,1295.61,Canada,Montreal,0.6
0,0.6135565278424342,Trigger Retention Campaign (15% Discount),302.62,Japan,Tokyo,2.8
0,0.12653091529102894,Do Not Intervene,1168.2,USA,Phoenix,0.6
1,0.6828280316413256,Trigger Retention Campaign (15% Discount),323.12,India,Mumbai,1.8
1,0.8982035841609367,Trigger Retention Campaign (15% Discount),2145.62,UK,Glasgow,0.4
0,0.2596279064444647,Do Not Intervene,1333.97,USA,Phoenix,4.2
1,0.5323974042153907,Trigger Retention Campaign (15% Discount),1494.59,Australia,Perth,2.6
0,0.12314942507911536,Do Not Intervene,1615.18,USA,Los Angeles,1.1
0,0.12051895458240683,Do Not Intervene,1143.7,UK,Leeds,2.2
0,0.3278203030239004,Trigger Retention Campaign (15% Discount),1921.23,USA,New York,0.8
0,0.36899095646961527,Trigger Retention Campaign (15% Discount),607.8,USA,Chicago,4.5
0,0.10661709398513747,Do Not Intervene,1740.16,USA,New York,3.5
0,0.13872342125208742,Do Not Intervene,736.89,India,Mumbai,3.1
1,0.7878119596760407,Trigger Retention Campaign (15% Discount),1681.07,Australia,Perth,1.3
0,0.11293280804620842,Do Not Intervene,799.21,Canada,Ottawa,0.9
1,0.5982453923467342,Trigger Retention Campaign (15% Discount),544.51,Germany,Hamburg,2.3
0,0.398349969522341,Trigger Retention Campaign (15% Discount),724.56,UK,Glasgow,1.3
0,0.23291971964624347,Do Not Intervene,2076.72,USA,Los Angeles,5.8
0,0.09567475838466358,Do Not Intervene,1397.65,UK,Glasgow,2.0
1,0.8942891031482381,Trigger Retention Campaign (15% Discount),2016.06,USA,Chicago,1.0
0,0.10829872694642484,Do Not Intervene,2653.37,UK,Leeds,0.5
0,0.14859109512442165,Do Not Intervene,1788.35,India,Hyderabad,2.2
1,0.8012820449811858,Trigger Retention Campaign (15% Discount),775.12,Japan,Nagoya,1.8
1,0.8484545775751218,Trigger Retention Campaign (15% Discount),2091.21,France,Toulouse,1.0
0,0.09260279853625956,Do Not Intervene,1585.83,USA,New York,4.8
1,0.9602425331920537,Trigger Retention Campaign (15% Discount),2982.32,Australia,Sydney,0.8
0,0.15203892483899414,Do Not Intervene,1586.25,USA,New York,6.6
1,0.7679487137930144,Trigger Retention Campaign (15% Discount),2703.69,France,Paris,3.6
0,0.24902742986809387,Do Not Intervene,428.69,USA,New York,1.2
0,0.07872513156265262,Do Not Intervene,920.47,Japan,Kyoto,3.6
0,0.10515571537494596,Do Not Intervene,1486.29,USA,Chicago,6.1
0,0.12384470285518794,Do Not Intervene,1618.53,UK,Glasgow,2.0
0,0.10877745210951323,Do Not Intervene,1067.15,UK,Manchester,2.4
0,0.14073345187002395,Do Not Intervene,1085.26,Canada,Vancouver,0.6
0,0.11167807604055804,Do Not Intervene,5824.62,UK,Glasgow,1.5
0,0.12241068328833304,Do Not Intervene,855.54,Germany,Cologne,5.8
1,0.8201451564740614,Trigger Retention Campaign (15% Discount),506.34,Canada,Montreal,3.2
0,0.3524270522046299,Trigger Retention Campaign (15% Discount),752.79,Canada,Calgary,4.5
0,0.1480095252223417,Do Not Intervene,1169.32,USA,Los Angeles,1.2
0,0.2259029318942996,Do Not Intervene,1009.44,UK,Birmingham,4.4
0,0.11428963931957484,Do Not Intervene,1148.85,USA,Phoenix,1.4
0,0.17052108515886735,Do Not Intervene,1634.19,Australia,Adelaide,6.8
0,0.16292027592695882,Do Not Intervene,1953.27,UK,Manchester,5.2
0,0.1069500773746692,Do Not Intervene,2392.67,Germany,Hamburg,1.8
0,0.24919872187459471,Do Not Intervene,1816.52,UK,London,1.2
1,0.09620143261531493,Do Not Intervene,868.86,USA,Phoenix,2.3
0,0.20781761157857515,Do Not Intervene,917.61,USA,Houston,1.9
0,0.12629042269710436,Do Not Intervene,773.23,Germany,Munich,6.0
0,0.3424108147414913,Trigger Retention Campaign (15% Discount),438.16,USA,Chicago,1.3
1,0.8247675707343254,Trigger Retention Campaign (15% Discount),2106.05,USA,Phoenix,2.5
1,0.690043219016617,Trigger Retention Campaign (15% Discount),1762.11,Australia,Perth,2.9
0,0.0966706164140975,Do Not Intervene,932.79,Canada,Vancouver,0.2
0,0.11292960816537959,Do Not Intervene,1161.06,Canada,Montreal,1.2
0,0.16396267254005464,Do Not Intervene,1286.57,India,Bangalore,2.7
0,0.3313332665348135,Trigger Retention Campaign (15% Discount),722.59,UK,London,1.7
0,0.11151246703208983,Do Not Intervene,2075.92,Canada,Calgary,0.5
1,0.31627587327483175,Trigger Retention Campaign (15% Discount),780.75,USA,Los Angeles,5.3
0,0.18375936391861075,Do Not Intervene,1686.64,Canada,Toronto,5.7
0,0.07839322055331731,Do Not Intervene,1311.97,USA,Phoenix,1.3
0,0.08818937629028772,Do Not Intervene,3324.56,USA,Houston,1.1
0,0.17161452840129307,Do Not Intervene,1293.16,UK,Birmingham,6.7
1,0.2454697567255309,Do Not Intervene,991.67,France,Paris,7.5
0,0.1245533436471817,Do Not Intervene,943.8,USA,Los Angeles,4.7
1,0.883187157520338,Trigger Retention Campaign (15% Discount),2399.47,UK,Glasgow,1.7
0,0.1358093701960749,Do Not Intervene,2608.63,UK,London,0.3
0,0.17714403573552753,Do Not Intervene,2096.22,USA,Chicago,1.8
0,0.23522882233643438,Do Not Intervene,519.58,USA,Houston,0.6
1,0.8189692840944829,Trigger Retention Campaign (15% Discount),917.47,USA,Phoenix,1.6
0,0.07637029733928079,Do Not Intervene,1494.24,USA,New York,2.4
0,0.10875769935914731,Do Not Intervene,2901.27,Canada,Montreal,4.1
0,0.13178280868864084,Do Not Intervene,2175.51,USA,Phoenix,2.1
1,0.8909116430347216,Trigger Retention Campaign (15% Discount),1920.29,Canada,Calgary,5.1
1,0.12992478426491796,Do Not Intervene,1751.79,Canada,Calgary,1.8
0,0.35591879992868236,Trigger Retention Campaign (15% Discount),159.24,USA,Phoenix,2.9
0,0.28036838127431707,Trigger Retention Campaign (15% Discount),1248.94,Canada,Vancouver,1.4
0,0.1098592246133882,Do Not Intervene,1123.17,USA,Chicago,0.8
0,0.12926110447751524,Do Not Intervene,1532.54,Canada,Calgary,3.6
0,0.11398001138577307,Do Not Intervene,2483.65,USA,Chicago,1.9
0,0.13338089314857243,Do Not Intervene,1014.58,UK,London,2.4
0,0.10768638566405472,Do Not Intervene,1356.74,Canada,Ottawa,1.8
0,0.13074247677406167,Do Not Intervene,1176.21,UK,London,1.9
0,0.09877400648516108,Do Not Intervene,562.31,USA,New York,4.7
0,0.5621183348208029,Trigger Retention Campaign (15% Discount),454.29,Australia,Brisbane,4.4
0,0.16334531004422143,Do Not Intervene,2446.93,Canada,Calgary,1.3
0,0.12514405245225257,Do Not Intervene,1280.92,India,Bangalore,0.4
0,0.1510932788384453,Do Not Intervene,526.93,Canada,Toronto,2.8
0,0.32633766595033253,Trigger Retention Campaign (15% Discount),556.21,USA,New York,1.9
0,0.10045047338099147,Do Not Intervene,1246.06,USA,Los Angeles,3.0
0,0.210059958683995,Do Not Intervene,598.63,Japan,Yokohama,1.4
1,0.7632924352285007,Trigger Retention Campaign (15% Discount),130.22,USA,Phoenix,0.8
0,0.10406048623146379,Do Not Intervene,1156.45,USA,Houston,2.8
1,0.9396983821217844,Trigger Retention Campaign (15% Discount),693.56,Germany,Cologne,3.4
0,0.13592398789790136,Do Not Intervene,1399.43,Australia,Perth,6.6
0,0.2655411146966977,Do Not Intervene,1778.43,USA,Chicago,5.3
1,0.9652688812544037,Trigger Retention Campaign (15% Discount),182.1,USA,Los Angeles,2.2
0,0.1551559274413589,Do Not Intervene,3436.37,Canada,Vancouver,5.3
0,0.09913503199087735,Do Not Intervene,1305.57,USA,Chicago,9.6
1,0.7387416350114606,Trigger Retention Campaign (15% Discount),418.44,Japan,Nagoya,1.1
1,0.8645638483575802,Trigger Retention Campaign (15% Discount),1891.88,Germany,Frankfurt,2.1
1,0.5739562775342103,Trigger Retention Campaign (15% Discount),487.51,India,Bangalore,2.5
0,0.14752851380856333,Do Not Intervene,897.28,France,Lyon,1.8
0,0.09887895132628366,Do Not Intervene,786.53,USA,Los Angeles,1.7
0,0.1385694409248692,Do Not Intervene,1583.82,Germany,Frankfurt,10.0
0,0.10509490088547724,Do Not Intervene,3129.54,Canada,Ottawa,4.3
0,0.19232433478332794,Do Not Intervene,1284.87,USA,New York,1.5
0,0.2671856571935882,Do Not Intervene,2113.09,USA,Phoenix,1.1
0,0.3570853127391251,Trigger Retention Campaign (15% Discount),455.41,USA,Phoenix,3.1
0,0.09245658091357761,Do Not Intervene,968.1,USA,Phoenix,4.0
0,0.14691002824850977,Do Not Intervene,2284.67,UK,Birmingham,1.2
1,0.6508979382150293,Trigger Retention Campaign (15% Discount),375.69,USA,Los Angeles,1.8
0,0.10603479413847562,Do Not Intervene,568.34,USA,Los Angeles,3.5
0,0.10632181629238134,Do Not Intervene,1223.91,UK,Leeds,1.4
0,0.11903646165783806,Do Not Intervene,892.47,France,Nice,2.1
0,0.12811783737675458,Do Not Intervene,1783.11,USA,Phoenix,2.8
0,0.17695099348025614,Do Not Intervene,1441.99,Canada,Montreal,1.8
0,0.2558728191643834,Do Not Intervene,650.84,USA,Chicago,0.3
0,0.1144205620374544,Do Not Intervene,1277.07,USA,Los Angeles,1.9
0,0.1404439182863789,Do Not Intervene,2160.99,USA,Houston,3.0
0,0.34709093911102634,Trigger Retention Campaign (15% Discount),1037.78,Canada,Toronto,4.1
1,0.9140222272292202,Trigger Retention Campaign (15% Discount),2599.24,Australia,Sydney,1.8
0,0.08326759596579254,Do Not Intervene,801.16,Germany,Cologne,3.0
0,0.2779317814173305,Do Not Intervene,609.84,Japan,Osaka,4.0
0,0.14050441092783592,Do Not Intervene,473.21,France,Toulouse,6.7
0,0.8490561265924903,Trigger Retention Campaign (15% Discount),404.76,USA,Houston,3.0
0,0.221540639969494,Do Not Intervene,830.05,UK,London,1.3
0,0.10151862902427647,Do Not Intervene,2539.97,Canada,Toronto,1.6
0,0.1546992307500316,Do Not Intervene,913.52,USA,New York,2.9
0,0.11664362318961125,Do Not Intervene,1468.78,India,Mumbai,0.9
0,0.6021774062855758,Trigger Retention Campaign (15% Discount),516.92,UK,London,1.9
0,0.10028591516627262,Do Not Intervene,888.04,Australia,Adelaide,2.2
0,0.33291354631421755,Trigger Retention Campaign (15% Discount),1815.29,India,Delhi,2.8
0,0.08154380403823844,Do Not Intervene,1080.53,India,Mumbai,0.6
1,0.8208677785568471,Trigger Retention Campaign (15% Discount),2148.43,Australia,Perth,1.5
0,0.08710233625740585,Do Not Intervene,1746.65,USA,New York,1.5
0,0.10264436429764404,Do Not Intervene,1157.52,Canada,Toronto,1.8
1,0.26616327476520196,Do Not Intervene,433.94,USA,Phoenix,1.6
1,0.23347013116991536,Do Not Intervene,553.37,USA,Phoenix,2.0
1,0.09219754767084551,Do Not Intervene,647.05,USA,Los Angeles,2.9
1,0.9273412547232702,Trigger Retention Campaign (15% Discount),2660.93,UK,Leeds,3.7
0,0.07967367404916689,Do Not Intervene,1725.22,USA,Houston,2.3
1,0.13204385864581827,Do Not Intervene,1508.03,Germany,Berlin,2.5
0,0.25379017509533663,Do Not Intervene,1645.42,USA,Houston,2.4
0,0.2340954377761835,Do Not Intervene,2537.31,Australia,Brisbane,1.3
1,0.9462508631579505,Trigger Retention Campaign (15% Discount),379.0,UK,Glasgow,0.3
0,0.1370792493132198,Do Not Intervene,1976.04,UK,London,2.9
0,0.07477773690979472,Do Not Intervene,1558.98,France,Marseille,6.1
1,0.7714997754982826,Trigger Retention Campaign (15% Discount),1356.79,Canada,Ottawa,0.5
0,0.18011934298233118,Do Not Intervene,1057.02,USA,Los Angeles,2.1
1,0.8062111319348091,Trigger Retention Campaign (15% Discount),461.2,Germany,Hamburg,3.8
0,0.12654795297714524,Do Not Intervene,1066.71,Canada,Ottawa,0.8
0,0.11345465368243221,Do Not Intervene,1484.27,Germany,Cologne,1.3
0,0.11354817703013569,Do Not Intervene,1470.54,Canada,Montreal,0.4
0,0.13298378134447641,Do Not Intervene,735.25,USA,Chicago,1.3
0,0.18621487575222875,Do Not Intervene,1510.12,USA,New York,2.0
1,0.8359426760664358,Trigger Retention Campaign (15% Discount),2578.2,India,Hyderabad,1.5
1,0.5945985326862714,Trigger Retention Campaign (15% Discount),861.42,USA,New York,5.3
1,0.8661062140412858,Trigger Retention Campaign (15% Discount),3856.36,UK,Glasgow,3.4
1,0.3378644158732716,Trigger Retention Campaign (15% Discount),1493.32,Germany,Berlin,4.3
1,0.573079105448149,Trigger Retention Campaign (15% Discount),1089.81,USA,New York,1.5
0,0.12934297328841438,Do Not Intervene,1933.19,UK,Manchester,1.2
1,0.835828240434777,Trigger Retention Campaign (15% Discount),806.64,USA,Phoenix,3.0
1,0.9037027116329908,Trigger Retention Campaign (15% Discount),3284.62,India,Delhi,0.8
0,0.2281127926209696,Do Not Intervene,1632.59,USA,Phoenix,0.3
0,0.17654771847734152,Do Not Intervene,1946.42,Japan,Nagoya,0.4
0,0.49035299717120734,Trigger Retention Campaign (15% Discount),750.87,France,Toulouse,2.0
1,0.8061199619208069,Trigger Retention Campaign (15% Discount),2852.91,USA,New York,0.8
1,0.6776499297278523,Trigger Retention Campaign (15% Discount),574.65,Canada,Toronto,2.0
0,0.2720456665846186,Do Not Intervene,1029.64,USA,Los Angeles,1.9
1,0.8868477728206758,Trigger Retention Campaign (15% Discount),2381.26,Canada,Ottawa,3.5
1,0.7898644202992854,Trigger Retention Campaign (15% Discount),891.78,Canada,Montreal,6.5
0,0.09864983908424552,Do Not Intervene,1192.73,France,Marseille,2.8
0,0.3912130556394557,Trigger Retention Campaign (15% Discount),385.74,USA,Houston,1.2
1,0.7903160452156341,Trigger Retention Campaign (15% Discount),530.07,Australia,Brisbane,2.3
0,0.16125780745572854,Do Not Intervene,1314.91,India,Mumbai,0.7
0,0.19599442493194952,Do Not Intervene,1053.22,France,Toulouse,7.5
1,0.7952865869217207,Trigger Retention Campaign (15% Discount),1904.81,India,Hyderabad,2.1
1,0.9037205474399671,Trigger Retention Campaign (15% Discount),2538.74,USA,Los Angeles,2.3
0,0.08860460832185334,Do Not Intervene,1333.63,Germany,Cologne,2.5
1,0.88428887891454,Trigger Retention Campaign (15% Discount),1917.59,USA,Houston,9.2
1,0.7278510640969461,Trigger Retention Campaign (15% Discount),0.0,Canada,Montreal,1.8
1,0.0954463889797611,Do Not Intervene,1628.47,USA,Chicago,5.3
0,0.09280448948460995,Do Not Intervene,1627.3,USA,Los Angeles,2.4
0,0.21811026474150236,Do Not Intervene,548.51,UK,London,9.2
0,0.09548272588348888,Do Not Intervene,564.23,USA,New York,4.1
0,0.20744735908789655,Do Not Intervene,1342.27,Canada,Ottawa,2.1
0,0.2861779279419164,Trigger Retention Campaign (15% Discount),2168.71,USA,Chicago,6.5
1,0.5090750623565908,Trigger Retention Campaign (15% Discount),943.21,USA,Los Angeles,4.0
0,0.08850419153765268,Do Not Intervene,1174.84,UK,Leeds,0.8
0,0.09152520111733839,Do Not Intervene,1530.92,USA,Los Angeles,1.4
0,0.12462282637962123,Do Not Intervene,1416.19,Canada,Calgary,1.4
0,0.12205620297470723,Do Not Intervene,534.43,Australia,Adelaide,8.5
0,0.11783598794671,Do Not Intervene,760.83,USA,Phoenix,0.1
0,0.5442808242210525,Trigger Retention Campaign (15% Discount),844.73,Australia,Melbourne,2.8
0,0.15862643089649536,Do Not Intervene,1465.21,USA,New York,1.8
0,0.08786472342280542,Do Not Intervene,2420.13,USA,Los Angeles,0.2
0,0.13478752893339194,Do Not Intervene,1313.51,USA,Chicago,6.9
0,0.12810539545423796,Do Not Intervene,1264.86,USA,Phoenix,4.1
0,0.1926973890351499,Do Not Intervene,2798.28,Canada,Ottawa,1.7
1,0.8585936345057995,Trigger Retention Campaign (15% Discount),2291.09,USA,New York,0.8
0,0.42028557778112946,Trigger Retention Campaign (15% Discount),762.65,UK,Manchester,1.5
0,0.11269255001089823,Do Not Intervene,1185.22,USA,Chicago,1.2
0,0.27378716975166817,Do Not Intervene,1054.44,USA,New York,1.0
0,0.11482784430249035,Do Not Intervene,1019.78,USA,Houston,4.3
1,0.1434110681464342,Do Not Intervene,1499.86,USA,Los Angeles,1.0
0,0.27625560017291284,Do Not Intervene,4639.59,France,Nice,0.7
0,0.17673009596832479,Do Not Intervene,609.55,India,Hyderabad,5.0
0,0.11975004267421209,Do Not Intervene,1632.54,France,Paris,8.8
0,0.13895769850984252,Do Not Intervene,849.94,USA,New York,4.6
0,0.12132964066724578,Do Not Intervene,1073.45,Canada,Calgary,5.3
1,0.9121134965113978,Trigger Retention Campaign (15% Discount),889.24,USA,Los Angeles,2.9
0,0.10063714232655237,Do Not Intervene,1127.24,UK,Birmingham,7.0
0,0.2003871518968525,Do Not Intervene,777.48,Canada,Montreal,1.6
0,0.142443931805547,Do Not Intervene,3033.75,France,Toulouse,3.5
1,0.8484713864352649,Trigger Retention Campaign (15% Discount),2255.6,Germany,Berlin,4.7
0,0.12461744656090604,Do Not Intervene,1591.25,UK,Leeds,3.6
0,0.17951640271505206,Do Not Intervene,1130.64,USA,Phoenix,3.9
0,0.2377002022847869,Do Not Intervene,340.97,UK,Manchester,4.4
1,0.9181622409610298,Trigger Retention Campaign (15% Discount),2442.38,India,Delhi,2.2
0,0.10168563414484938,Do Not Intervene,3808.01,India,Mumbai,3.0
0,0.17507876868412392,Do Not Intervene,1794.72,UK,Glasgow,1.5
1,0.6189906795224581,Trigger Retention Campaign (15% Discount),571.25,UK,London,0.5
0,0.12467404295882094,Do Not Intervene,1242.55,India,Mumbai,2.3
0,0.1231128149488525,Do Not Intervene,1239.9,Japan,Nagoya,0.4
1,0.18651203145770268,Do Not Intervene,1743.17,Germany,Munich,1.1
0,0.09472311291547632,Do Not Intervene,1208.9,USA,Los Angeles,1.0
0,0.18728261840993488,Do Not Intervene,1549.9,UK,London,0.9
0,0.4634148909457867,Trigger Retention Campaign (15% Discount),365.06,USA,Chicago,2.8
0,0.09127835354499249,Do Not Intervene,896.19,UK,Glasgow,4.7
0,0.14698833214220428,Do Not Intervene,2272.51,USA,Chicago,2.8
0,0.08067811216976635,Do Not Intervene,1318.94,USA,Chicago,4.4
0,0.12600616040748908,Do Not Intervene,1235.33,Australia,Melbourne,1.4
0,0.19906539934047754,Do Not Intervene,2518.11,USA,Chicago,0.8
0,0.13170971690936725,Do Not Intervene,2481.69,France,Lyon,4.6
0,0.13638263516602905,Do Not Intervene,1275.11,USA,Houston,1.8
0,0.09529684324559738,Do Not Intervene,580.74,USA,Los Angeles,1.2
0,0.15185196556436048,Do Not Intervene,1093.41,USA,Chicago,0.8
0,0.40698755015883586,Trigger Retention Campaign (15% Discount),665.91,UK,Glasgow,2.1
0,0.07820112478927599,Do Not Intervene,2176.34,USA,New York,3.0
1,0.6146734432016053,Trigger Retention Campaign (15% Discount),1055.66,UK,Glasgow,0.4
1,0.8417591008423053,Trigger Retention Campaign (15% Discount),2211.06,Canada,Vancouver,1.1
0,0.12277176290096675,Do Not Intervene,1931.28,Australia,Brisbane,2.6
0,0.15458716749001394,Do Not Intervene,2280.68,Australia,Melbourne,3.8
1,0.7416584893425952,Trigger Retention Campaign (15% Discount),648.37,USA,Chicago,2.1
0,0.1529259307348209,Do Not Intervene,994.42,Germany,Cologne,6.7
0,0.15449833247514552,Do Not Intervene,1878.6,USA,New York,2.7
0,0.13487455046886274,Do Not Intervene,2148.24,UK,Glasgow,5.5
0,0.12421935760099741,Do Not Intervene,1069.75,India,Mumbai,6.0
1,0.9173486317074591,Trigger Retention Campaign (15% Discount),2257.08,France,Nice,6.6
1,0.5935248324857219,Trigger Retention Campaign (15% Discount),1151.43,Australia,Melbourne,1.0
0,0.13821161316165273,Do Not Intervene,4077.55,USA,Los Angeles,2.1
0,0.12717363907153245,Do Not Intervene,1136.26,UK,Glasgow,2.3
1,0.8705241812087026,Trigger Retention Campaign (15% Discount),3263.57,UK,London,4.3
0,0.12147211061844349,Do Not Intervene,2711.75,USA,Phoenix,4.8
1,0.5621405990318141,Trigger Retention Campaign (15% Discount),879.12,USA,Chicago,1.6
0,0.4176047576972089,Trigger Retention Campaign (15% Discount),541.91,UK,London,5.8
0,0.12227119790819235,Do Not Intervene,2765.8,USA,Los Angeles,1.4
0,0.12864298225432674,Do Not Intervene,2182.51,Japan,Yokohama,4.6
0,0.09674721237990112,Do Not Intervene,1606.5,UK,Glasgow,1.3
1,0.9159178426669956,Trigger Retention Campaign (15% Discount),3302.92,India,Mumbai,1.3
1,0.8863387912261834,Trigger Retention Campaign (15% Discount),2227.83,UK,Glasgow,2.2
0,0.15612741834245603,Do Not Intervene,1028.56,Japan,Osaka,1.1
1,0.5067795838737628,Trigger Retention Campaign (15% Discount),1124.85,Canada,Montreal,0.7
0,0.1705731171467347,Do Not Intervene,1209.34,UK,Manchester,1.5
0,0.4300163839531117,Trigger Retention Campaign (15% Discount),460.73,France,Lyon,0.7
1,0.5284844888971214,Trigger Retention Campaign (15% Discount),767.59,UK,Manchester,1.2
0,0.20746077327606674,Do Not Intervene,2233.6,UK,Birmingham,6.6
1,0.36316672622414825,Trigger Retention Campaign (15% Discount),562.68,USA,New York,1.8
0,0.1332799463689431,Do Not Intervene,734.31,USA,Los Angeles,2.9
0,0.10055322973026817,Do Not Intervene,535.05,Canada,Ottawa,1.4
0,0.10935138574690408,Do Not Intervene,1677.16,Australia,Adelaide,1.1
0,0.15071944327476292,Do Not Intervene,2588.82,USA,Houston,0.1
0,0.18260067865790358,Do Not Intervene,1449.2,USA,Chicago,2.5
1,0.45076455933563636,Trigger Retention Campaign (15% Discount),974.78,France,Nice,2.0
0,0.11097072701408552,Do Not Intervene,1331.77,India,Mumbai,2.7
0,0.1516959836648247,Do Not Intervene,1371.08,India,Chennai,1.3
0,0.10020548791778344,Do Not Intervene,710.31,France,Paris,0.3
0,0.3198026237942665,Trigger Retention Campaign (15% Discount),534.55,Canada,Toronto,0.5
0,0.1163299417826871,Do Not Intervene,817.63,USA,Los Angeles,1.6
0,0.15360202624375272,Do Not Intervene,1019.31,Germany,Frankfurt,6.5
0,0.21465013981949088,Do Not Intervene,1830.61,France,Toulouse,4.3
1,0.8904142061043936,Trigger Retention Campaign (15% Discount),439.76,Japan,Kyoto,2.1
0,0.3449137177294763,Trigger Retention Campaign (15% Discount),680.26,USA,Chicago,1.9
0,0.45775524366965364,Trigger Retention Campaign (15% Discount),987.12,USA,New York,5.4
1,0.6600787947326049,Trigger Retention Campaign (15% Discount),807.87,Australia,Sydney,4.2
0,0.21200101279002015,Do Not Intervene,852.35,Canada,Calgary,3.2
0,0.39521150661358717,Trigger Retention Campaign (15% Discount),1079.02,USA,New York,3.6
0,0.18452906532975732,Do Not Intervene,2599.22,Australia,Melbourne,1.3
1,0.9046471083705852,Trigger Retention Campaign (15% Discount),3742.89,USA,Los Angeles,3.1
0,0.07862377026026404,Do Not Intervene,1918.76,India,Hyderabad,8.6
0,0.24244622005335129,Do Not Intervene,1034.61,UK,Glasgow,1.0
0,0.27312309694800335,Do Not Intervene,311.57,USA,Phoenix,1.6
0,0.23145157509037356,Do Not Intervene,1159.33,Germany,Hamburg,0.9
1,0.7468772435407045,Trigger Retention Campaign (15% Discount),1149.62,Japan,Yokohama,4.7
0,0.1231150409222065,Do Not Intervene,1855.9,USA,Los Angeles,2.9
0,0.15848259192723074,Do Not Intervene,1605.75,UK,Glasgow,1.1
1,0.6049679478312889,Trigger Retention Campaign (15% Discount),1711.97,USA,Phoenix,0.8
0,0.18219564633859245,Do Not Intervene,3139.16,USA,Phoenix,4.4
0,0.1313183229153764,Do Not Intervene,1107.85,Australia,Adelaide,1.5
0,0.4778310869972111,Trigger Retention Campaign (15% Discount),229.51,USA,Phoenix,0.5
1,0.8037448197230982,Trigger Retention Campaign (15% Discount),402.12,France,Lyon,4.6
0,0.17273364282306822,Do Not Intervene,2961.67,UK,Manchester,2.3
0,0.11954570216723828,Do Not Intervene,1493.48,Canada,Vancouver,5.1
1,0.6171908136712116,Trigger Retention Campaign (15% Discount),881.87,Canada,Vancouver,4.0
0,0.145089188389203,Do Not Intervene,2577.4,USA,Chicago,4.4
1,0.6933086211365036,Trigger Retention Campaign (15% Discount),555.32,Germany,Frankfurt,0.8
1,0.8656020849571164,Trigger Retention Campaign (15% Discount),2988.81,USA,Phoenix,1.8
0,0.10193557970259791,Do Not Intervene,1199.15,UK,Manchester,3.2
0,0.8338179078297598,Trigger Retention Campaign (15% Discount),157.55,USA,New York,2.9
0,0.32080486459281227,Trigger Retention Campaign (15% Discount),924.45,USA,Chicago,3.2
1,0.9004293465899907,Trigger Retention Campaign (15% Discount),398.85,USA,New York,1.5
1,0.7233680970885017,Trigger Retention Campaign (15% Discount),530.65,Canada,Ottawa,0.9
0,0.23012420585788473,Do Not Intervene,2677.71,USA,Houston,0.3
0,0.13396483269025886,Do Not Intervene,955.19,USA,Phoenix,1.7
0,0.12580435780351748,Do Not Intervene,1590.46,India,Hyderabad,1.9
0,0.22729186693126455,Do Not Intervene,745.34,USA,Phoenix,0.3
1,0.8152757435166257,Trigger Retention Campaign (15% Discount),1896.63,Japan,Yokohama,1.1
1,0.86193106591873,Trigger Retention Campaign (15% Discount),505.37,Canada,Vancouver,3.4
1,0.92330840499238,Trigger Retention Campaign (15% Discount),293.35,Germany,Berlin,1.9
0,0.1076747320481808,Do Not Intervene,1269.86,France,Lyon,0.7
0,0.18137860039219914,Do Not Intervene,1317.59,USA,Chicago,2.1
0,0.15480212125096948,Do Not Intervene,1488.28,Canada,Calgary,6.8
0,0.3506947119726223,Trigger Retention Campaign (15% Discount),887.77,UK,Leeds,5.1
1,0.797228848926923,Trigger Retention Campaign (15% Discount),1894.67,USA,Houston,0.8
0,0.14823649665437558,Do Not Intervene,612.91,UK,London,3.3
0,0.15965582602232023,Do Not Intervene,1684.49,USA,New York,1.9
0,0.16966108514724318,Do Not Intervene,668.09,France,Lyon,1.5
0,0.33316978798850344,Trigger Retention Campaign (15% Discount),1287.79,USA,Houston,0.1
1,0.8777418990358471,Trigger Retention Campaign (15% Discount),2510.99,UK,London,1.4
1,0.6052214961379861,Trigger Retention Campaign (15% Discount),356.41,UK,Leeds,4.8
1,0.8154950599413435,Trigger Retention Campaign (15% Discount),1422.12,France,Paris,1.2
0,0.2258246035336694,Do Not Intervene,2408.05,USA,Phoenix,3.0
1,0.9250221749527283,Trigger Retention Campaign (15% Discount),366.1,USA,Houston,2.6
0,0.16903721835571356,Do Not Intervene,1899.92,Australia,Perth,1.9
0,0.4840757036229273,Trigger Retention Campaign (15% Discount),1873.64,Japan,Nagoya,0.2
1,0.7637166293436058,Trigger Retention Campaign (15% Discount),564.48,Canada,Toronto,1.0
0,0.26645590207288167,Do Not Intervene,1829.22,Australia,Brisbane,1.5
1,0.6014415350272261,Trigger Retention Campaign (15% Discount),1151.83,Canada,Montreal,4.2
0,0.19262734113602098,Do Not Intervene,1257.82,Canada,Montreal,4.2
0,0.09791618519765931,Do Not Intervene,745.87,USA,Chicago,3.4
1,0.6468309113853511,Trigger Retention Campaign (15% Discount),163.83,UK,London,0.4
1,0.9178506310723138,Trigger Retention Campaign (15% Discount),2549.47,Australia,Adelaide,1.7
0,0.09410820869445276,Do Not Intervene,1231.72,USA,Los Angeles,1.1
1,0.9161452201308639,Trigger Retention Campaign (15% Discount),1995.43,Japan,Tokyo,3.5
0,0.13494779962995693,Do Not Intervene,1735.98,India,Bangalore,0.9
1,0.7076962889390832,Trigger Retention Campaign (15% Discount),623.22,Germany,Berlin,1.3
0,0.16571459868058178,Do Not Intervene,915.53,USA,New York,3.8
1,0.5589915251232784,Trigger Retention Campaign (15% Discount),801.48,Germany,Cologne,3.1
0,0.22776054902888154,Do Not Intervene,1351.46,Germany,Berlin,3.3
0,0.4488770965649135,Trigger Retention Campaign (15% Discount),544.56,Germany,Hamburg,2.7
0,0.7041110605950618,Trigger Retention Campaign (15% Discount),929.17,USA,Chicago,5.3
0,0.10749875546147432,Do Not Intervene,750.15,UK,Glasgow,2.0
1,0.8757527920503289,Trigger Retention Campaign (15% Discount),2049.31,Canada,Vancouver,1.9
0,0.18909640119300555,Do Not Intervene,1444.23,Canada,Toronto,1.6
0,0.1477266540023229,Do Not Intervene,2875.6,USA,Phoenix,3.3
1,0.7949027053341868,Trigger Retention Campaign (15% Discount),753.32,Japan,Kyoto,0.8
0,0.1422282597877248,Do Not Intervene,1425.69,Germany,Cologne,1.2
1,0.13265168339962372,Do Not Intervene,674.92,Germany,Frankfurt,2.3
0,0.13983141031610802,Do Not Intervene,1201.31,USA,New York,3.5
0,0.11233503393382392,Do Not Intervene,1472.8,France,Marseille,1.7
1,0.11522138524232206,Do Not Intervene,2562.84,USA,Los Angeles,1.6
0,0.12479348252602104,Do Not Intervene,1631.0,Australia,Melbourne,2.4
0,0.10177477944382937,Do Not Intervene,1650.93,USA,New York,2.0
0,0.22306582627086055,Do Not Intervene,1628.63,Australia,Sydney,4.0
1,0.8251870113232153,Trigger Retention Campaign (15% Discount),539.28,USA,Phoenix,3.0
1,0.8770414737545823,Trigger Retention Campaign (15% Discount),2275.69,UK,London,1.3
1,0.7379737409505729,Trigger Retention Campaign (15% Discount),367.67,Canada,Ottawa,2.4
0,0.2201808806946385,Do Not Intervene,977.89,Canada,Montreal,10.0
0,0.11431964245000174,Do Not Intervene,1370.13,USA,Los Angeles,0.8
1,0.18382225398975335,Do Not Intervene,1006.59,France,Lyon,2.1
1,0.7807726578944609,Trigger Retention Campaign (15% Discount),315.92,Germany,Frankfurt,3.2
1,0.8148248930768248,Trigger Retention Campaign (15% Discount),2248.7,USA,Houston,0.4
1,0.9359806743769703,Trigger Retention Campaign (15% Discount),3497.3,USA,Phoenix,2.5
1,0.5674166603014726,Trigger Retention Campaign (15% Discount),113.54,Canada,Vancouver,1.0
0,0.17267121392256515,Do Not Intervene,1100.13,Canada,Ottawa,3.4
0,0.13642587557994346,Do Not Intervene,759.07,Canada,Vancouver,1.4
0,0.1310981484581476,Do Not Intervene,914.1,USA,New York,1.3
1,0.12774851180082597,Do Not Intervene,1560.77,India,Chennai,3.7
0,0.17227505871317178,Do Not Intervene,544.12,Australia,Adelaide,4.1
0,0.12143538844893045,Do Not Intervene,873.68,USA,Los Angeles,1.3
0,0.16285183871525954,Do Not Intervene,1193.73,India,Chennai,3.5
0,0.16016928045211754,Do Not Intervene,1314.0,India,Mumbai,2.4
1,0.8424550435178538,Trigger Retention Campaign (15% Discount),2179.14,India,Chennai,3.2
0,0.11429749707063509,Do Not Intervene,635.04,India,Delhi,1.8
0,0.15540711184041636,Do Not Intervene,722.22,USA,Los Angeles,2.7
0,0.4094146770499639,Trigger Retention Campaign (15% Discount),646.72,UK,Birmingham,1.1
0,0.8929015202542938,Trigger Retention Campaign (15% Discount),299.52,Japan,Kyoto,2.4
1,0.48744205764482784,Trigger Retention Campaign (15% Discount),863.65,UK,Birmingham,2.5
0,0.190669042977283,Do Not Intervene,958.32,USA,Chicago,1.7
0,0.15511397160134036,Do Not Intervene,1445.18,Canada,Montreal,4.1
0,0.14541849392298067,Do Not Intervene,1278.5,UK,Leeds,2.4
0,0.1897693291013442,Do Not Intervene,904.07,USA,Los Angeles,0.8
0,0.2240496899201422,Do Not Intervene,208.93,Australia,Melbourne,2.4
1,0.8758458077808727,Trigger Retention Campaign (15% Discount),2025.45,USA,Phoenix,0.2
0,0.1832809793678761,Do Not Intervene,2262.7,USA,New York,2.0
1,0.7855206576084306,Trigger Retention Campaign (15% Discount),596.1,France,Lyon,6.2
0,0.08745783627794176,Do Not Intervene,1543.48,Australia,Brisbane,4.0
1,0.22764151174690275,Do Not Intervene,1613.63,India,Bangalore,1.5
0,0.16524027977586978,Do Not Intervene,1701.02,USA,Chicago,1.7
0,0.09829446108775762,Do Not Intervene,1721.55,Australia,Adelaide,2.1
0,0.09631505946071017,Do Not Intervene,1831.46,USA,Phoenix,0.8
0,0.0861279419610888,Do Not Intervene,1169.08,France,Lyon,1.5
0,0.10809834465016367,Do Not Intervene,1746.9,USA,Chicago,4.3
0,0.16957756587147926,Do Not Intervene,988.91,France,Nice,2.1
0,0.11832202971432976,Do Not Intervene,985.07,UK,Leeds,2.6
0,0.16917924604436,Do Not Intervene,3503.39,USA,New York,10.0
0,0.10753451747510959,Do Not Intervene,1436.26,USA,Houston,1.2
1,0.8970554836295754,Trigger Retention Campaign (15% Discount),2423.34,Australia,Melbourne,2.1
0,0.1468404825124987,Do Not Intervene,1106.4,France,Toulouse,3.6
1,0.8068659651437055,Trigger Retention Campaign (15% Discount),555.7,USA,Chicago,0.8
0,0.13754274686791085,Do Not Intervene,1344.37,USA,Phoenix,2.4
0,0.32322005389145375,Trigger Retention Campaign (15% Discount),1246.49,Australia,Melbourne,6.0
0,0.09508625054820424,Do Not Intervene,1570.42,USA,Los Angeles,0.5
0,0.11681668194440448,Do Not Intervene,1390.66,France,Marseille,3.1
0,0.3378444557906869,Trigger Retention Campaign (15% Discount),540.89,USA,Chicago,9.5
1,0.8618995109043758,Trigger Retention Campaign (15% Discount),2157.63,Australia,Melbourne,2.1
0,0.14923303400813007,Do Not Intervene,3211.51,Canada,Vancouver,5.7
0,0.16523875812634461,Do Not Intervene,2410.91,Germany,Berlin,1.1
0,0.1352745889178587,Do Not Intervene,1458.68,Canada,Montreal,2.2
0,0.11551393266648252,Do Not Intervene,1046.24,UK,London,0.3
0,0.15423842893787237,Do Not Intervene,2880.72,India,Hyderabad,2.5
0,0.37172235659925207,Trigger Retention Campaign (15% Discount),506.27,Canada,Toronto,3.5
1,0.749790879773583,Trigger Retention Campaign (15% Discount),1034.09,Germany,Frankfurt,0.6
0,0.47438954481090095,Trigger Retention Campaign (15% Discount),318.23,Canada,Toronto,3.5
0,0.1547360992455188,Do Not Intervene,1881.9,Canada,Toronto,4.2
0,0.13274833394012436,Do Not Intervene,2741.75,Australia,Perth,0.5
0,0.4672667522466826,Trigger Retention Campaign (15% Discount),1163.16,UK,Leeds,4.3
0,0.19435365273580085,Do Not Intervene,1285.17,UK,Manchester,3.2
1,0.6008337840973198,Trigger Retention Campaign (15% Discount),601.1,Australia,Sydney,1.6
1,0.48736999979264384,Trigger Retention Campaign (15% Discount),467.61,India,Hyderabad,2.0
0,0.0937853421682736,Do Not Intervene,1033.76,USA,Los Angeles,3.2
1,0.7077276194931976,Trigger Retention Campaign (15% Discount),245.11,Canada,Montreal,2.0
0,0.539672087201941,Trigger Retention Campaign (15% Discount),206.82,Canada,Vancouver,1.3
0,0.24779450052880186,Do Not Intervene,1024.38,USA,New York,0.8
0,0.119745088695214,Do Not Intervene,1403.39,USA,Phoenix,3.7
1,0.6325827116960755,Trigger Retention Campaign (15% Discount),1891.53,Canada,Ottawa,1.4
0,0.120841448600088,Do Not Intervene,1174.45,USA,Houston,10.0
0,0.10825024783044025,Do Not Intervene,950.7,Japan,Osaka,2.4
0,0.08711116539730351,Do Not Intervene,1352.96,USA,Houston,0.4
0,0.14870512391243745,Do Not Intervene,1720.56,USA,Phoenix,1.5
0,0.16936177659081011,Do Not Intervene,2051.74,USA,Houston,4.6
1,0.48775640131877035,Trigger Retention Campaign (15% Discount),418.79,Canada,Calgary,1.7
0,0.09341764496357302,Do Not Intervene,1017.5,France,Toulouse,3.1
0,0.1429484174563788,Do Not Intervene,958.22,India,Hyderabad,0.6
0,0.2520699038259984,Do Not Intervene,898.87,USA,Phoenix,1.8
0,0.13870942793756696,Do Not Intervene,1406.73,USA,Phoenix,5.0
0,0.1721957764216938,Do Not Intervene,2035.64,Canada,Calgary,4.7
0,0.11423791251439211,Do Not Intervene,1414.26,Canada,Ottawa,2.3
0,0.13159818791298264,Do Not Intervene,2724.75,USA,Houston,2.3
0,0.16198332958652573,Do Not Intervene,1238.68,Canada,Toronto,3.6
0,0.1148600791691932,Do Not Intervene,636.13,Germany,Berlin,2.2
1,0.9198750267598104,Trigger Retention Campaign (15% Discount),2927.79,USA,Houston,3.5
1,0.7350289969053283,Trigger Retention Campaign (15% Discount),447.12,Canada,Toronto,1.3
0,0.13140891435588564,Do Not Intervene,2125.73,USA,New York,4.8
1,0.44350737792877803,Trigger Retention Campaign (15% Discount),494.2,France,Marseille,1.9
0,0.09656456409436869,Do Not Intervene,858.16,UK,Glasgow,1.8
1,0.6426619765153592,Trigger Retention Campaign (15% Discount),862.25,USA,Chicago,5.9
0,0.33090521111424887,Trigger Retention Campaign (15% Discount),525.52,Canada,Vancouver,4.5
1,0.8432779664333161,Trigger Retention Campaign (15% Discount),3020.92,USA,Phoenix,0.3
0,0.09250204975257766,Do Not Intervene,662.14,Germany,Munich,2.9
0,0.17976800687284644,Do Not Intervene,728.11,India,Chennai,2.6
1,0.727014100072632,Trigger Retention Campaign (15% Discount),648.62,Australia,Brisbane,2.0
0,0.11660588908393316,Do Not Intervene,1749.75,Japan,Yokohama,0.2
0,0.21891118926053418,Do Not Intervene,1201.64,Japan,Kyoto,4.5
0,0.12380689593256741,Do Not Intervene,2005.68,USA,Phoenix,1.6
1,0.14099935653514767,Do Not Intervene,3128.55,UK,London,2.8
1,0.5775609254162782,Trigger Retention Campaign (15% Discount),2720.84,India,Mumbai,2.9
0,0.238345714620849,Do Not Intervene,1020.59,USA,New York,10.0
0,0.2739080387145886,Do Not Intervene,959.07,UK,Birmingham,4.3
0,0.08469193776423664,Do Not Intervene,1472.63,Germany,Berlin,4.7
1,0.5766224654960672,Trigger Retention Campaign (15% Discount),1265.22,UK,Leeds,9.1
0,0.1252619878100459,Do Not Intervene,932.9,India,Chennai,0.6
1,0.7065618559919681,Trigger Retention Campaign (15% Discount),1874.16,Canada,Montreal,4.2
0,0.23850369479734837,Do Not Intervene,2042.55,USA,Phoenix,4.6
0,0.07535239654350573,Do Not Intervene,775.37,Canada,Toronto,6.1
1,0.8602295958676529,Trigger Retention Campaign (15% Discount),349.57,USA,New York,6.3
0,0.09188636910185716,Do Not Intervene,2476.03,USA,New York,2.0
0,0.11336510537995373,Do Not Intervene,667.71,USA,Houston,5.8
1,0.6100243017471045,Trigger Retention Campaign (15% Discount),1334.87,USA,Chicago,1.4
0,0.3556052148739187,Trigger Retention Campaign (15% Discount),2478.02,USA,Houston,1.9
0,0.12262307307373142,Do Not Intervene,1284.6,USA,Phoenix,1.3
1,0.8110447490910256,Trigger Retention Campaign (15% Discount),1178.1,USA,Houston,2.1
1,0.12850152059722983,Do Not Intervene,1291.56,France,Paris,4.8
0,0.13844394833950824,Do Not Intervene,2034.73,Japan,Nagoya,3.7
1,0.5540620880423335,Trigger Retention Campaign (15% Discount),617.35,India,Hyderabad,0.6
0,0.14890009346665678,Do Not Intervene,3179.21,UK,Glasgow,3.0
0,0.11144791755840551,Do Not Intervene,980.31,Japan,Kyoto,4.7
0,0.12516610133015393,Do Not Intervene,705.67,India,Chennai,3.4
0,0.33365935999897334,Trigger Retention Campaign (15% Discount),1309.62,Japan,Tokyo,2.4
1,0.3179063721176828,Trigger Retention Campaign (15% Discount),1643.45,UK,Glasgow,1.7
0,0.10343909109818435,Do Not Intervene,1455.05,India,Mumbai,1.2
0,0.552548042910784,Trigger Retention Campaign (15% Discount),388.82,Canada,Toronto,4.0
0,0.09850086705493259,Do Not Intervene,1352.95,France,Paris,0.8
0,0.19538397796191234,Do Not Intervene,1540.55,USA,Chicago,1.8
0,0.10453965943970489,Do Not Intervene,1572.55,UK,Leeds,2.5
1,0.9504981473704172,Trigger Retention Campaign (15% Discount),456.27,UK,Glasgow,0.5
0,0.4087815993623963,Trigger Retention Campaign (15% Discount),1482.09,Canada,Calgary,2.2
0,0.25209683886061796,Do Not Intervene,1787.36,UK,Glasgow,0.7
0,0.3949825624591811,Trigger Retention Campaign (15% Discount),322.23,France,Nice,2.3
0,0.35931887015844544,Trigger Retention Campaign (15% Discount),1328.49,Australia,Sydney,1.1
0,0.1305684210207552,Do Not Intervene,4338.75,USA,Phoenix,4.4
1,0.6105463643480422,Trigger Retention Campaign (15% Discount),297.57,France,Paris,1.5
0,0.09640772178108031,Do Not Intervene,2788.58,Japan,Osaka,2.9
0,0.13779266342162413,Do Not Intervene,4531.91,Germany,Hamburg,3.6
0,0.20150442371428656,Do Not Intervene,2033.45,USA,New York,0.6
0,0.112113382623805,Do Not Intervene,1179.36,Australia,Adelaide,2.4
0,0.42857998136151887,Trigger Retention Campaign (15% Discount),1003.85,USA,Chicago,5.7
1,0.7205964244504098,Trigger Retention Campaign (15% Discount),415.85,India,Bangalore,2.2
0,0.617675951654628,Trigger Retention Campaign (15% Discount),855.02,UK,Glasgow,0.6
0,0.4428719664635473,Trigger Retention Campaign (15% Discount),1268.16,USA,Chicago,6.3
0,0.1053209360816664,Do Not Intervene,2992.18,USA,New York,0.6
0,0.20112914606329987,Do Not Intervene,1415.72,USA,Los Angeles,3.0
1,0.7919109894515531,Trigger Retention Campaign (15% Discount),1979.85,USA,New York,1.0
0,0.08371098318944604,Do Not Intervene,846.4,India,Hyderabad,1.5
0,0.20209005000702146,Do Not Intervene,1373.29,Germany,Munich,2.0
1,0.6766624064403912,Trigger Retention Campaign (15% Discount),799.68,USA,New York,2.2
0,0.2790060456345724,Do Not Intervene,445.66,USA,Chicago,8.3
0,0.12134254813342986,Do Not Intervene,1820.21,France,Lyon,5.6
0,0.1226426654002906,Do Not Intervene,771.78,Canada,Vancouver,1.9
0,0.12989393131673793,Do Not Intervene,760.83,USA,Los Angeles,1.3
0,0.16945243219716058,Do Not Intervene,1175.42,Canada,Calgary,6.9
0,0.12336281697048762,Do Not Intervene,1899.62,UK,Leeds,10.0
0,0.2393218733040443,Do Not Intervene,408.43,Australia,Sydney,1.9
0,0.16199596570220556,Do Not Intervene,1372.67,Canada,Toronto,7.1
0,0.1934027423333105,Do Not Intervene,1237.16,USA,Phoenix,2.7
0,0.16106332031192735,Do Not Intervene,714.93,India,Delhi,1.0
0,0.15298303344608352,Do Not Intervene,1812.69,UK,Leeds,2.3
1,0.839200282755502,Trigger Retention Campaign (15% Discount),1401.39,USA,Chicago,5.5
0,0.08302446157595395,Do Not Intervene,1216.9,UK,Manchester,4.1
0,0.2561299473548114,Do Not Intervene,306.77,Canada,Toronto,6.9
0,0.1788280349482055,Do Not Intervene,1478.62,India,Hyderabad,4.2
1,0.7632802557899742,Trigger Retention Campaign (15% Discount),601.14,USA,Chicago,1.6
1,0.7316561134548918,Trigger Retention Campaign (15% Discount),721.79,USA,New York,0.6
0,0.08186035854006614,Do Not Intervene,1582.58,UK,Manchester,3.9
0,0.11567902491588371,Do Not Intervene,1639.97,Australia,Sydney,9.9
1,0.5918689971132706,Trigger Retention Campaign (15% Discount),1312.69,Australia,Melbourne,1.4
1,0.7559657326935837,Trigger Retention Campaign (15% Discount),488.54,USA,New York,1.4
1,0.8438122522807255,Trigger Retention Campaign (15% Discount),1946.65,USA,Phoenix,5.3
1,0.6167290095587239,Trigger Retention Campaign (15% Discount),1125.85,Australia,Brisbane,1.6
1,0.8460705435033254,Trigger Retention Campaign (15% Discount),2361.89,UK,London,4.5
0,0.1445850128702285,Do Not Intervene,1683.97,Germany,Hamburg,1.0
0,0.2127465302052055,Do Not Intervene,1311.24,UK,Leeds,1.6
1,0.781730386364419,Trigger Retention Campaign (15% Discount),2315.82,Australia,Melbourne,0.6
0,0.063694363344596,Do Not Intervene,966.52,India,Mumbai,3.4
0,0.153075574749214,Do Not Intervene,1169.13,USA,Chicago,4.2
0,0.11777903095177195,Do Not Intervene,1395.15,Canada,Calgary,1.4
0,0.22084526496813578,Do Not Intervene,786.66,Australia,Brisbane,2.1
0,0.11116674689392622,Do Not Intervene,1278.41,Canada,Ottawa,2.2
0,0.11445634335283356,Do Not Intervene,1252.72,USA,Houston,2.0
0,0.1308981752266148,Do Not Intervene,671.98,USA,Los Angeles,1.3
0,0.20832964529251835,Do Not Intervene,5121.72,Germany,Frankfurt,2.7
1,0.5746520595265242,Trigger Retention Campaign (15% Discount),666.73,Germany,Frankfurt,0.2
0,0.47618513712598626,Trigger Retention Campaign (15% Discount),662.81,Germany,Cologne,3.4
0,0.15666634967355203,Do Not Intervene,1563.48,Canada,Ottawa,1.9
0,0.12203106761269517,Do Not Intervene,1059.86,Japan,Kyoto,0.8
0,0.10722239153226135,Do Not Intervene,1619.36,Australia,Adelaide,0.9
0,0.12182847457703438,Do Not Intervene,1836.53,UK,Leeds,3.7
0,0.16515895532040553,Do Not Intervene,2217.74,Canada,Vancouver,1.5
0,0.12876499627905552,Do Not Intervene,1470.85,USA,Chicago,0.7
1,0.2556591868665695,Do Not Intervene,1799.23,UK,Manchester,1.8
0,0.21013397496059558,Do Not Intervene,522.53,France,Lyon,3.9
0,0.20326576265440333,Do Not Intervene,434.74,Australia,Sydney,1.0
0,0.23480412737243506,Do Not Intervene,622.35,France,Paris,4.3
0,0.2272292300448809,Do Not Intervene,1560.38,Australia,Sydney,1.2
0,0.19393350594260517,Do Not Intervene,1319.84,Canada,Ottawa,3.6
0,0.09955602973149938,Do Not Intervene,1463.8,USA,Los Angeles,3.5
0,0.18707931304285963,Do Not Intervene,1025.97,UK,Leeds,2.1
0,0.17726839301642644,Do Not Intervene,1804.87,UK,London,3.8
0,0.12232535998722714,Do Not Intervene,2062.9,UK,London,1.5
0,0.10077796589754871,Do Not Intervene,1017.99,Canada,Calgary,0.3
0,0.11977151848273544,Do Not Intervene,1336.55,USA,Los Angeles,2.2
0,0.1068218342709102,Do Not Intervene,1088.04,UK,Glasgow,1.4
0,0.14860940722816934,Do Not Intervene,1176.7,USA,Houston,0.8
1,0.1338033740005734,Do Not Intervene,1802.51,India,Chennai,5.4
0,0.16568787542366437,Do Not Intervene,1359.29,India,Chennai,0.5
0,0.11848769401621524,Do Not Intervene,1154.07,India,Mumbai,3.9
1,0.9381848612914464,Trigger Retention Campaign (15% Discount),2974.44,Canada,Ottawa,3.6
0,0.26776642761458186,Do Not Intervene,1296.4,USA,Los Angeles,1.7
0,0.1640179289486898,Do Not Intervene,1252.6,USA,Phoenix,2.3
0,0.11997229182859781,Do Not Intervene,1442.71,UK,London,2.6
0,0.20561150882996576,Do Not Intervene,1690.2,USA,Los Angeles,3.3
0,0.1723627062246226,Do Not Intervene,1141.25,USA,New York,1.4
0,0.4306234055550008,Trigger Retention Campaign (15% Discount),1824.68,USA,New York,1.4
0,0.11370212364141422,Do Not Intervene,4238.23,USA,Los Angeles,1.6
1,0.8885963501865156,Trigger Retention Campaign (15% Discount),2505.49,USA,New York,0.6
1,0.4622542850241559,Trigger Retention Campaign (15% Discount),607.92,USA,Houston,1.3
0,0.24305935291159905,Do Not Intervene,699.25,Germany,Berlin,2.7
0,0.19503286311246668,Do Not Intervene,994.0,UK,Glasgow,0.9
1,0.4622616879730478,Trigger Retention Campaign (15% Discount),120.12,USA,Los Angeles,0.8
1,0.6946719518611839,Trigger Retention Campaign (15% Discount),312.29,France,Lyon,3.2
0,0.1709600729899498,Do Not Intervene,2381.52,UK,Glasgow,3.1
0,0.11419015451540859,Do Not Intervene,1753.39,Germany,Frankfurt,2.0
0,0.1834674097933628,Do Not Intervene,1237.63,UK,Leeds,2.1
1,0.8202945618208969,Trigger Retention Campaign (15% Discount),1172.58,Australia,Brisbane,1.0
0,0.3154042814754115,Trigger Retention Campaign (15% Discount),1817.29,USA,Phoenix,0.5
0,0.15046187970000613,Do Not Intervene,1348.01,UK,Manchester,2.2
1,0.40413394847062095,Trigger Retention Campaign (15% Discount),1220.65,USA,Houston,0.8
0,0.1071996675644134,Do Not Intervene,885.1,Canada,Calgary,2.5
0,0.20810706587660086,Do Not Intervene,917.58,UK,Glasgow,0.8
0,0.1471200119127028,Do Not Intervene,3344.27,France,Marseille,2.6
0,0.1946309285113642,Do Not Intervene,1801.03,USA,Houston,1.2
0,0.19381125142414388,Do Not Intervene,979.71,Canada,Toronto,2.0
0,0.193071411033043,Do Not Intervene,1567.52,USA,New York,0.8
0,0.12806296067717754,Do Not Intervene,2618.78,USA,Chicago,5.0
1,0.7773409387484368,Trigger Retention Campaign (15% Discount),2538.16,France,Nice,1.9
1,0.8378941375419886,Trigger Retention Campaign (15% Discount),710.47,USA,New York,2.9
0,0.2818540901151393,Trigger Retention Campaign (15% Discount),579.71,Australia,Perth,1.1
0,0.09883225847534673,Do Not Intervene,417.29,Canada,Ottawa,1.6
0,0.13625940402343426,Do Not Intervene,3291.87,UK,Glasgow,1.3
0,0.17319677476277626,Do Not Intervene,2554.03,UK,Leeds,1.7
0,0.2562569451790664,Do Not Intervene,1190.16,Japan,Tokyo,2.0
0,0.13778614856058014,Do Not Intervene,2587.91,Canada,Montreal,2.6
0,0.16411681068425427,Do Not Intervene,367.22,Japan,Yokohama,2.4
0,0.6431871505987197,Trigger Retention Campaign (15% Discount),1177.44,UK,Glasgow,1.1
0,0.09201983183369064,Do Not Intervene,1784.47,USA,Chicago,6.6
0,0.279593972177611,Trigger Retention Campaign (15% Discount),1255.52,France,Lyon,3.0
0,0.1790092169752759,Do Not Intervene,1544.18,Canada,Vancouver,1.1
1,0.7949816947369337,Trigger Retention Campaign (15% Discount),1792.85,Australia,Perth,2.0
0,0.20307774504808826,Do Not Intervene,1703.74,Australia,Brisbane,1.8
0,0.1091395422552428,Do Not Intervene,1991.95,Canada,Montreal,1.3
0,0.11319285867282519,Do Not Intervene,1127.15,France,Marseille,1.2
1,0.8358799155143043,Trigger Retention Campaign (15% Discount),2440.82,UK,Glasgow,5.8
1,0.7175466009684952,Trigger Retention Campaign (15% Discount),718.99,USA,Phoenix,0.4
1,0.8961464559582321,Trigger Retention Campaign (15% Discount),2308.73,USA,Phoenix,0.5
0,0.10784904900004522,Do Not Intervene,798.82,UK,Glasgow,2.1
1,0.9239262307486119,Trigger Retention Campaign (15% Discount),2175.18,USA,Chicago,0.8
1,0.9112535931848953,Trigger Retention Campaign (15% Discount),3184.95,USA,Houston,2.5
0,0.10107058191815435,Do Not Intervene,1504.84,USA,Houston,5.2
0,0.11030701084203398,Do Not Intervene,1006.3,USA,Phoenix,3.2
1,0.9280715522109123,Trigger Retention Campaign (15% Discount),3005.08,UK,Leeds,0.9
0,0.1456780160222732,Do Not Intervene,2045.67,India,Bangalore,0.5
0,0.17142617640897512,Do Not Intervene,1400.14,UK,London,2.4
1,0.9231462828239824,Trigger Retention Campaign (15% Discount),1143.9,Germany,Munich,1.5
0,0.13936719569520128,Do Not Intervene,3278.68,Japan,Kyoto,1.4
1,0.11982851381137306,Do Not Intervene,864.05,Canada,Ottawa,1.7
0,0.1742081076798897,Do Not Intervene,842.91,Canada,Vancouver,2.8
1,0.8809189229985198,Trigger Retention Campaign (15% Discount),784.91,India,Bangalore,2.3
0,0.12864436406628416,Do Not Intervene,748.41,USA,Houston,3.9
0,0.5513012079161537,Trigger Retention Campaign (15% Discount),524.07,Australia,Sydney,1.6
0,0.11272486342057361,Do Not Intervene,2002.25,USA,Phoenix,1.3
1,0.7498364835795683,Trigger Retention Campaign (15% Discount),1442.68,USA,Chicago,5.1
0,0.30635130314379105,Trigger Retention Campaign (15% Discount),889.28,USA,Phoenix,2.9
0,0.12077909404982012,Do Not Intervene,1818.44,USA,Phoenix,2.7
0,0.11258763432674826,Do Not Intervene,3441.58,Canada,Montreal,1.3
1,0.12688324116024044,Do Not Intervene,969.19,Japan,Kyoto,4.3
1,0.918289611318924,Trigger Retention Campaign (15% Discount),347.77,Australia,Perth,2.1
0,0.12141741485812307,Do Not Intervene,1003.39,Japan,Tokyo,1.8
0,0.1185586700793726,Do Not Intervene,966.72,UK,London,6.1
0,0.15693206446643454,Do Not Intervene,1891.26,Australia,Melbourne,1.2
0,0.1852804492536747,Do Not Intervene,3791.32,India,Hyderabad,1.2
1,0.6939916102878644,Trigger Retention Campaign (15% Discount),1048.36,Germany,Munich,1.2
1,0.8401898871762227,Trigger Retention Campaign (15% Discount),813.05,USA,Houston,3.3
1,0.483107686633822,Trigger Retention Campaign (15% Discount),1479.2,Japan,Osaka,2.2
0,0.3494877504646016,Trigger Retention Campaign (15% Discount),1052.59,USA,Los Angeles,2.7
0,0.33481438407940894,Trigger Retention Campaign (15% Discount),1003.44,USA,Phoenix,4.0
1,0.6857944946204745,Trigger Retention Campaign (15% Discount),573.25,Canada,Montreal,7.7
0,0.09224716644128605,Do Not Intervene,814.28,India,Hyderabad,3.5
0,0.12208606320779843,Do Not Intervene,1729.32,USA,Los Angeles,2.4
0,0.12502225749129425,Do Not Intervene,1709.16,Germany,Cologne,4.3
0,0.13217403249688198,Do Not Intervene,1044.08,UK,Leeds,0.8
1,0.9438092531370139,Trigger Retention Campaign (15% Discount),2178.37,Canada,Calgary,2.5
0,0.21116747309860107,Do Not Intervene,2736.44,Canada,Montreal,0.5
1,0.09298685298544386,Do Not Intervene,1122.19,USA,Chicago,0.8
0,0.1515141688556826,Do Not Intervene,4918.61,Germany,Frankfurt,1.1
0,0.11990874157975895,Do Not Intervene,2835.98,India,Mumbai,2.5
0,0.21121701787909541,Do Not Intervene,1189.92,UK,Manchester,1.3
0,0.2976487597386342,Trigger Retention Campaign (15% Discount),1367.37,USA,Los Angeles,0.6
0,0.08908875928053217,Do Not Intervene,765.64,USA,Phoenix,4.6
0,0.16747653108324256,Do Not Intervene,1082.88,USA,Phoenix,5.5
0,0.13792818679064064,Do Not Intervene,1835.88,Japan,Yokohama,3.0
0,0.12333916016699631,Do Not Intervene,1089.2,USA,Houston,4.3
0,0.13422912244627083,Do Not Intervene,673.46,USA,Phoenix,1.4
0,0.39979595537004153,Trigger Retention Campaign (15% Discount),454.03,France,Nice,1.5
0,0.3802677102283822,Trigger Retention Campaign (15% Discount),1845.28,USA,Los Angeles,1.0
0,0.22026373409925687,Do Not Intervene,2159.44,USA,Los Angeles,9.0
0,0.14092880160738003,Do Not Intervene,2846.91,Germany,Munich,3.9
0,0.250463485872794,Do Not Intervene,940.82,UK,London,8.1
0,0.09616756508927353,Do Not Intervene,1379.93,Germany,Munich,3.5
0,0.17765999629673612,Do Not Intervene,1331.53,USA,Phoenix,7.5
0,0.14311143396476328,Do Not Intervene,2622.07,UK,Leeds,2.6
1,0.8489221573874637,Trigger Retention Campaign (15% Discount),1136.41,UK,Manchester,2.7
1,0.4817819868453679,Trigger Retention Campaign (15% Discount),227.61,USA,Phoenix,3.8
0,0.106433999856427,Do Not Intervene,859.41,Australia,Melbourne,8.9
0,0.15582569266963944,Do Not Intervene,2054.16,Australia,Brisbane,4.2
0,0.14296146752875347,Do Not Intervene,2392.63,India,Bangalore,2.1
0,0.11167979538686619,Do Not Intervene,879.24,Canada,Ottawa,2.0
0,0.061360739162651924,Do Not Intervene,497.63,USA,Phoenix,7.6
0,0.11050369976612286,Do Not Intervene,1226.45,UK,Birmingham,1.7
0,0.23912313374646765,Do Not Intervene,1457.49,France,Toulouse,1.3
0,0.09893063304528059,Do Not Intervene,1779.82,France,Paris,0.9
0,0.10414815674105568,Do Not Intervene,1145.6,USA,Phoenix,2.6
0,0.22193347208348238,Do Not Intervene,988.81,India,Bangalore,3.8
0,0.14845502832581298,Do Not Intervene,3010.16,India,Bangalore,1.8
0,0.07579857933253532,Do Not Intervene,645.12,Australia,Sydney,2.8
0,0.2452708056093926,Do Not Intervene,1815.11,USA,Houston,1.8
0,0.16435676375182104,Do Not Intervene,1122.27,USA,Phoenix,2.1
0,0.14244259157769432,Do Not Intervene,1757.36,USA,Houston,0.2
1,0.6500765004235092,Trigger Retention Campaign (15% Discount),1542.11,USA,Chicago,1.5
1,0.8591110390871713,Trigger Retention Campaign (15% Discount),2173.97,Japan,Kyoto,4.3
0,0.14079368992774965,Do Not Intervene,1189.38,Canada,Toronto,4.0
0,0.1117403375538397,Do Not Intervene,2486.63,Canada,Calgary,4.7
0,0.6849083365538352,Trigger Retention Campaign (15% Discount),531.74,Germany,Hamburg,2.9
1,0.6230350977126488,Trigger Retention Campaign (15% Discount),402.06,USA,New York,0.7
1,0.7509920413107628,Trigger Retention Campaign (15% Discount),1895.08,Australia,Adelaide,1.3
1,0.905084256850877,Trigger Retention Campaign (15% Discount),2061.79,Germany,Munich,1.2
0,0.1267996739235544,Do Not Intervene,1269.24,France,Nice,4.0
0,0.15453582448329267,Do Not Intervene,404.79,USA,New York,0.9
0,0.1436055514495781,Do Not Intervene,692.58,USA,Chicago,8.1
0,0.08354046879446372,Do Not Intervene,1461.03,Canada,Calgary,4.3
0,0.10722596385744237,Do Not Intervene,1782.88,UK,Birmingham,1.8
1,0.9266404455716462,Trigger Retention Campaign (15% Discount),2708.87,USA,Los Angeles,1.2
0,0.11046414504816397,Do Not Intervene,898.29,USA,Phoenix,2.3
1,0.6680371857165577,Trigger Retention Campaign (15% Discount),1096.56,India,Mumbai,6.0
0,0.5288665434534799,Trigger Retention Campaign (15% Discount),709.85,UK,London,2.0
0,0.38366042187883237,Trigger Retention Campaign (15% Discount),667.57,USA,Phoenix,0.6
0,0.477748008229616,Trigger Retention Campaign (15% Discount),495.94,Germany,Munich,2.0
0,0.13623247281509338,Do Not Intervene,1339.71,USA,Houston,7.8
0,0.2388855965827179,Do Not Intervene,1151.6,Canada,Toronto,3.2
1,0.0903887301174203,Do Not Intervene,2875.53,Australia,Brisbane,3.4
1,0.56635792847406,Trigger Retention Campaign (15% Discount),1264.87,France,Nice,6.9
0,0.4008490175052248,Trigger Retention Campaign (15% Discount),742.48,Canada,Ottawa,2.9
0,0.1699798276370561,Do Not Intervene,1681.2,USA,Los Angeles,4.5
1,0.6634480343093976,Trigger Retention Campaign (15% Discount),1687.75,Canada,Ottawa,5.3
0,0.22969485585522648,Do Not Intervene,1438.64,Canada,Ottawa,0.6
0,0.1374900018998188,Do Not Intervene,5203.03,France,Lyon,3.3
0,0.09159176347966028,Do Not Intervene,770.82,Canada,Ottawa,5.8
0,0.21132832976966967,Do Not Intervene,1178.42,France,Toulouse,3.4
1,0.9563131657115218,Trigger Retention Campaign (15% Discount),3166.65,Canada,Ottawa,1.5
1,0.6620257352601453,Trigger Retention Campaign (15% Discount),691.73,Japan,Osaka,5.2
0,0.08750947295636421,Do Not Intervene,850.58,Canada,Ottawa,0.5
0,0.21353740763765786,Do Not Intervene,636.4,India,Hyderabad,2.9
0,0.14676050816637937,Do Not Intervene,2261.46,Germany,Munich,1.8
0,0.23629753535964934,Do Not Intervene,275.77,USA,Houston,0.3
1,0.9298171530552938,Trigger Retention Campaign (15% Discount),4051.91,France,Nice,3.4
0,0.11769684452224198,Do Not Intervene,1319.83,USA,New York,4.7
1,0.6628372093891405,Trigger Retention Campaign (15% Discount),508.08,Germany,Cologne,2.1
1,0.9333013422888601,Trigger Retention Campaign (15% Discount),2179.28,UK,Birmingham,0.9
1,0.7761594738325772,Trigger Retention Campaign (15% Discount),1074.53,France,Paris,0.7
0,0.10832634801578309,Do Not Intervene,570.64,Australia,Melbourne,1.5
0,0.16894177798019708,Do Not Intervene,1507.82,USA,Phoenix,2.3
1,0.5447540844744054,Trigger Retention Campaign (15% Discount),928.96,France,Marseille,5.7
1,0.7389045030326713,Trigger Retention Campaign (15% Discount),1889.68,Australia,Melbourne,8.4
0,0.08204450663020185,Do Not Intervene,635.21,USA,Phoenix,0.3
0,0.14069154244644508,Do Not Intervene,1320.3,Germany,Berlin,7.9
0,0.10639047150459775,Do Not Intervene,545.88,USA,Houston,1.3
0,0.5031034074664352,Trigger Retention Campaign (15% Discount),484.17,Canada,Ottawa,1.4
0,0.11457484041203815,Do Not Intervene,1257.36,India,Hyderabad,6.1
0,0.1082169032957192,Do Not Intervene,819.97,UK,Glasgow,3.0
0,0.19796711318569063,Do Not Intervene,2499.61,Canada,Ottawa,7.4
1,0.4646344631676783,Trigger Retention Campaign (15% Discount),1152.89,USA,Houston,2.0
0,0.5057378825738895,Trigger Retention Campaign (15% Discount),1298.59,USA,Houston,1.9
0,0.07578553002342947,Do Not Intervene,964.69,Germany,Berlin,1.7
1,0.6594692095506289,Trigger Retention Campaign (15% Discount),709.69,Australia,Melbourne,2.4
0,0.10909016214247243,Do Not Intervene,755.57,India,Mumbai,4.4
0,0.09005326117473572,Do Not Intervene,1417.25,UK,Glasgow,1.8
1,0.37498851312042514,Trigger Retention Campaign (15% Discount),545.21,Australia,Perth,5.3
0,0.4067128542614196,Trigger Retention Campaign (15% Discount),2775.53,Australia,Perth,1.1
0,0.07834480751305418,Do Not Intervene,2806.21,Australia,Brisbane,0.6
0,0.09292945604131785,Do Not Intervene,1573.08,Canada,Montreal,3.5
0,0.2547992976813645,Do Not Intervene,971.21,USA,Los Angeles,2.4
0,0.1791065160964273,Do Not Intervene,272.76,India,Bangalore,2.9
0,0.13140083396980937,Do Not Intervene,1160.51,Germany,Berlin,1.6
1,0.8516376911213988,Trigger Retention Campaign (15% Discount),2343.93,Germany,Frankfurt,2.4
0,0.4752414291367939,Trigger Retention Campaign (15% Discount),449.36,USA,Phoenix,3.2
0,0.1042024195711377,Do Not Intervene,652.33,Australia,Sydney,6.2
1,0.1257630824029034,Do Not Intervene,3232.53,UK,Glasgow,2.1
1,0.6815141931774461,Trigger Retention Campaign (15% Discount),704.09,UK,Glasgow,3.5
0,0.19403444828299093,Do Not Intervene,1341.51,Germany,Hamburg,4.5
1,0.6995371094912645,Trigger Retention Campaign (15% Discount),1430.46,France,Paris,4.1
1,0.6236098266138501,Trigger Retention Campaign (15% Discount),780.46,Canada,Vancouver,7.7
0,0.17732678757372508,Do Not Intervene,1151.52,France,Lyon,2.9
1,0.2672326504439939,Do Not Intervene,1226.75,USA,Houston,2.8
0,0.30583006475017926,Trigger Retention Campaign (15% Discount),725.96,USA,Houston,0.8
0,0.2904576741615494,Trigger Retention Campaign (15% Discount),1121.28,Germany,Hamburg,3.1
0,0.10227233331756706,Do Not Intervene,1103.35,India,Hyderabad,4.6
0,0.27729639590667876,Do Not Intervene,809.67,Australia,Sydney,4.6
1,0.810945550227872,Trigger Retention Campaign (15% Discount),2165.78,USA,Houston,5.9
0,0.1429621006195811,Do Not Intervene,994.84,USA,Los Angeles,0.7
0,0.16134710316354275,Do Not Intervene,3757.37,India,Chennai,2.5
1,0.8869002790865782,Trigger Retention Campaign (15% Discount),495.91,Australia,Perth,9.7
0,0.30866827972823774,Trigger Retention Campaign (15% Discount),2091.81,USA,Houston,2.3
0,0.06859542915860253,Do Not Intervene,1769.62,USA,Phoenix,3.6
0,0.22719494589919434,Do Not Intervene,706.13,Germany,Berlin,0.8
0,0.17146424771628585,Do Not Intervene,1872.03,UK,Glasgow,1.7
1,0.3399926089609027,Trigger Retention Campaign (15% Discount),802.97,USA,New York,4.3
1,0.9299147117464561,Trigger Retention Campaign (15% Discount),2872.11,Germany,Frankfurt,5.6
0,0.3587215745899608,Trigger Retention Campaign (15% Discount),684.03,USA,Los Angeles,2.3
1,0.18328517560862767,Do Not Intervene,847.84,Japan,Osaka,3.0
0,0.14369475938711226,Do Not Intervene,1939.62,USA,Los Angeles,4.1
1,0.7913403466643589,Trigger Retention Campaign (15% Discount),441.71,France,Lyon,3.9
1,0.9020683957198057,Trigger Retention Campaign (15% Discount),3356.01,USA,Los Angeles,2.1
0,0.3437689121640814,Trigger Retention Campaign (15% Discount),639.11,France,Lyon,4.8
1,0.7946111871853059,Trigger Retention Campaign (15% Discount),896.47,USA,Phoenix,1.5
0,0.11835761915825709,Do Not Intervene,2568.4,USA,New York,3.3
0,0.10854831053034626,Do Not Intervene,1329.2,Japan,Nagoya,2.4
0,0.14958719454326957,Do Not Intervene,2373.78,USA,New York,1.6
0,0.15953843392438014,Do Not Intervene,3404.08,UK,Leeds,3.5
1,0.30119915437013167,Trigger Retention Campaign (15% Discount),1351.67,UK,Birmingham,0.9
0,0.4842948393751325,Trigger Retention Campaign (15% Discount),607.34,USA,Houston,4.7
1,0.8660957038893643,Trigger Retention Campaign (15% Discount),574.66,USA,New York,1.5
0,0.13059335599170407,Do Not Intervene,1859.39,Australia,Perth,4.3
0,0.14016860179185894,Do Not Intervene,810.96,Germany,Frankfurt,2.6
0,0.11118528110023174,Do Not Intervene,413.65,Australia,Sydney,2.3
0,0.20953456960150685,Do Not Intervene,760.87,UK,Manchester,0.7
0,0.1515342931252479,Do Not Intervene,1358.58,UK,Manchester,3.7
0,0.25290227510750524,Do Not Intervene,1490.77,India,Chennai,1.9
0,0.26133382571487157,Do Not Intervene,961.74,Canada,Montreal,1.2
1,0.3159328607351161,Trigger Retention Campaign (15% Discount),970.3,Australia,Brisbane,2.0
1,0.7876349838463714,Trigger Retention Campaign (15% Discount),791.8,UK,Glasgow,2.2
0,0.13341065154997284,Do Not Intervene,768.66,Australia,Melbourne,0.4
1,0.32009719542135984,Trigger Retention Campaign (15% Discount),699.28,Canada,Vancouver,5.8
0,0.16675012205801718,Do Not Intervene,1612.71,France,Marseille,2.2
0,0.27441764889737186,Do Not Intervene,1812.76,India,Chennai,3.0
0,0.1453353878696148,Do Not Intervene,2404.9,India,Chennai,0.4
0,0.4353945852134425,Trigger Retention Campaign (15% Discount),1612.2,USA,Los Angeles,8.2
0,0.1419753833487318,Do Not Intervene,1303.58,Canada,Toronto,5.0
1,0.37309980587933345,Trigger Retention Campaign (15% Discount),804.38,UK,Manchester,1.0
0,0.08911510250834968,Do Not Intervene,1520.03,UK,Manchester,1.6
0,0.10909290275379364,Do Not Intervene,1283.92,Canada,Calgary,0.9
0,0.10230535546152682,Do Not Intervene,1707.84,France,Lyon,2.9
0,0.1349407507613877,Do Not Intervene,3443.91,UK,Birmingham,5.1
1,0.6470607925616702,Trigger Retention Campaign (15% Discount),1551.64,France,Paris,3.0
1,0.2078363394195304,Do Not Intervene,2948.12,USA,New York,0.4
0,0.10780649329131903,Do Not Intervene,858.03,USA,New York,2.6
0,0.3831180313980138,Trigger Retention Campaign (15% Discount),372.83,USA,Houston,0.9
1,0.6336892677723478,Trigger Retention Campaign (15% Discount),1396.17,Australia,Brisbane,0.6
1,0.6952664561695685,Trigger Retention Campaign (15% Discount),691.05,Canada,Vancouver,4.3
1,0.6903261236946056,Trigger Retention Campaign (15% Discount),943.07,India,Delhi,2.0
0,0.33815052575148835,Trigger Retention Campaign (15% Discount),1642.48,USA,Phoenix,1.1
0,0.14494605769761112,Do Not Intervene,1413.21,UK,London,2.5
0,0.11656199976816424,Do Not Intervene,1288.82,France,Lyon,1.6
1,0.7901833486410658,Trigger Retention Campaign (15% Discount),573.98,UK,Manchester,2.4
1,0.9369433255451115,Trigger Retention Campaign (15% Discount),183.34,USA,Los Angeles,1.0
1,0.3242925128238822,Trigger Retention Campaign (15% Discount),916.86,UK,London,0.5
1,0.8351842694516297,Trigger Retention Campaign (15% Discount),514.1,USA,Phoenix,2.7
1,0.9328940277671894,Trigger Retention Campaign (15% Discount),3285.2,USA,Phoenix,2.1
0,0.19308289647281376,Do Not Intervene,451.25,Germany,Hamburg,2.5
1,0.6820172514998525,Trigger Retention Campaign (15% Discount),1102.64,USA,Chicago,3.1
0,0.12881752157353155,Do Not Intervene,1685.43,USA,Los Angeles,6.1
0,0.5020421448477284,Trigger Retention Campaign (15% Discount),408.84,India,Mumbai,6.4
0,0.08972935180485042,Do Not Intervene,1303.85,Japan,Osaka,1.5
1,0.6439680559378965,Trigger Retention Campaign (15% Discount),1001.27,UK,Manchester,0.7
0,0.08807115070113028,Do Not Intervene,1368.38,Canada,Toronto,4.0
0,0.16025586602701047,Do Not Intervene,1002.35,USA,Houston,2.5
1,0.95334784067575,Trigger Retention Campaign (15% Discount),2962.15,UK,Birmingham,2.4
0,0.15192466264432997,Do Not Intervene,1934.92,Canada,Vancouver,0.9
0,0.18679913355975675,Do Not Intervene,738.78,Germany,Munich,3.0
0,0.38619871985586046,Trigger Retention Campaign (15% Discount),511.98,Canada,Ottawa,5.0
0,0.13198837517435627,Do Not Intervene,2425.68,UK,Manchester,1.9
0,0.13990449857821813,Do Not Intervene,1359.23,UK,Glasgow,4.0
0,0.11671171346868241,Do Not Intervene,848.27,USA,Los Angeles,2.3
0,0.11954631558539797,Do Not Intervene,900.27,USA,Houston,3.9
0,0.10406460708756902,Do Not Intervene,1342.04,USA,Houston,2.6
0,0.5369184772484733,Trigger Retention Campaign (15% Discount),887.49,Germany,Frankfurt,2.7
0,0.20682576078151485,Do Not Intervene,1716.2,Australia,Adelaide,6.6
1,0.8229250807026415,Trigger Retention Campaign (15% Discount),3103.15,UK,Glasgow,5.0
0,0.12085039876145656,Do Not Intervene,1373.75,Japan,Osaka,1.8
1,0.6358009324534198,Trigger Retention Campaign (15% Discount),1125.87,UK,Birmingham,2.9
0,0.13965012951288633,Do Not Intervene,3230.13,USA,Los Angeles,8.3
0,0.08433730931387612,Do Not Intervene,648.48,UK,Birmingham,2.2
1,0.2089368338012831,Do Not Intervene,2412.19,USA,New York,3.4
0,0.11538651624153355,Do Not Intervene,2629.45,USA,Los Angeles,1.3
1,0.7262452610992497,Trigger Retention Campaign (15% Discount),266.29,Canada,Toronto,2.1
0,0.27193410577969723,Do Not Intervene,960.88,UK,Leeds,1.7
1,0.9045836971026746,Trigger Retention Campaign (15% Discount),3237.94,Canada,Toronto,1.1
1,0.8840263326116914,Trigger Retention Campaign (15% Discount),2142.79,Japan,Osaka,0.4
0,0.1775360970130187,Do Not Intervene,900.4,USA,Houston,10.0
0,0.15554096749678512,Do Not Intervene,1080.08,Australia,Brisbane,9.2
0,0.1860346272504971,Do Not Intervene,1392.4,USA,Houston,1.7
0,0.1209545391375858,Do Not Intervene,1230.08,USA,Phoenix,1.2
0,0.13306742544967987,Do Not Intervene,1396.18,Japan,Osaka,7.8
0,0.11566574769492746,Do Not Intervene,1882.18,Germany,Munich,1.6
1,0.8722313403073427,Trigger Retention Campaign (15% Discount),2345.25,Japan,Kyoto,1.7
1,0.8984650321450995,Trigger Retention Campaign (15% Discount),2134.24,USA,Phoenix,1.9
1,0.8991489791289784,Trigger Retention Campaign (15% Discount),794.23,France,Toulouse,4.4
0,0.12083241340546971,Do Not Intervene,838.59,France,Marseille,3.5
0,0.13737333117865258,Do Not Intervene,2114.11,USA,Houston,1.7
0,0.11093035719039887,Do Not Intervene,936.37,Australia,Brisbane,0.9
0,0.14135075979499606,Do Not Intervene,990.9,Germany,Berlin,0.9
0,0.5634369196394906,Trigger Retention Campaign (15% Discount),501.93,USA,New York,1.7
0,0.6675063499725978,Trigger Retention Campaign (15% Discount),636.58,Canada,Montreal,1.2
0,0.46418543096246895,Trigger Retention Campaign (15% Discount),746.73,USA,Los Angeles,1.5
0,0.09022549809278026,Do Not Intervene,1678.86,France,Nice,1.7
1,0.9292647244836849,Trigger Retention Campaign (15% Discount),3004.3,Canada,Montreal,10.0
0,0.18376603498113084,Do Not Intervene,716.05,Japan,Yokohama,5.2
1,0.8481373623865894,Trigger Retention Campaign (15% Discount),2842.02,Germany,Berlin,2.8
0,0.1137885728895432,Do Not Intervene,3933.8,India,Bangalore,2.6
0,0.25090446009445183,Do Not Intervene,947.3,USA,Phoenix,2.7
0,0.19839416880219957,Do Not Intervene,2523.82,UK,London,0.3
1,0.9472459264213036,Trigger Retention Campaign (15% Discount),172.1,Canada,Ottawa,2.9
1,0.7783624149004639,Trigger Retention Campaign (15% Discount),368.02,USA,Los Angeles,6.3
0,0.40364296967707136,Trigger Retention Campaign (15% Discount),1615.62,USA,Chicago,1.1
1,0.88490749736169,Trigger Retention Campaign (15% Discount),369.14,USA,Phoenix,4.0
0,0.12126074296630934,Do Not Intervene,2356.07,Japan,Yokohama,6.8
0,0.10043555221983473,Do Not Intervene,772.22,USA,Houston,3.1
1,0.8459198883678896,Trigger Retention Campaign (15% Discount),2182.6,Australia,Sydney,6.2
0,0.169238296832571,Do Not Intervene,4128.53,Germany,Frankfurt,0.7
0,0.12101302381094169,Do Not Intervene,3168.31,Germany,Cologne,1.1
1,0.5944666207862358,Trigger Retention Campaign (15% Discount),973.47,France,Marseille,3.0
0,0.1862357756104459,Do Not Intervene,793.62,USA,Phoenix,2.5
0,0.14583331026274385,Do Not Intervene,2631.85,UK,Leeds,1.0
0,0.29206045779212686,Trigger Retention Campaign (15% Discount),1075.32,UK,Leeds,6.4
0,0.11603719618193972,Do Not Intervene,2203.77,France,Toulouse,1.2
1,0.8356081992924832,Trigger Retention Campaign (15% Discount),773.11,Canada,Calgary,2.3
0,0.14812744628378266,Do Not Intervene,489.83,Germany,Hamburg,10.0
1,0.3228791537592397,Trigger Retention Campaign (15% Discount),609.01,UK,London,3.5
1,0.7187954342226966,Trigger Retention Campaign (15% Discount),2452.39,Australia,Perth,1.7
0,0.1566251986214497,Do Not Intervene,1590.82,Canada,Montreal,2.9
0,0.15866672140981833,Do Not Intervene,565.83,UK,Leeds,0.8
0,0.1373958913621035,Do Not Intervene,976.93,Canada,Vancouver,5.4
0,0.17665839092096308,Do Not Intervene,654.96,UK,Leeds,2.6
1,0.8814303508811403,Trigger Retention Campaign (15% Discount),2819.91,USA,Houston,3.7
0,0.09092944784822495,Do Not Intervene,1300.62,UK,London,3.3
0,0.08177234799949933,Do Not Intervene,1192.34,India,Delhi,1.9
1,0.6512313973984211,Trigger Retention Campaign (15% Discount),784.08,UK,London,2.7
0,0.1438916175558516,Do Not Intervene,1571.46,USA,Houston,7.4
0,0.135315535802981,Do Not Intervene,803.54,Canada,Vancouver,5.0
1,0.1827928934174913,Do Not Intervene,975.39,Germany,Hamburg,2.4
0,0.134565419927771,Do Not Intervene,1211.6,UK,Leeds,2.7
0,0.6335957715292198,Trigger Retention Campaign (15% Discount),799.62,UK,London,4.0
0,0.09679070554688403,Do Not Intervene,1144.89,India,Delhi,2.2
1,0.6673507076300291,Trigger Retention Campaign (15% Discount),457.01,USA,Los Angeles,2.3
0,0.26438206123060753,Do Not Intervene,438.0,France,Marseille,2.6
0,0.12706519916763262,Do Not Intervene,2785.04,Germany,Munich,2.2
0,0.10344015478751761,Do Not Intervene,539.91,Australia,Melbourne,3.5
0,0.21219021528038154,Do Not Intervene,994.63,UK,London,4.1
0,0.2491201008177296,Do Not Intervene,2041.57,UK,Manchester,6.7
1,0.8221462477640311,Trigger Retention Campaign (15% Discount),1081.43,USA,Phoenix,0.6
0,0.4952677382444626,Trigger Retention Campaign (15% Discount),452.43,Canada,Vancouver,0.7
0,0.1358159748545716,Do Not Intervene,679.87,UK,Glasgow,4.6
1,0.5506022668160834,Trigger Retention Campaign (15% Discount),644.88,France,Toulouse,3.1
0,0.14891087449919366,Do Not Intervene,2158.95,India,Mumbai,0.5
1,0.8678501690695168,Trigger Retention Campaign (15% Discount),386.27,France,Nice,3.2
0,0.12146525399789489,Do Not Intervene,1054.78,Germany,Cologne,3.6
0,0.13415936545107424,Do Not Intervene,1093.69,Australia,Adelaide,0.9
0,0.08861644458447902,Do Not Intervene,1061.77,France,Marseille,0.6
0,0.17886784795406727,Do Not Intervene,3138.77,UK,Birmingham,1.1
0,0.17356053937075136,Do Not Intervene,1529.44,Canada,Calgary,8.3
0,0.11691151038478868,Do Not Intervene,1063.59,USA,New York,0.9
0,0.16605292272640498,Do Not Intervene,1953.13,Germany,Cologne,1.0
1,0.6077070401869491,Trigger Retention Campaign (15% Discount),1750.34,UK,Manchester,1.8
0,0.09197777606887422,Do Not Intervene,1515.6,USA,Los Angeles,0.8
0,0.08733277555953134,Do Not Intervene,1224.2,USA,Chicago,1.5
1,0.8818397822457105,Trigger Retention Campaign (15% Discount),341.25,USA,Los Angeles,0.8
0,0.1134421708330711,Do Not Intervene,1062.66,USA,New York,4.0
1,0.6289636017587891,Trigger Retention Campaign (15% Discount),1063.72,USA,Los Angeles,8.0
1,0.07569849534109208,Do Not Intervene,826.76,France,Paris,2.1
0,0.21563214042967335,Do Not Intervene,868.23,Germany,Hamburg,3.9
0,0.19658282826691292,Do Not Intervene,1826.81,Canada,Vancouver,3.7
1,0.47811646770147376,Trigger Retention Campaign (15% Discount),1320.84,USA,Chicago,1.1
0,0.23677624815815904,Do Not Intervene,2165.87,Canada,Montreal,2.1
0,0.2613732090381288,Do Not Intervene,520.01,Australia,Perth,4.6
0,0.28354630581308105,Trigger Retention Campaign (15% Discount),868.9,France,Marseille,4.7
0,0.13754726848129306,Do Not Intervene,555.33,France,Nice,3.3
0,0.559748655620482,Trigger Retention Campaign (15% Discount),548.37,UK,Leeds,2.3
0,0.10761380582183165,Do Not Intervene,1611.88,USA,New York,2.2
0,0.13768589592205988,Do Not Intervene,1878.22,Canada,Ottawa,1.4
0,0.27091558692659673,Do Not Intervene,529.69,USA,Los Angeles,0.4
0,0.6309518709865162,Trigger Retention Campaign (15% Discount),341.36,Canada,Ottawa,0.2
0,0.1436649338552086,Do Not Intervene,2082.16,France,Marseille,3.6
0,0.0997103500785255,Do Not Intervene,780.92,Germany,Cologne,1.9
0,0.19829116811028663,Do Not Intervene,2307.98,Japan,Osaka,1.3
1,0.10347818634227711,Do Not Intervene,974.35,Japan,Nagoya,1.5
0,0.16878300375206615,Do Not Intervene,1822.76,Germany,Cologne,1.3
0,0.13579483812171872,Do Not Intervene,774.83,USA,Los Angeles,1.0
1,0.9148227806597368,Trigger Retention Campaign (15% Discount),4075.81,USA,Chicago,8.9
1,0.8331768907518815,Trigger Retention Campaign (15% Discount),1596.57,India,Mumbai,4.5
0,0.29753830072228826,Trigger Retention Campaign (15% Discount),1238.16,USA,Phoenix,3.9
0,0.10939142324796078,Do Not Intervene,682.48,USA,Houston,2.8
1,0.947761878492944,Trigger Retention Campaign (15% Discount),2734.86,Japan,Nagoya,10.0
0,0.20289877096170547,Do Not Intervene,3053.33,USA,Chicago,5.8
1,0.9355233772257168,Trigger Retention Campaign (15% Discount),2453.89,USA,Los Angeles,2.6
0,0.13831452842951505,Do Not Intervene,2458.78,Germany,Berlin,2.4
0,0.16220581636557158,Do Not Intervene,1367.63,USA,New York,0.8
0,0.1682620982051249,Do Not Intervene,1257.88,USA,Phoenix,1.2
1,0.9210243347146541,Trigger Retention Campaign (15% Discount),566.69,Australia,Brisbane,2.6
1,0.9469326119535882,Trigger Retention Campaign (15% Discount),2696.5,Germany,Hamburg,2.3
1,0.8105674090454765,Trigger Retention Campaign (15% Discount),2066.99,USA,Los Angeles,0.7
1,0.5700376797202761,Trigger Retention Campaign (15% Discount),1228.34,Australia,Brisbane,0.8
0,0.09925485470547443,Do Not Intervene,4323.58,USA,Houston,2.8
0,0.12099274818948239,Do Not Intervene,1678.28,USA,Chicago,2.0
0,0.20108951470798483,Do Not Intervene,1628.02,USA,Los Angeles,9.2
0,0.08030248547773641,Do Not Intervene,1988.05,USA,Los Angeles,2.0
0,0.12381260100360171,Do Not Intervene,1067.47,UK,Manchester,1.6
0,0.08912348344758204,Do Not Intervene,1253.0,USA,Los Angeles,8.0
1,0.5156588711381848,Trigger Retention Campaign (15% Discount),1259.17,Germany,Cologne,0.9
0,0.13896279566061073,Do Not Intervene,647.53,USA,New York,3.6
1,0.9184112725567459,Trigger Retention Campaign (15% Discount),2547.54,Germany,Hamburg,2.9
0,0.12992147039037946,Do Not Intervene,1063.35,USA,Chicago,0.8
0,0.1019595391251279,Do Not Intervene,679.32,USA,Chicago,1.9
0,0.11699191435594493,Do Not Intervene,827.3,UK,Birmingham,2.2
0,0.2291334113011426,Do Not Intervene,507.39,Canada,Toronto,5.1
0,0.09861660190030294,Do Not Intervene,1766.4,USA,Chicago,5.6
1,0.8317130490425929,Trigger Retention Campaign (15% Discount),2292.61,Germany,Munich,6.8
0,0.08787546272619215,Do Not Intervene,1420.37,USA,Houston,1.0
0,0.13031041936226498,Do Not Intervene,1370.4,USA,New York,5.7
0,0.11928933047062028,Do Not Intervene,1451.69,USA,Chicago,0.8
1,0.7028645423120239,Trigger Retention Campaign (15% Discount),729.43,Germany,Munich,0.9
0,0.4900694119199109,Trigger Retention Campaign (15% Discount),845.37,Australia,Brisbane,2.7
0,0.13177177525100137,Do Not Intervene,1154.08,USA,Houston,6.5
1,0.9206195473146643,Trigger Retention Campaign (15% Discount),2715.33,France,Lyon,2.3
0,0.1368186825522886,Do Not Intervene,584.54,UK,Manchester,5.4
1,0.816359179981221,Trigger Retention Campaign (15% Discount),1305.5,Germany,Hamburg,2.5
1,0.9551830576942697,Trigger Retention Campaign (15% Discount),2936.63,UK,Glasgow,2.9
1,0.9255680161580158,Trigger Retention Campaign (15% Discount),597.23,UK,Glasgow,6.1
1,0.6703446595196126,Trigger Retention Campaign (15% Discount),428.9,France,Paris,1.8
0,0.11758056549741751,Do Not Intervene,1129.99,USA,Chicago,6.7
1,0.6529278040561255,Trigger Retention Campaign (15% Discount),690.21,Canada,Montreal,8.1
1,0.9129659323613224,Trigger Retention Campaign (15% Discount),3513.59,USA,Los Angeles,1.4
1,0.6486587748983382,Trigger Retention Campaign (15% Discount),806.85,Australia,Adelaide,3.0
1,0.9082037224729166,Trigger Retention Campaign (15% Discount),2785.63,UK,Manchester,2.8
0,0.13885157392510317,Do Not Intervene,1221.77,USA,Los Angeles,0.6
1,0.9603653103589366,Trigger Retention Campaign (15% Discount),242.76,USA,Phoenix,3.6
1,0.8780162189302818,Trigger Retention Campaign (15% Discount),6188.42,Canada,Toronto,2.0
1,0.9069300721379089,Trigger Retention Campaign (15% Discount),2334.04,USA,Houston,0.7
1,0.89795036455416,Trigger Retention Campaign (15% Discount),2452.83,Canada,Calgary,0.5
1,0.7723266914736461,Trigger Retention Campaign (15% Discount),1045.37,USA,Phoenix,3.6
0,0.17323498491939046,Do Not Intervene,1019.62,Australia,Adelaide,4.6
0,0.3895031814849215,Trigger Retention Campaign (15% Discount),567.8,UK,London,2.6
1,0.9334258084356961,Trigger Retention Campaign (15% Discount),2724.9,Australia,Adelaide,1.2
1,0.6927654311484635,Trigger Retention Campaign (15% Discount),1290.31,USA,New York,5.0
0,0.23343486762570934,Do Not Intervene,535.44,USA,Chicago,1.9
0,0.1381150395061172,Do Not Intervene,900.75,USA,Phoenix,5.6
1,0.8515029989230193,Trigger Retention Campaign (15% Discount),2059.62,USA,New York,0.6
0,0.11853665933426512,Do Not Intervene,1479.95,Canada,Toronto,6.7
1,0.12424369148229138,Do Not Intervene,1687.01,France,Paris,5.3
0,0.14585386714261478,Do Not Intervene,1431.94,Germany,Hamburg,0.7
0,0.1403711982341065,Do Not Intervene,637.48,Australia,Adelaide,1.3
0,0.09459997624431335,Do Not Intervene,1104.99,Canada,Toronto,2.4
0,0.13280364567193811,Do Not Intervene,997.96,USA,Houston,5.2
0,0.10631637224666342,Do Not Intervene,1030.52,Canada,Montreal,3.2
0,0.2614485564707056,Do Not Intervene,1339.91,UK,London,3.7
0,0.15440332124490216,Do Not Intervene,1120.91,Japan,Nagoya,4.2
1,0.506884711397549,Trigger Retention Campaign (15% Discount),795.22,India,Delhi,1.9
0,0.1373757515629534,Do Not Intervene,1399.45,UK,Manchester,0.1
1,0.7039773212815228,Trigger Retention Campaign (15% Discount),629.71,UK,Glasgow,2.7
0,0.3750160276446418,Trigger Retention Campaign (15% Discount),1230.67,Germany,Cologne,2.0
1,0.8794024573829607,Trigger Retention Campaign (15% Discount),518.87,France,Lyon,3.6
1,0.17689785612210523,Do Not Intervene,2358.87,Canada,Toronto,4.9
1,0.9165473391420029,Trigger Retention Campaign (15% Discount),236.16,Germany,Munich,3.5
0,0.21223608334109126,Do Not Intervene,692.19,UK,London,1.6
0,0.12160737722404084,Do Not Intervene,1247.49,Australia,Brisbane,3.9
0,0.07919105583049596,Do Not Intervene,1552.0,USA,Phoenix,5.5
0,0.55706742717495,Trigger Retention Campaign (15% Discount),434.48,Canada,Ottawa,2.6
0,0.10199145843507257,Do Not Intervene,1028.82,Canada,Montreal,3.1
1,0.13568404864757186,Do Not Intervene,1437.49,UK,Manchester,1.3
0,0.20132695285272026,Do Not Intervene,1686.31,Australia,Adelaide,5.7
0,0.45257491837804026,Trigger Retention Campaign (15% Discount),1324.85,UK,Glasgow,1.2
0,0.35233834375539524,Trigger Retention Campaign (15% Discount),185.2,Canada,Vancouver,3.1
0,0.17975250271936613,Do Not Intervene,1891.84,UK,Glasgow,1.8
0,0.13006158091244557,Do Not Intervene,774.65,Australia,Melbourne,1.4
1,0.16614980608661775,Do Not Intervene,1671.49,UK,Birmingham,2.0
0,0.17527510758183332,Do Not Intervene,951.32,UK,London,1.6
0,0.11509880521148862,Do Not Intervene,1625.57,Canada,Toronto,3.2
1,0.7587405389118552,Trigger Retention Campaign (15% Discount),532.26,Australia,Perth,0.5
0,0.5604072482176647,Trigger Retention Campaign (15% Discount),797.13,Japan,Nagoya,4.5
1,0.3985014461395736,Trigger Retention Campaign (15% Discount),799.31,USA,New York,2.3
0,0.22581445530833316,Do Not Intervene,1549.11,Canada,Vancouver,2.6
1,0.7524737142129245,Trigger Retention Campaign (15% Discount),111.39,Canada,Montreal,2.1
1,0.4822416551212718,Trigger Retention Campaign (15% Discount),871.77,USA,New York,0.7
0,0.10223231667487832,Do Not Intervene,1416.12,France,Toulouse,2.5
0,0.1063858839667465,Do Not Intervene,2041.85,USA,Phoenix,0.9
0,0.4612840749035032,Trigger Retention Campaign (15% Discount),613.16,UK,London,4.2
1,0.9421542214793941,Trigger Retention Campaign (15% Discount),2202.72,UK,Leeds,6.0
0,0.21118159542924478,Do Not Intervene,4174.86,UK,London,1.9
0,0.45148189084487994,Trigger Retention Campaign (15% Discount),1592.33,USA,Phoenix,0.4
1,0.8560471864259054,Trigger Retention Campaign (15% Discount),2393.8,Germany,Cologne,3.5
0,0.1341839178357774,Do Not Intervene,3491.25,Germany,Munich,3.4
1,0.23805096361851918,Do Not Intervene,1456.01,Canada,Calgary,2.3
1,0.9208641292961359,Trigger Retention Campaign (15% Discount),258.28,India,Chennai,3.2
0,0.2090582790765885,Do Not Intervene,1184.82,Australia,Sydney,2.2
1,0.7468202876976805,Trigger Retention Campaign (15% Discount),365.07,France,Toulouse,4.2
1,0.17454114933279455,Do Not Intervene,445.49,USA,New York,4.1
0,0.6980452313155415,Trigger Retention Campaign (15% Discount),408.79,Germany,Munich,4.4
0,0.7071365205842457,Trigger Retention Campaign (15% Discount),933.16,USA,Chicago,2.2
0,0.11022650594371262,Do Not Intervene,2208.66,Australia,Brisbane,1.6
0,0.1870992555576711,Do Not Intervene,1100.63,India,Chennai,2.3
0,0.771297975850916,Trigger Retention Campaign (15% Discount),655.9,USA,Phoenix,3.5
0,0.25336991169340983,Do Not Intervene,575.7,Canada,Toronto,4.8
1,0.7048141667829587,Trigger Retention Campaign (15% Discount),2174.33,Canada,Toronto,2.3
0,0.1495215605324179,Do Not Intervene,4361.32,Canada,Toronto,1.9
0,0.13156636716982953,Do Not Intervene,3596.08,UK,London,1.1
1,0.9236889781498874,Trigger Retention Campaign (15% Discount),2592.57,Germany,Munich,1.4
0,0.24389461131072795,Do Not Intervene,607.14,India,Bangalore,0.7
1,0.7157396457443724,Trigger Retention Campaign (15% Discount),330.22,UK,Leeds,2.3
1,0.8961598984292057,Trigger Retention Campaign (15% Discount),2610.99,France,Toulouse,6.5
1,0.9261191833389004,Trigger Retention Campaign (15% Discount),2165.1,India,Delhi,4.3
1,0.8438285377650431,Trigger Retention Campaign (15% Discount),416.26,Japan,Yokohama,1.3
0,0.21445414162159582,Do Not Intervene,1594.73,Australia,Perth,2.4
1,0.9097960879105004,Trigger Retention Campaign (15% Discount),410.79,Canada,Montreal,3.2
0,0.3808299583691218,Trigger Retention Campaign (15% Discount),610.08,Canada,Ottawa,2.0
0,0.07602314648439826,Do Not Intervene,1156.04,Australia,Brisbane,1.7
0,0.132442229979619,Do Not Intervene,1583.6,Canada,Ottawa,6.0
0,0.10355403062286131,Do Not Intervene,1111.22,USA,Los Angeles,1.2
0,0.11350582851590224,Do Not Intervene,1198.37,USA,Chicago,4.3
0,0.2745983277946776,Do Not Intervene,1010.55,UK,London,2.4
0,0.07463298556399361,Do Not Intervene,1485.23,Germany,Munich,1.2
0,0.11397518425477114,Do Not Intervene,1624.43,Japan,Nagoya,4.9
0,0.15600742402764894,Do Not Intervene,1079.6,USA,New York,1.1
0,0.40382665413897817,Trigger Retention Campaign (15% Discount),383.01,Canada,Montreal,6.3
0,0.1572047904209385,Do Not Intervene,1872.4,Germany,Cologne,2.4
0,0.08734714730480636,Do Not Intervene,1748.25,UK,Leeds,4.4
1,0.9274819878623122,Trigger Retention Campaign (15% Discount),3555.27,USA,Houston,7.1
0,0.13848720879914236,Do Not Intervene,869.87,Japan,Osaka,3.0
0,0.1254812368545522,Do Not Intervene,988.52,Japan,Yokohama,1.7
0,0.10945687252464978,Do Not Intervene,1379.46,Australia,Melbourne,0.9
0,0.23231248626466608,Do Not Intervene,362.43,India,Hyderabad,1.9
0,0.3071501287265001,Trigger Retention Campaign (15% Discount),194.49,UK,Birmingham,3.8
1,0.675936743132212,Trigger Retention Campaign (15% Discount),466.42,France,Toulouse,3.7
0,0.10662652531384534,Do Not Intervene,1717.69,USA,Phoenix,0.7
0,0.775982564813159,Trigger Retention Campaign (15% Discount),842.3,Canada,Ottawa,1.6
1,0.11291477599527568,Do Not Intervene,1379.4,USA,Chicago,3.0
0,0.11452676107105293,Do Not Intervene,1660.78,USA,Houston,3.4
1,0.7321608242404005,Trigger Retention Campaign (15% Discount),1013.66,USA,New York,9.3
1,0.8267398383750327,Trigger Retention Campaign (15% Discount),2183.23,Canada,Ottawa,2.5
0,0.11622203146685477,Do Not Intervene,1049.86,UK,London,6.0
0,0.1363254389746988,Do Not Intervene,1665.16,France,Paris,2.8
0,0.09970169358548846,Do Not Intervene,1262.64,Australia,Perth,3.1
0,0.2042956701879931,Do Not Intervene,2260.98,France,Nice,3.0
1,0.9293311205750399,Trigger Retention Campaign (15% Discount),2048.51,Canada,Vancouver,3.1
0,0.16207450263386797,Do Not Intervene,1553.79,USA,New York,0.8
0,0.3358489046807139,Trigger Retention Campaign (15% Discount),949.09,USA,Los Angeles,0.8
0,0.1618616907485148,Do Not Intervene,1938.61,UK,Manchester,1.8
1,0.8632896471084435,Trigger Retention Campaign (15% Discount),1961.72,Australia,Adelaide,2.0
0,0.09856593813577046,Do Not Intervene,2406.51,USA,Phoenix,2.0
0,0.15398437081897456,Do Not Intervene,1564.32,Australia,Melbourne,5.5
1,0.738452114113315,Trigger Retention Campaign (15% Discount),336.2,UK,Glasgow,3.5
0,0.2770885661571517,Do Not Intervene,2437.85,Canada,Calgary,2.7
0,0.5673180122575566,Trigger Retention Campaign (15% Discount),264.31,USA,Phoenix,0.8
0,0.33113257093984927,Trigger Retention Campaign (15% Discount),1573.43,India,Mumbai,1.7
0,0.1310661744965514,Do Not Intervene,2773.54,France,Nice,0.8
0,0.1258827206753453,Do Not Intervene,2169.58,Australia,Melbourne,1.0
0,0.12201716616912534,Do Not Intervene,1913.09,Canada,Montreal,0.1
0,0.12369119977961494,Do Not Intervene,2458.47,UK,Leeds,0.8
0,0.4841432768197505,Trigger Retention Campaign (15% Discount),632.11,Germany,Berlin,2.5
0,0.5661036541011923,Trigger Retention Campaign (15% Discount),1451.01,USA,Phoenix,4.0
0,0.30867704013997377,Trigger Retention Campaign (15% Discount),1188.67,Canada,Vancouver,1.3
0,0.10200684554824617,Do Not Intervene,747.09,UK,Manchester,5.5
1,0.7616568909633586,Trigger Retention Campaign (15% Discount),1364.3,France,Nice,8.1
0,0.15825514102150579,Do Not Intervene,910.23,Germany,Hamburg,2.4
1,0.897158439357799,Trigger Retention Campaign (15% Discount),2496.73,India,Mumbai,1.5
0,0.16627862998017356,Do Not Intervene,890.06,Australia,Adelaide,2.5
0,0.11467807894017927,Do Not Intervene,1696.68,Australia,Perth,4.2
0,0.35234407750666813,Trigger Retention Campaign (15% Discount),1823.31,India,Mumbai,1.1
0,0.15779405313865907,Do Not Intervene,3197.56,USA,Houston,2.5
0,0.7644234938146094,Trigger Retention Campaign (15% Discount),378.32,India,Hyderabad,6.5
0,0.17948925899801804,Do Not Intervene,2004.7,USA,New York,2.3
0,0.09864229746167565,Do Not Intervene,1302.2,India,Delhi,0.9
0,0.26985108479363196,Do Not Intervene,1381.8,Germany,Cologne,2.8
0,0.13139313291035193,Do Not Intervene,3115.67,Australia,Adelaide,3.6
1,0.8524661596900464,Trigger Retention Campaign (15% Discount),1934.38,Canada,Calgary,3.2
0,0.2459513091726322,Do Not Intervene,1776.09,Canada,Calgary,7.3
1,0.7948919695874914,Trigger Retention Campaign (15% Discount),383.79,France,Marseille,4.2
0,0.17396105417699165,Do Not Intervene,1155.33,Canada,Calgary,3.5
0,0.14626894178151387,Do Not Intervene,493.71,USA,Houston,2.4
1,0.3795009676047139,Trigger Retention Campaign (15% Discount),1329.23,UK,Birmingham,9.6
0,0.11929364976197115,Do Not Intervene,1684.94,UK,Birmingham,0.7
0,0.10753460298778514,Do Not Intervene,1272.21,Germany,Cologne,3.6
0,0.4414437964418078,Trigger Retention Campaign (15% Discount),504.24,Australia,Perth,3.6
0,0.12336514874178445,Do Not Intervene,581.44,Australia,Sydney,2.8
0,0.11554565800710481,Do Not Intervene,1790.45,USA,Chicago,1.7
0,0.1053530722700831,Do Not Intervene,1022.9,UK,Manchester,3.6
1,0.8535675300855943,Trigger Retention Campaign (15% Discount),2037.82,USA,Los Angeles,2.9
0,0.1365029374154416,Do Not Intervene,1109.65,USA,Los Angeles,0.9
0,0.1421216964380388,Do Not Intervene,3559.55,France,Nice,0.6
0,0.09206329574713257,Do Not Intervene,1561.15,Canada,Vancouver,1.2
0,0.2240919119078196,Do Not Intervene,1662.37,Germany,Hamburg,1.8
0,0.1353625935788377,Do Not Intervene,1655.1,Australia,Brisbane,4.6
0,0.1306975036531306,Do Not Intervene,1167.02,Australia,Sydney,2.6
0,0.18111936585216398,Do Not Intervene,3967.81,Australia,Melbourne,5.1
1,0.7288168248438329,Trigger Retention Campaign (15% Discount),1409.15,USA,Chicago,5.8
0,0.3717181523464897,Trigger Retention Campaign (15% Discount),1502.22,UK,Manchester,1.1
0,0.12914973945839572,Do Not Intervene,1135.22,USA,Chicago,3.8
0,0.11281328914207617,Do Not Intervene,4971.77,Germany,Cologne,1.9
0,0.535382816178181,Trigger Retention Campaign (15% Discount),1754.18,UK,Glasgow,1.7
0,0.08802560721249346,Do Not Intervene,1567.48,UK,Glasgow,1.1
0,0.084050138920879,Do Not Intervene,1460.14,UK,Birmingham,0.6
0,0.15055696802714308,Do Not Intervene,1742.97,USA,New York,3.0
0,0.1528629744447308,Do Not Intervene,1699.51,USA,New York,1.2
0,0.12901175378544263,Do Not Intervene,1208.35,UK,Birmingham,4.2
0,0.2942206164657052,Trigger Retention Campaign (15% Discount),741.13,USA,New York,1.7
1,0.2463668373601898,Do Not Intervene,1155.29,Japan,Yokohama,2.1
0,0.19950782344049808,Do Not Intervene,1372.66,UK,London,2.3
1,0.8401958627176863,Trigger Retention Campaign (15% Discount),1954.02,Germany,Berlin,8.0
0,0.11980717917057808,Do Not Intervene,1947.78,UK,Leeds,9.5
0,0.12448243532664209,Do Not Intervene,671.53,Australia,Perth,2.3
0,0.09266634291312296,Do Not Intervene,825.2,Japan,Kyoto,7.6
0,0.14552623206244428,Do Not Intervene,2507.38,UK,Leeds,2.0
0,0.48341215498864526,Trigger Retention Campaign (15% Discount),645.93,USA,New York,4.1
0,0.21842056739456656,Do Not Intervene,2786.55,USA,Houston,2.4
0,0.16030744166849703,Do Not Intervene,3697.58,UK,Birmingham,2.0
0,0.1711648149585463,Do Not Intervene,1823.71,Australia,Adelaide,2.8
1,0.7462875621851977,Trigger Retention Campaign (15% Discount),1055.49,Germany,Hamburg,3.4
1,0.12074468175068413,Do Not Intervene,1054.68,USA,Chicago,9.1
1,0.7497341484073664,Trigger Retention Campaign (15% Discount),745.41,Australia,Melbourne,0.8
0,0.22248296024251515,Do Not Intervene,1607.2,USA,Los Angeles,5.9
0,0.2528612313259264,Do Not Intervene,289.92,UK,Glasgow,1.6
0,0.09745801868080788,Do Not Intervene,1564.73,Germany,Hamburg,7.7
0,0.12301239551339595,Do Not Intervene,1292.04,India,Delhi,3.9
0,0.1638932909934872,Do Not Intervene,2031.5,Germany,Hamburg,6.4
0,0.4614824867218389,Trigger Retention Campaign (15% Discount),620.74,Canada,Montreal,4.4
0,0.27634001230537975,Do Not Intervene,997.71,India,Mumbai,1.2
0,0.19380177309293642,Do Not Intervene,2208.76,Canada,Calgary,6.3
0,0.1324342434447703,Do Not Intervene,1471.66,UK,London,2.2
0,0.17001703387606354,Do Not Intervene,659.85,Australia,Melbourne,4.1
0,0.11131009362456049,Do Not Intervene,1539.32,Germany,Berlin,3.3
0,0.5269754724738874,Trigger Retention Campaign (15% Discount),1336.32,USA,New York,1.8
1,0.9069080367994127,Trigger Retention Campaign (15% Discount),977.8,USA,Los Angeles,2.4
0,0.14810279456121914,Do Not Intervene,846.73,Germany,Cologne,1.2
1,0.4660917615747997,Trigger Retention Campaign (15% Discount),506.68,Germany,Hamburg,1.6
0,0.18045799736697204,Do Not Intervene,1510.14,Canada,Montreal,4.0
0,0.110498843698889,Do Not Intervene,1787.07,Germany,Berlin,2.6
1,0.2870828716336455,Trigger Retention Campaign (15% Discount),2140.3,UK,Glasgow,4.1
1,0.1773193387550945,Do Not Intervene,1789.97,USA,New York,2.6
0,0.08783558941382852,Do Not Intervene,1299.51,USA,Chicago,5.1
1,0.7809562970775261,Trigger Retention Campaign (15% Discount),890.95,Australia,Perth,1.1
1,0.7274484627129385,Trigger Retention Campaign (15% Discount),387.02,Japan,Kyoto,4.3
0,0.16560470240410624,Do Not Intervene,483.9,India,Chennai,1.0
0,0.13744729906743347,Do Not Intervene,950.24,Canada,Calgary,1.1
0,0.2115415407156035,Do Not Intervene,851.55,UK,Birmingham,2.1
0,0.09267099492623201,Do Not Intervene,1062.82,USA,Houston,1.9
0,0.5544529826138114,Trigger Retention Campaign (15% Discount),402.62,Canada,Ottawa,1.3
1,0.8359544296330488,Trigger Retention Campaign (15% Discount),2154.37,France,Lyon,4.1
0,0.5639203567381346,Trigger Retention Campaign (15% Discount),678.14,Germany,Cologne,1.1
0,0.24939652163987902,Do Not Intervene,736.04,Australia,Perth,3.0
0,0.16276673082910798,Do Not Intervene,3442.85,UK,Birmingham,4.2
1,0.7652608831213722,Trigger Retention Campaign (15% Discount),1321.8,USA,Phoenix,0.1
0,0.19434859409816607,Do Not Intervene,1613.1,UK,Manchester,2.7
1,0.7494562320125756,Trigger Retention Campaign (15% Discount),1063.05,Australia,Brisbane,0.8
1,0.9108148512749716,Trigger Retention Campaign (15% Discount),3215.62,USA,Chicago,2.1
1,0.7367461317356081,Trigger Retention Campaign (15% Discount),273.0,USA,Phoenix,3.0
1,0.6337233652412452,Trigger Retention Campaign (15% Discount),475.81,USA,Chicago,2.5
0,0.33829175051981714,Trigger Retention Campaign (15% Discount),1479.9,Australia,Sydney,2.7
1,0.5327922041807165,Trigger Retention Campaign (15% Discount),1012.19,UK,London,4.7
1,0.8460890400131071,Trigger Retention Campaign (15% Discount),2506.52,India,Bangalore,3.4
0,0.22037575774551027,Do Not Intervene,1482.74,Australia,Adelaide,0.3
0,0.15325018695628545,Do Not Intervene,1026.29,UK,Manchester,1.8
0,0.14868923441646784,Do Not Intervene,2907.6,USA,Houston,0.6
1,0.7977718666686178,Trigger Retention Campaign (15% Discount),833.4,USA,Los Angeles,0.5
1,0.867549614645505,Trigger Retention Campaign (15% Discount),2947.12,Canada,Toronto,0.9
0,0.08697300505153382,Do Not Intervene,1613.72,USA,Houston,3.0
0,0.11659103165646359,Do Not Intervene,2066.42,UK,Birmingham,1.7
0,0.15024919117615165,Do Not Intervene,4037.34,Australia,Brisbane,1.0
0,0.11316757321851688,Do Not Intervene,947.9,UK,Glasgow,10.0
0,0.09762553865315021,Do Not Intervene,1854.19,UK,London,1.2
0,0.3670907820017735,Trigger Retention Campaign (15% Discount),139.41,Australia,Brisbane,2.7
0,0.15876945156534764,Do Not Intervene,2620.5,USA,New York,2.1
0,0.15760705283474388,Do Not Intervene,3563.69,Australia,Melbourne,1.4
1,0.6156983827164351,Trigger Retention Campaign (15% Discount),1092.24,USA,Phoenix,5.3
0,0.13162122906510487,Do Not Intervene,2078.21,UK,London,3.2
0,0.11283994929398417,Do Not Intervene,808.81,USA,Chicago,4.8
0,0.12670245052397316,Do Not Intervene,2278.21,Canada,Vancouver,3.2
0,0.3402339956042617,Trigger Retention Campaign (15% Discount),284.82,USA,Los Angeles,1.5
1,0.7445076723125151,Trigger Retention Campaign (15% Discount),1348.96,Australia,Brisbane,1.3
0,0.1065239931342841,Do Not Intervene,1169.32,France,Nice,1.1
1,0.7377837630506937,Trigger Retention Campaign (15% Discount),1911.56,Canada,Ottawa,4.6
0,0.12498997782952466,Do Not Intervene,2900.28,USA,New York,3.4
0,0.19968144286126555,Do Not Intervene,1264.49,Australia,Melbourne,0.5
0,0.09955951265797243,Do Not Intervene,1016.9,Canada,Calgary,4.1
0,0.11015929937119885,Do Not Intervene,3081.02,USA,Chicago,8.5
0,0.15522241872233666,Do Not Intervene,2422.76,USA,Los Angeles,4.2
0,0.09004928525626697,Do Not Intervene,796.86,Canada,Ottawa,5.1
0,0.18399165225289593,Do Not Intervene,402.69,Germany,Frankfurt,3.1
1,0.6805828501366681,Trigger Retention Campaign (15% Discount),610.01,USA,Houston,2.2
0,0.13178921720593476,Do Not Intervene,2568.52,USA,Chicago,3.9
0,0.1489252675566556,Do Not Intervene,1269.76,Canada,Ottawa,1.4
1,0.8401932403669339,Trigger Retention Campaign (15% Discount),609.35,Australia,Brisbane,7.0
0,0.12439338739143863,Do Not Intervene,1314.1,Canada,Montreal,5.4
1,0.7776681969021207,Trigger Retention Campaign (15% Discount),445.51,Australia,Brisbane,4.0
1,0.8875897978519752,Trigger Retention Campaign (15% Discount),464.65,UK,Manchester,1.6
0,0.17552559810075,Do Not Intervene,1874.06,India,Delhi,3.0
0,0.4954388659693842,Trigger Retention Campaign (15% Discount),380.18,Japan,Yokohama,4.7
0,0.15090779656190054,Do Not Intervene,505.27,Germany,Berlin,2.6
0,0.1838409378071603,Do Not Intervene,904.26,France,Lyon,4.5
0,0.09277326114090766,Do Not Intervene,804.02,France,Marseille,0.9
0,0.10443853869720167,Do Not Intervene,1074.92,USA,Phoenix,2.7
0,0.14014293469406425,Do Not Intervene,1329.12,India,Bangalore,8.0
1,0.391143004450548,Trigger Retention Campaign (15% Discount),266.51,Australia,Melbourne,4.6
0,0.10527993514936895,Do Not Intervene,1488.38,USA,Chicago,5.1
0,0.15699337880130337,Do Not Intervene,1324.22,UK,Birmingham,2.5
0,0.21072145307546655,Do Not Intervene,1754.43,USA,Los Angeles,5.6
0,0.08558737040194542,Do Not Intervene,1382.37,Australia,Brisbane,3.7
1,0.8841254262876646,Trigger Retention Campaign (15% Discount),1923.69,Canada,Ottawa,4.2
0,0.12228409163698276,Do Not Intervene,3594.41,Germany,Hamburg,1.5
0,0.1136683070492646,Do Not Intervene,1600.21,Germany,Frankfurt,7.8
0,0.09949419662938087,Do Not Intervene,1626.9,UK,Leeds,2.9
0,0.23929766620639778,Do Not Intervene,1689.14,India,Chennai,0.9
1,0.9129587557061872,Trigger Retention Campaign (15% Discount),2819.3,UK,London,10.0
0,0.10866201945498105,Do Not Intervene,1179.05,India,Chennai,2.5
0,0.12442267730123381,Do Not Intervene,1618.17,USA,New York,3.6
0,0.12207503783200935,Do Not Intervene,970.6,Australia,Sydney,2.5
0,0.34123279171024845,Trigger Retention Campaign (15% Discount),564.0,India,Chennai,0.5
0,0.33351162646605886,Trigger Retention Campaign (15% Discount),1106.99,Australia,Perth,7.0
0,0.11259520741780032,Do Not Intervene,1489.25,Japan,Nagoya,1.1
0,0.5154549905180308,Trigger Retention Campaign (15% Discount),1226.99,USA,New York,3.9
0,0.174947879446418,Do Not Intervene,1885.86,Germany,Munich,1.0
1,0.947245105277035,Trigger Retention Campaign (15% Discount),685.99,India,Bangalore,2.7
0,0.349351873507749,Trigger Retention Campaign (15% Discount),459.31,USA,Los Angeles,7.8
0,0.19381187195734828,Do Not Intervene,1026.61,Japan,Nagoya,10.0
1,0.1743915900298629,Do Not Intervene,605.34,USA,Los Angeles,1.0
1,0.9329842282475025,Trigger Retention Campaign (15% Discount),238.88,India,Bangalore,0.5
0,0.6378054522349758,Trigger Retention Campaign (15% Discount),382.03,Canada,Montreal,4.4
0,0.15687715362958654,Do Not Intervene,2271.79,UK,London,7.3
1,0.39414609443885384,Trigger Retention Campaign (15% Discount),1204.8,India,Hyderabad,5.1
0,0.36397916943703196,Trigger Retention Campaign (15% Discount),355.67,France,Lyon,8.4
1,0.775656770854985,Trigger Retention Campaign (15% Discount),1806.38,Canada,Ottawa,2.6
0,0.18734902722531424,Do Not Intervene,1317.38,Germany,Munich,2.0
1,0.8961293804302756,Trigger Retention Campaign (15% Discount),1934.06,USA,New York,3.0
0,0.158120530701845,Do Not Intervene,834.18,UK,Manchester,3.1
0,0.4452185707391203,Trigger Retention Campaign (15% Discount),1758.65,France,Nice,3.9
0,0.5057571661737196,Trigger Retention Campaign (15% Discount),1333.03,UK,London,4.3
0,0.14383611632746324,Do Not Intervene,2331.22,UK,Manchester,1.7
0,0.12847944795177305,Do Not Intervene,1488.4,Australia,Adelaide,2.4
1,0.8868710187399891,Trigger Retention Campaign (15% Discount),2231.59,UK,Birmingham,1.4
0,0.1408408549458272,Do Not Intervene,5677.78,USA,New York,2.7
0,0.11908504771564349,Do Not Intervene,2430.26,USA,Phoenix,3.9
1,0.7782073481302823,Trigger Retention Campaign (15% Discount),1026.64,USA,New York,5.1
0,0.13166369119272436,Do Not Intervene,1893.18,India,Hyderabad,1.1
1,0.5693985731511375,Trigger Retention Campaign (15% Discount),957.23,Australia,Sydney,2.4
0,0.5140764113811259,Trigger Retention Campaign (15% Discount),967.32,UK,Birmingham,0.6
0,0.08804134815129797,Do Not Intervene,998.52,USA,Phoenix,3.5
0,0.14693042055893998,Do Not Intervene,1622.06,USA,Houston,0.6
0,0.17060901982670384,Do Not Intervene,1182.25,Canada,Montreal,7.3
0,0.08842656625704225,Do Not Intervene,1831.78,UK,Leeds,1.7
0,0.3056354159516336,Trigger Retention Campaign (15% Discount),441.19,Australia,Brisbane,1.0
0,0.11102248325909878,Do Not Intervene,1648.37,Germany,Berlin,1.3
0,0.14395221041690592,Do Not Intervene,945.42,USA,Houston,5.2
1,0.6963642909014485,Trigger Retention Campaign (15% Discount),1346.33,USA,Houston,8.2
0,0.11809827114541033,Do Not Intervene,835.52,Japan,Tokyo,0.7
0,0.11986050960484006,Do Not Intervene,1350.02,USA,New York,2.6
0,0.16041099940886291,Do Not Intervene,1884.43,Canada,Ottawa,2.0
0,0.18955429584899716,Do Not Intervene,1358.31,India,Bangalore,2.5
1,0.8539575545193507,Trigger Retention Campaign (15% Discount),497.95,Japan,Yokohama,4.4
1,0.9376737576390062,Trigger Retention Campaign (15% Discount),344.67,Germany,Berlin,2.0
0,0.1521468749596097,Do Not Intervene,3683.04,USA,Los Angeles,0.6
0,0.13877397313037537,Do Not Intervene,656.15,Japan,Tokyo,6.0
1,0.9232001619039424,Trigger Retention Campaign (15% Discount),1960.0,Germany,Berlin,7.2
0,0.27145689552958974,Do Not Intervene,671.6,UK,Leeds,2.1
1,0.19948879431328578,Do Not Intervene,356.26,Australia,Adelaide,3.8
0,0.15237767956989517,Do Not Intervene,1801.94,France,Marseille,3.1
0,0.11189412636152259,Do Not Intervene,2450.07,USA,Los Angeles,0.4
0,0.1796767661792925,Do Not Intervene,2598.61,Australia,Adelaide,4.9
0,0.27764937382985094,Do Not Intervene,1179.23,USA,Chicago,2.0
0,0.10593989015552323,Do Not Intervene,1674.63,India,Hyderabad,1.4
1,0.8548009313331458,Trigger Retention Campaign (15% Discount),3983.63,UK,London,4.1
0,0.3725039018327241,Trigger Retention Campaign (15% Discount),1647.7,USA,Los Angeles,0.4
0,0.1897911666783823,Do Not Intervene,1782.43,Japan,Yokohama,3.0
1,0.47463673030445785,Trigger Retention Campaign (15% Discount),1625.43,UK,Glasgow,5.5
0,0.1061223119488739,Do Not Intervene,1316.13,Australia,Sydney,2.1
0,0.22631631994429735,Do Not Intervene,1209.89,USA,New York,5.3
0,0.12296970487153651,Do Not Intervene,1211.24,USA,Los Angeles,1.9
0,0.13062016552273548,Do Not Intervene,1165.82,UK,Birmingham,6.4
0,0.0998739925359992,Do Not Intervene,1744.69,France,Paris,2.5
0,0.5322605493787333,Trigger Retention Campaign (15% Discount),687.35,UK,Glasgow,3.4
1,0.19631955343788265,Do Not Intervene,1311.88,USA,New York,2.8
0,0.10901095933340953,Do Not Intervene,1165.47,Germany,Munich,1.4
0,0.09454083206183775,Do Not Intervene,2145.35,USA,Los Angeles,1.2
0,0.1649249281492611,Do Not Intervene,2137.66,Germany,Munich,6.6
0,0.1462180146615228,Do Not Intervene,1634.47,UK,London,1.8
0,0.504198154372392,Trigger Retention Campaign (15% Discount),785.26,Australia,Melbourne,3.5
0,0.1966703618596789,Do Not Intervene,326.65,USA,Los Angeles,4.8
1,0.899579233195305,Trigger Retention Campaign (15% Discount),3052.07,Canada,Ottawa,0.5
0,0.0950694689221955,Do Not Intervene,1027.45,Australia,Perth,1.6
1,0.8976213852539416,Trigger Retention Campaign (15% Discount),357.66,India,Hyderabad,2.7
1,0.7215437488392149,Trigger Retention Campaign (15% Discount),1075.08,Canada,Toronto,5.0
0,0.42171936402612964,Trigger Retention Campaign (15% Discount),650.57,USA,New York,2.0
0,0.11249507905038271,Do Not Intervene,1705.66,Germany,Frankfurt,6.2
0,0.149085918675723,Do Not Intervene,3169.43,France,Lyon,2.2
0,0.2805840421206144,Trigger Retention Campaign (15% Discount),1595.78,USA,Los Angeles,1.0
0,0.17156777957568825,Do Not Intervene,3197.87,Australia,Perth,10.0
1,0.9069219635621635,Trigger Retention Campaign (15% Discount),2125.17,Canada,Ottawa,0.9
0,0.16633524789995247,Do Not Intervene,2081.69,USA,Houston,2.3
1,0.9393506548784323,Trigger Retention Campaign (15% Discount),403.29,France,Toulouse,4.1
0,0.15430765528436566,Do Not Intervene,597.42,France,Marseille,1.7
0,0.14220255926111636,Do Not Intervene,3049.58,Germany,Berlin,10.0
1,0.9502481016801799,Trigger Retention Campaign (15% Discount),3914.28,Canada,Montreal,0.9
0,0.09885780851830382,Do Not Intervene,1579.71,USA,Los Angeles,2.1
0,0.08881999068577921,Do Not Intervene,1625.43,UK,Glasgow,6.5
1,0.650686919966947,Trigger Retention Campaign (15% Discount),838.35,Australia,Adelaide,1.9
1,0.6805528486402257,Trigger Retention Campaign (15% Discount),774.73,USA,Phoenix,10.0
0,0.11894914378685584,Do Not Intervene,2405.07,Canada,Calgary,4.7
0,0.119313146708846,Do Not Intervene,1071.46,Japan,Kyoto,6.6
1,0.7347362204385642,Trigger Retention Campaign (15% Discount),915.92,USA,New York,5.1
0,0.18336394725101104,Do Not Intervene,1003.38,India,Delhi,1.8
0,0.41522964745674573,Trigger Retention Campaign (15% Discount),986.42,Japan,Tokyo,7.2
0,0.11439478089299766,Do Not Intervene,1036.49,Australia,Adelaide,0.7
0,0.10689366588622756,Do Not Intervene,1526.72,Germany,Frankfurt,3.7
0,0.1429986573762259,Do Not Intervene,3274.65,USA,Houston,1.6
0,0.11630069975828343,Do Not Intervene,1334.11,USA,Los Angeles,2.8
1,0.8156387052798786,Trigger Retention Campaign (15% Discount),1923.1,USA,Phoenix,0.6
1,0.8658510072426969,Trigger Retention Campaign (15% Discount),824.09,UK,London,3.6
1,0.5147350882899913,Trigger Retention Campaign (15% Discount),2564.81,France,Paris,0.7
0,0.17782456519011874,Do Not Intervene,1987.14,USA,New York,8.5
0,0.08465550274476287,Do Not Intervene,1614.07,Germany,Berlin,0.9
0,0.1480190738435974,Do Not Intervene,432.8,Canada,Ottawa,0.8
0,0.20790837818109062,Do Not Intervene,1260.89,Germany,Hamburg,0.3
0,0.1356898174714659,Do Not Intervene,2302.33,USA,Houston,3.6
1,0.831266676584737,Trigger Retention Campaign (15% Discount),730.05,India,Delhi,2.2
1,0.6040958827209468,Trigger Retention Campaign (15% Discount),910.82,Canada,Ottawa,2.4
1,0.4849195744771475,Trigger Retention Campaign (15% Discount),490.71,USA,Houston,2.3
0,0.1497520009933423,Do Not Intervene,1460.1,Germany,Berlin,2.8
0,0.09636520766653243,Do Not Intervene,1669.81,Australia,Sydney,3.5
1,0.43695015316822733,Trigger Retention Campaign (15% Discount),1253.88,Germany,Hamburg,4.4
1,0.45489698247790544,Trigger Retention Campaign (15% Discount),689.76,France,Nice,3.2
0,0.08953014502773728,Do Not Intervene,1017.05,France,Lyon,3.5
0,0.12717106875250417,Do Not Intervene,2833.9,India,Hyderabad,6.0
0,0.10287331527192511,Do Not Intervene,1534.03,UK,Manchester,4.9
1,0.8100756544873161,Trigger Retention Campaign (15% Discount),275.79,Canada,Toronto,4.9
0,0.12034213718741499,Do Not Intervene,1581.04,USA,Phoenix,2.6
1,0.11978594143852377,Do Not Intervene,2071.55,Germany,Cologne,0.5
1,0.937444810768765,Trigger Retention Campaign (15% Discount),2106.5,USA,Houston,1.8
0,0.2346375563797812,Do Not Intervene,1474.47,USA,Los Angeles,0.5
0,0.16015939524937728,Do Not Intervene,1236.05,Canada,Ottawa,2.7
0,0.38509555238935606,Trigger Retention Campaign (15% Discount),1062.37,USA,Phoenix,1.2
0,0.7720607537120814,Trigger Retention Campaign (15% Discount),105.51,USA,Phoenix,10.0
1,0.9293301101919859,Trigger Retention Campaign (15% Discount),336.98,Germany,Berlin,0.5
0,0.3392414237228199,Trigger Retention Campaign (15% Discount),973.65,Germany,Frankfurt,10.0
0,0.1421127328659515,Do Not Intervene,1629.95,Canada,Calgary,2.7
0,0.13385759942697764,Do Not Intervene,1244.89,USA,Houston,4.5
1,0.8652942249537907,Trigger Retention Campaign (15% Discount),3940.57,France,Lyon,1.2
0,0.1203666292863792,Do Not Intervene,2242.15,USA,Los Angeles,2.3
1,0.6841576126227964,Trigger Retention Campaign (15% Discount),644.46,Japan,Nagoya,3.6
0,0.23608023537570177,Do Not Intervene,1864.61,India,Delhi,3.7
0,0.10890633086728345,Do Not Intervene,882.77,UK,Glasgow,1.6
0,0.24124241559825563,Do Not Intervene,1134.93,UK,Glasgow,1.8
0,0.17838205491896508,Do Not Intervene,1089.57,France,Lyon,3.5
1,0.43619526668617553,Trigger Retention Campaign (15% Discount),842.42,Japan,Kyoto,1.6
0,0.08800872117903923,Do Not Intervene,779.04,Germany,Frankfurt,3.7
0,0.15146485740992477,Do Not Intervene,1724.52,Japan,Tokyo,1.7
0,0.08643882011810324,Do Not Intervene,1115.06,Canada,Ottawa,1.2
0,0.5957454699903565,Trigger Retention Campaign (15% Discount),503.78,USA,Phoenix,2.0
0,0.38266518605743466,Trigger Retention Campaign (15% Discount),1750.57,Japan,Yokohama,4.8
1,0.6891055503423275,Trigger Retention Campaign (15% Discount),351.9,USA,Chicago,2.6
0,0.21284752276464838,Do Not Intervene,1476.76,USA,Houston,5.1
1,0.5942991234841414,Trigger Retention Campaign (15% Discount),2210.35,USA,New York,4.7
0,0.11240154925478411,Do Not Intervene,1556.34,Germany,Cologne,1.2
0,0.16494400243156038,Do Not Intervene,4385.9,USA,Phoenix,3.7
0,0.2688680793141208,Do Not Intervene,1362.38,France,Lyon,0.7
0,0.1468058911793852,Do Not Intervene,930.81,France,Toulouse,4.6
1,0.6674790456042914,Trigger Retention Campaign (15% Discount),840.29,Australia,Perth,4.9
1,0.650897303016443,Trigger Retention Campaign (15% Discount),516.15,USA,Chicago,4.4
0,0.18212653710697388,Do Not Intervene,2718.34,USA,Los Angeles,0.5
1,0.7876635420394572,Trigger Retention Campaign (15% Discount),648.89,Japan,Nagoya,2.0
0,0.13038139815509533,Do Not Intervene,1358.78,Canada,Vancouver,2.0
1,0.6900468186226958,Trigger Retention Campaign (15% Discount),233.92,UK,Birmingham,4.9
0,0.09446134730370946,Do Not Intervene,2307.92,USA,Los Angeles,1.9
0,0.13157090475914404,Do Not Intervene,2017.93,USA,Chicago,1.1
1,0.8313800436008385,Trigger Retention Campaign (15% Discount),1258.93,USA,Houston,1.3
0,0.43964248131535766,Trigger Retention Campaign (15% Discount),899.13,USA,New York,1.0
1,0.6103499664622649,Trigger Retention Campaign (15% Discount),517.65,UK,Manchester,2.5
0,0.15441331957117332,Do Not Intervene,1610.24,UK,Birmingham,1.9
0,0.08997415428567143,Do Not Intervene,990.15,France,Nice,1.1
0,0.09659033758058241,Do Not Intervene,1271.84,USA,New York,1.1
0,0.3871099887076548,Trigger Retention Campaign (15% Discount),1165.24,France,Nice,1.7
0,0.24607652717014333,Do Not Intervene,833.35,Canada,Calgary,0.9
0,0.2336475350206571,Do Not Intervene,435.41,India,Chennai,6.5
0,0.13900855225892764,Do Not Intervene,1722.03,Japan,Yokohama,4.6
0,0.08841046645981068,Do Not Intervene,1650.2,Japan,Osaka,2.6
0,0.12317266126355994,Do Not Intervene,847.08,Germany,Cologne,2.3
0,0.12040721569224358,Do Not Intervene,1880.52,UK,Manchester,2.3
0,0.11753429689674302,Do Not Intervene,1998.41,USA,Chicago,1.6
0,0.10406508115952955,Do Not Intervene,2532.91,UK,London,2.4
0,0.10818381976561248,Do Not Intervene,1732.3,Germany,Cologne,1.3
0,0.09115180138875506,Do Not Intervene,1405.63,France,Marseille,7.0
0,0.32186523752446783,Trigger Retention Campaign (15% Discount),1502.33,Canada,Toronto,6.1
0,0.8190364304543459,Trigger Retention Campaign (15% Discount),330.11,Germany,Munich,1.8
0,0.5371690062631145,Trigger Retention Campaign (15% Discount),810.54,USA,Los Angeles,7.9
1,0.7078648375562906,Trigger Retention Campaign (15% Discount),849.17,USA,Los Angeles,2.0
0,0.14412539395353982,Do Not Intervene,3658.03,Australia,Perth,5.5
0,0.1299473133909948,Do Not Intervene,2275.1,Canada,Montreal,6.6
1,0.6461299408285401,Trigger Retention Campaign (15% Discount),1421.06,Japan,Nagoya,2.0
1,0.8828518122350326,Trigger Retention Campaign (15% Discount),3541.57,UK,Manchester,2.6
0,0.08049872611690408,Do Not Intervene,1029.93,Germany,Frankfurt,1.1
0,0.11435042714857771,Do Not Intervene,1750.9,USA,Chicago,6.2
0,0.26098893048544247,Do Not Intervene,481.13,Canada,Montreal,2.0
0,0.24852610498968258,Do Not Intervene,1719.96,Canada,Vancouver,2.5
0,0.15186461651964756,Do Not Intervene,2414.49,UK,Leeds,5.0
0,0.5313471910612323,Trigger Retention Campaign (15% Discount),417.56,Canada,Vancouver,1.3
0,0.11563056741578487,Do Not Intervene,495.39,Canada,Ottawa,3.3
0,0.15234411041473334,Do Not Intervene,1062.14,USA,Los Angeles,4.0
1,0.8811045058511396,Trigger Retention Campaign (15% Discount),2743.81,USA,Los Angeles,3.8
1,0.7252383280943455,Trigger Retention Campaign (15% Discount),2727.3,UK,Glasgow,4.9
0,0.15281038536286656,Do Not Intervene,2095.72,USA,Los Angeles,4.3
0,0.4460223165807211,Trigger Retention Campaign (15% Discount),945.36,UK,London,1.6
0,0.20634389640301948,Do Not Intervene,834.61,Germany,Berlin,1.7
0,0.1674802330710661,Do Not Intervene,1888.83,India,Chennai,2.4
0,0.11812553246110953,Do Not Intervene,1385.81,Australia,Brisbane,2.8
0,0.18352354307383845,Do Not Intervene,1619.12,UK,Leeds,1.6
0,0.08217698940413351,Do Not Intervene,1268.08,Canada,Toronto,5.0
1,0.6078685261727411,Trigger Retention Campaign (15% Discount),538.53,USA,New York,2.9
0,0.11803809116578741,Do Not Intervene,2013.16,USA,Phoenix,4.4
0,0.17071307350267628,Do Not Intervene,360.32,India,Mumbai,0.5
0,0.12015890122848391,Do Not Intervene,1032.18,Canada,Toronto,2.4
1,0.10189203773595651,Do Not Intervene,1461.65,Canada,Toronto,3.1
1,0.6506354941308011,Trigger Retention Campaign (15% Discount),531.79,UK,Leeds,2.3
0,0.2454298713682074,Do Not Intervene,1610.33,UK,Leeds,1.6
0,0.1642036079919803,Do Not Intervene,1966.59,Australia,Melbourne,4.3
0,0.22238717125042992,Do Not Intervene,2456.18,Germany,Cologne,2.0
0,0.2615156353082035,Do Not Intervene,1596.47,UK,Manchester,7.7
0,0.12432443611277927,Do Not Intervene,640.75,Canada,Vancouver,0.8
0,0.14051845478042316,Do Not Intervene,1464.28,Japan,Osaka,2.0
0,0.18180133722500824,Do Not Intervene,1569.56,UK,London,1.6
1,0.9356562795208029,Trigger Retention Campaign (15% Discount),2422.5,UK,Manchester,2.6
0,0.12244880894990437,Do Not Intervene,1649.94,UK,Birmingham,2.6
0,0.13625522462042963,Do Not Intervene,1504.57,Canada,Toronto,3.9
1,0.6371933273692177,Trigger Retention Campaign (15% Discount),226.45,USA,New York,0.5
0,0.11171816100560183,Do Not Intervene,1685.42,Australia,Brisbane,2.3
1,0.8955312600855849,Trigger Retention Campaign (15% Discount),1905.05,UK,London,1.0
0,0.10674647547136734,Do Not Intervene,1696.29,India,Bangalore,6.4
0,0.13214525561965457,Do Not Intervene,3146.02,India,Bangalore,6.4
0,0.15506941656624032,Do Not Intervene,853.07,Canada,Toronto,0.4
1,0.8368582179301671,Trigger Retention Campaign (15% Discount),3296.92,UK,London,0.3
1,0.5703369392261964,Trigger Retention Campaign (15% Discount),492.12,India,Bangalore,2.1
0,0.13432984343179408,Do Not Intervene,1251.03,USA,Chicago,3.4
0,0.14069222652272892,Do Not Intervene,1406.86,USA,Phoenix,4.2
0,0.15433281957703376,Do Not Intervene,3295.14,Australia,Sydney,0.7
1,0.4913689794723848,Trigger Retention Campaign (15% Discount),596.69,USA,Phoenix,4.3
0,0.15766666193244158,Do Not Intervene,843.74,Japan,Nagoya,1.2
0,0.1331303654795229,Do Not Intervene,1537.94,Germany,Berlin,5.6
0,0.17525952211964238,Do Not Intervene,1105.44,USA,Phoenix,2.6
0,0.2519831623054903,Do Not Intervene,1861.28,Germany,Berlin,3.0
0,0.3554925200047997,Trigger Retention Campaign (15% Discount),688.56,UK,Manchester,2.2
0,0.08510360434155516,Do Not Intervene,874.05,Canada,Montreal,1.6
0,0.14482319259719578,Do Not Intervene,1031.31,USA,Houston,1.6
1,0.5317265596185662,Trigger Retention Campaign (15% Discount),512.61,France,Paris,1.0
0,0.1760357040403518,Do Not Intervene,1289.89,UK,London,4.2
0,0.34040771446402546,Trigger Retention Campaign (15% Discount),1326.43,USA,Phoenix,8.4
0,0.40677914426891015,Trigger Retention Campaign (15% Discount),2002.05,USA,Phoenix,1.8
1,0.9598174669154368,Trigger Retention Campaign (15% Discount),244.41,Germany,Cologne,0.8
1,0.19198732254166362,Do Not Intervene,1282.66,India,Mumbai,3.9
0,0.3078536401311719,Trigger Retention Campaign (15% Discount),867.98,Canada,Montreal,6.1
0,0.12445761698666574,Do Not Intervene,2271.33,USA,Chicago,2.3
0,0.134624704376055,Do Not Intervene,821.51,Japan,Kyoto,0.3
0,0.08540931126038764,Do Not Intervene,1270.2,USA,New York,1.5
0,0.10975744099122094,Do Not Intervene,3057.16,UK,Leeds,1.7
1,0.7364944804083211,Trigger Retention Campaign (15% Discount),1958.17,Canada,Ottawa,0.6
0,0.2594237375554298,Do Not Intervene,1158.39,USA,New York,2.9
0,0.20856210219216273,Do Not Intervene,700.05,USA,Los Angeles,5.2
0,0.12685288006561624,Do Not Intervene,1354.04,India,Bangalore,1.1
0,0.3846394519013633,Trigger Retention Campaign (15% Discount),357.64,UK,London,2.6
0,0.12220949290294332,Do Not Intervene,796.3,UK,Leeds,6.5
1,0.6261287327228169,Trigger Retention Campaign (15% Discount),754.34,USA,Los Angeles,5.1
0,0.14716065619650912,Do Not Intervene,1487.86,Australia,Adelaide,2.7
0,0.17712670958307414,Do Not Intervene,1797.79,USA,New York,1.5
0,0.1287167713988128,Do Not Intervene,3693.35,Germany,Munich,0.7
1,0.13597400540030746,Do Not Intervene,720.31,USA,Houston,3.1
1,0.6886048228737045,Trigger Retention Campaign (15% Discount),403.03,USA,Phoenix,6.8
0,0.12400930290896998,Do Not Intervene,2210.72,USA,Houston,2.9
1,0.36354794624442777,Trigger Retention Campaign (15% Discount),980.6,Germany,Cologne,2.9
0,0.13693320908068468,Do Not Intervene,3438.25,USA,Los Angeles,3.7
0,0.1413774464919812,Do Not Intervene,1651.76,India,Bangalore,6.0
0,0.1382673996417441,Do Not Intervene,2413.67,Germany,Berlin,2.0
0,0.2041688870192304,Do Not Intervene,619.74,Germany,Frankfurt,1.3
1,0.4644104344462916,Trigger Retention Campaign (15% Discount),527.87,Canada,Toronto,0.9
0,0.17594217219827818,Do Not Intervene,3980.93,India,Chennai,1.6
0,0.49180467770566694,Trigger Retention Campaign (15% Discount),677.94,UK,Glasgow,4.0
1,0.6700487910317073,Trigger Retention Campaign (15% Discount),530.55,USA,Chicago,1.6
0,0.31553382630866705,Trigger Retention Campaign (15% Discount),2012.35,Canada,Ottawa,2.7
0,0.1197171092856354,Do Not Intervene,2284.22,Canada,Calgary,3.7
0,0.14287990691573083,Do Not Intervene,851.11,USA,Los Angeles,7.7
0,0.26912248083498413,Do Not Intervene,1149.26,France,Paris,4.5
0,0.4493274404795312,Trigger Retention Campaign (15% Discount),1396.65,UK,Birmingham,6.9
1,0.8617532113766955,Trigger Retention Campaign (15% Discount),224.08,USA,Chicago,2.3
1,0.8605382038927073,Trigger Retention Campaign (15% Discount),2038.24,USA,Houston,1.5
1,0.9361953486493126,Trigger Retention Campaign (15% Discount),3074.79,USA,New York,3.5
0,0.1963608219298671,Do Not Intervene,1059.86,Australia,Perth,1.4
0,0.34422424490451264,Trigger Retention Campaign (15% Discount),1085.11,Japan,Tokyo,7.9
0,0.11992352272800506,Do Not Intervene,1455.27,UK,London,1.9
0,0.1258237990141999,Do Not Intervene,1441.99,USA,Chicago,5.8
0,0.14391661826119476,Do Not Intervene,2789.12,Germany,Munich,1.8
0,0.5619370220644158,Trigger Retention Campaign (15% Discount),582.34,Japan,Kyoto,5.8
0,0.20713738403787296,Do Not Intervene,5878.27,UK,Manchester,1.3
1,0.806721237239108,Trigger Retention Campaign (15% Discount),276.22,Canada,Toronto,4.0
0,0.17588345857740392,Do Not Intervene,899.85,UK,Leeds,3.1
0,0.1356383854128195,Do Not Intervene,480.95,USA,Chicago,2.0
0,0.14728626007110016,Do Not Intervene,2386.25,Germany,Munich,4.7
0,0.17521552721077208,Do Not Intervene,587.83,UK,Glasgow,3.0
1,0.8604987869350321,Trigger Retention Campaign (15% Discount),2582.8,USA,Phoenix,1.6
0,0.33462977499385893,Trigger Retention Campaign (15% Discount),494.45,USA,New York,1.8
0,0.14420592901485635,Do Not Intervene,1530.79,USA,Houston,3.7
1,0.8313645311486525,Trigger Retention Campaign (15% Discount),235.39,UK,Leeds,2.9
1,0.9483549113557426,Trigger Retention Campaign (15% Discount),2668.86,UK,Glasgow,3.1
0,0.09668367178215238,Do Not Intervene,1227.79,USA,Chicago,1.2
0,0.15308683525232256,Do Not Intervene,496.3,Canada,Vancouver,6.7
1,0.6498075206862539,Trigger Retention Campaign (15% Discount),558.56,Australia,Adelaide,2.0
0,0.14401697135729713,Do Not Intervene,811.85,India,Hyderabad,4.7
0,0.11894770858408055,Do Not Intervene,3241.7,Australia,Brisbane,1.6
0,0.1148745809425564,Do Not Intervene,670.21,France,Paris,5.5
0,0.10578892540243309,Do Not Intervene,2230.39,Australia,Perth,0.3
0,0.09843483926304832,Do Not Intervene,1055.49,USA,Houston,1.8
0,0.4401711936066086,Trigger Retention Campaign (15% Discount),1294.06,India,Mumbai,10.0
1,0.5029564711479376,Trigger Retention Campaign (15% Discount),1829.84,France,Paris,5.2
0,0.1546644532059156,Do Not Intervene,843.12,Japan,Tokyo,8.1
0,0.21379553579943636,Do Not Intervene,743.22,Germany,Munich,2.9
0,0.10684607527510875,Do Not Intervene,1407.18,Germany,Hamburg,2.3
1,0.5513053188064564,Trigger Retention Campaign (15% Discount),581.86,India,Bangalore,3.1
0,0.23971927302722323,Do Not Intervene,971.12,USA,Los Angeles,4.1
0,0.3086473221230674,Trigger Retention Campaign (15% Discount),1394.31,UK,Birmingham,7.0
1,0.6462633234262983,Trigger Retention Campaign (15% Discount),1545.08,USA,Chicago,0.3
0,0.10484683986802773,Do Not Intervene,1781.93,India,Hyderabad,2.4
0,0.08438325232062897,Do Not Intervene,1445.06,USA,Los Angeles,1.2
1,0.11413644601493754,Do Not Intervene,1600.0,USA,Houston,5.9
1,0.4171095088490956,Trigger Retention Campaign (15% Discount),629.19,France,Toulouse,3.9
1,0.8513386767922287,Trigger Retention Campaign (15% Discount),1932.15,Germany,Berlin,3.7
1,0.30965831162696944,Trigger Retention Campaign (15% Discount),517.15,Australia,Perth,2.1
0,0.11169977848524314,Do Not Intervene,506.74,France,Paris,5.8
0,0.20865071081238068,Do Not Intervene,1345.62,UK,London,2.0
0,0.2382794561904531,Do Not Intervene,1238.17,India,Chennai,1.5
0,0.12047061417802304,Do Not Intervene,1822.57,France,Marseille,4.2
1,0.8238133271246609,Trigger Retention Campaign (15% Discount),442.63,Australia,Sydney,2.2
0,0.42543566035411445,Trigger Retention Campaign (15% Discount),771.06,Germany,Munich,5.0
0,0.264882938202532,Do Not Intervene,1021.88,Canada,Montreal,6.8
0,0.12742881531858155,Do Not Intervene,817.93,Australia,Perth,3.8
1,0.5766733592578881,Trigger Retention Campaign (15% Discount),867.31,Australia,Adelaide,2.7
1,0.8269292032783925,Trigger Retention Campaign (15% Discount),1175.93,Germany,Frankfurt,0.4
0,0.13822786666854037,Do Not Intervene,1185.82,India,Hyderabad,0.2
0,0.15700943073902326,Do Not Intervene,1230.88,USA,Los Angeles,2.7
0,0.16339761325272067,Do Not Intervene,2085.99,Canada,Calgary,8.1
0,0.14827860339095078,Do Not Intervene,1160.35,Germany,Frankfurt,4.8
1,0.49130793047754895,Trigger Retention Campaign (15% Discount),1680.6,India,Chennai,3.7
0,0.10472286599867629,Do Not Intervene,1757.42,Canada,Ottawa,6.6
1,0.3791644547201237,Trigger Retention Campaign (15% Discount),1036.23,USA,Phoenix,2.8
1,0.7769501078456965,Trigger Retention Campaign (15% Discount),500.21,France,Toulouse,5.8
0,0.10598763890734136,Do Not Intervene,924.02,Germany,Hamburg,7.4
1,0.6414035976067382,Trigger Retention Campaign (15% Discount),674.35,USA,Los Angeles,1.5
0,0.13968423394518575,Do Not Intervene,2991.14,Germany,Frankfurt,2.4
1,0.8069621256010439,Trigger Retention Campaign (15% Discount),461.98,USA,Chicago,2.4
0,0.1304066271887681,Do Not Intervene,1628.68,USA,Chicago,4.6
0,0.09763314038063868,Do Not Intervene,1185.22,UK,Birmingham,3.8
0,0.31947476483682946,Trigger Retention Campaign (15% Discount),1023.32,Germany,Hamburg,0.9
0,0.19508052545876686,Do Not Intervene,1288.33,UK,Birmingham,0.5
0,0.13480428488379517,Do Not Intervene,654.46,Australia,Adelaide,3.5
0,0.1251683060985567,Do Not Intervene,947.79,Canada,Calgary,2.0
0,0.13354574492735138,Do Not Intervene,1539.19,USA,Phoenix,2.3
0,0.14913759437103613,Do Not Intervene,3171.88,USA,Phoenix,4.0
0,0.14880987439234025,Do Not Intervene,2907.4,UK,Glasgow,3.0
0,0.18155757899444666,Do Not Intervene,2167.61,Canada,Toronto,4.5
1,0.4546497983535794,Trigger Retention Campaign (15% Discount),600.58,USA,Phoenix,1.8
0,0.08978287733482075,Do Not Intervene,1818.97,Canada,Toronto,1.2
0,0.12211860306870405,Do Not Intervene,1830.4,Canada,Toronto,7.0
1,0.8892762417622277,Trigger Retention Campaign (15% Discount),2842.56,USA,Phoenix,8.1
0,0.16144523042773767,Do Not Intervene,849.12,USA,Chicago,2.6
0,0.18025394273227507,Do Not Intervene,1699.02,Germany,Hamburg,3.4
1,0.08537693222280207,Do Not Intervene,1825.35,Canada,Toronto,0.6
1,0.16627331167017206,Do Not Intervene,2101.87,USA,New York,4.6
1,0.48188510511624527,Trigger Retention Campaign (15% Discount),375.37,Canada,Ottawa,3.9
1,0.797319586816274,Trigger Retention Campaign (15% Discount),410.87,UK,Leeds,1.4
0,0.13135911283683277,Do Not Intervene,2002.36,India,Delhi,1.7
0,0.16232485926016715,Do Not Intervene,3357.54,USA,New York,1.2
0,0.18338198371309,Do Not Intervene,1025.72,Germany,Cologne,2.8
1,0.11993276485182645,Do Not Intervene,1565.89,UK,Birmingham,3.0
0,0.15632735969042766,Do Not Intervene,1288.55,UK,Birmingham,1.3
1,0.46309143113185264,Trigger Retention Campaign (15% Discount),710.69,UK,Leeds,2.1
0,0.13946633070478118,Do Not Intervene,2322.12,Canada,Ottawa,1.8
0,0.08383745933138773,Do Not Intervene,868.21,India,Chennai,8.8
0,0.3117136328509255,Trigger Retention Campaign (15% Discount),441.43,USA,Chicago,3.4
0,0.25785344637807794,Do Not Intervene,1695.39,Germany,Munich,3.3
1,0.11560714438038723,Do Not Intervene,614.53,Germany,Cologne,6.8
0,0.17027182540980326,Do Not Intervene,3042.35,UK,London,0.2
0,0.14346697890630045,Do Not Intervene,3009.38,UK,London,1.2
1,0.8523833760280091,Trigger Retention Campaign (15% Discount),2855.69,France,Toulouse,5.4
0,0.0996035499404708,Do Not Intervene,989.45,Germany,Cologne,1.8
1,0.5027685749072003,Trigger Retention Campaign (15% Discount),1058.8,USA,New York,2.5
0,0.12263827731394261,Do Not Intervene,3165.64,Canada,Calgary,0.3
0,0.5896699865185011,Trigger Retention Campaign (15% Discount),353.3,UK,Manchester,1.4
0,0.17898250369912494,Do Not Intervene,1645.04,France,Lyon,5.4
0,0.1542312538981032,Do Not Intervene,2939.76,USA,Chicago,4.3
0,0.2552196126378294,Do Not Intervene,1503.64,USA,Chicago,5.4
0,0.11786955049480481,Do Not Intervene,985.34,Japan,Kyoto,6.0
0,0.48369990590436457,Trigger Retention Campaign (15% Discount),485.43,Australia,Adelaide,3.6
1,0.8001836470623003,Trigger Retention Campaign (15% Discount),1900.96,UK,London,1.1
0,0.17707739502936387,Do Not Intervene,4780.04,Australia,Brisbane,1.2
0,0.1461221057646446,Do Not Intervene,2128.19,USA,Phoenix,0.7
0,0.18213159552752553,Do Not Intervene,1800.86,Germany,Frankfurt,2.7
0,0.09451059712598521,Do Not Intervene,1185.63,USA,Chicago,1.1
0,0.36933495405298744,Trigger Retention Campaign (15% Discount),2894.0,USA,Houston,2.5
0,0.15537157022452697,Do Not Intervene,1740.93,USA,Chicago,2.4
1,0.6936414974043779,Trigger Retention Campaign (15% Discount),767.98,USA,New York,1.4
1,0.9367265285400441,Trigger Retention Campaign (15% Discount),3724.58,USA,Chicago,1.0
1,0.9068371156419611,Trigger Retention Campaign (15% Discount),3389.01,India,Bangalore,1.4
1,0.8603633568976111,Trigger Retention Campaign (15% Discount),1878.99,France,Marseille,4.6
0,0.2130225231159384,Do Not Intervene,436.49,USA,Los Angeles,7.9
0,0.11940399320250465,Do Not Intervene,1502.67,USA,Phoenix,1.0
0,0.1501501285146585,Do Not Intervene,2351.1,Australia,Sydney,8.7
0,0.10398285864647905,Do Not Intervene,1413.08,Germany,Frankfurt,0.7
0,0.08739158329811847,Do Not Intervene,647.7,USA,Los Angeles,1.5
0,0.09179896141338632,Do Not Intervene,896.34,France,Lyon,0.8
0,0.37434133118786195,Trigger Retention Campaign (15% Discount),709.92,Canada,Vancouver,2.8
0,0.07254508002232571,Do Not Intervene,1182.41,USA,Chicago,0.7
0,0.1807480114812805,Do Not Intervene,890.71,France,Lyon,3.5
0,0.13468471381052946,Do Not Intervene,1945.48,Germany,Frankfurt,4.7
0,0.22595484725644038,Do Not Intervene,1221.97,India,Hyderabad,3.3
0,0.12296575977385668,Do Not Intervene,1634.7,USA,Los Angeles,3.6
0,0.07673983539635114,Do Not Intervene,659.48,USA,Houston,4.7
0,0.15612998350549323,Do Not Intervene,4077.02,France,Paris,1.0
1,0.7887400932123144,Trigger Retention Campaign (15% Discount),373.6,Canada,Montreal,2.3
0,0.10601478446643392,Do Not Intervene,2227.62,France,Toulouse,1.1
0,0.18346531897926893,Do Not Intervene,4819.76,USA,Houston,8.3
0,0.1336746493656005,Do Not Intervene,1491.51,Canada,Ottawa,1.3
0,0.16687711078230655,Do Not Intervene,1423.5,India,Mumbai,2.2
0,0.5592311056600386,Trigger Retention Campaign (15% Discount),1640.38,UK,Leeds,2.4
0,0.11530382163550794,Do Not Intervene,596.74,India,Delhi,3.4
0,0.14382694501484777,Do Not Intervene,1387.62,Germany,Hamburg,2.2
0,0.20444715102146455,Do Not Intervene,1576.72,France,Nice,4.1
0,0.1056093327231455,Do Not Intervene,1644.16,USA,Los Angeles,3.7
0,0.2876866147983745,Trigger Retention Campaign (15% Discount),894.76,India,Delhi,0.4
1,0.9299555865620128,Trigger Retention Campaign (15% Discount),2560.92,Japan,Kyoto,2.2
0,0.12365432604226838,Do Not Intervene,2796.37,UK,Glasgow,1.9
0,0.22524833847292292,Do Not Intervene,3374.79,USA,Houston,1.8
0,0.10063917278432356,Do Not Intervene,1038.07,USA,Phoenix,5.0
0,0.34842217576540646,Trigger Retention Campaign (15% Discount),2917.06,Canada,Ottawa,0.2
1,0.8014003729820769,Trigger Retention Campaign (15% Discount),371.41,Germany,Hamburg,1.3
0,0.20537805597031952,Do Not Intervene,4511.05,Canada,Ottawa,1.1
0,0.5056419561150673,Trigger Retention Campaign (15% Discount),860.2,UK,Manchester,2.5
0,0.09144244347860221,Do Not Intervene,1066.97,UK,Leeds,5.0
0,0.13844415362662058,Do Not Intervene,785.26,India,Chennai,0.9
0,0.13315023895199127,Do Not Intervene,2418.28,USA,Phoenix,3.8
0,0.11618977169478778,Do Not Intervene,591.6,USA,Los Angeles,5.9
1,0.8837130377323072,Trigger Retention Campaign (15% Discount),2287.51,USA,Los Angeles,2.3
0,0.3143358529874286,Trigger Retention Campaign (15% Discount),869.76,UK,Birmingham,0.4
0,0.46261753604394146,Trigger Retention Campaign (15% Discount),130.11,UK,Leeds,2.1
0,0.14309302738538826,Do Not Intervene,1268.17,USA,Houston,3.6
1,0.2888044526349883,Trigger Retention Campaign (15% Discount),1200.01,USA,Chicago,5.8
0,0.7300504154728867,Trigger Retention Campaign (15% Discount),441.66,Germany,Munich,1.4
0,0.15525814499459695,Do Not Intervene,1157.99,India,Delhi,0.9
0,0.8454413867550794,Trigger Retention Campaign (15% Discount),575.38,Germany,Frankfurt,2.6
0,0.0937727875431888,Do Not Intervene,1222.39,USA,New York,1.5
0,0.17141873617313408,Do Not Intervene,3382.61,Japan,Yokohama,3.1
0,0.1255800041003759,Do Not Intervene,804.06,Germany,Cologne,2.4
0,0.17765961704700697,Do Not Intervene,1922.9,USA,New York,2.1
0,0.1150004286075721,Do Not Intervene,1748.82,USA,Phoenix,8.1
1,0.848206745066639,Trigger Retention Campaign (15% Discount),2431.46,India,Mumbai,0.9
0,0.1612986223351777,Do Not Intervene,1553.84,Australia,Adelaide,3.0
0,0.11378492916449348,Do Not Intervene,1582.54,Canada,Ottawa,0.6
0,0.125020297142362,Do Not Intervene,935.64,USA,Chicago,3.1
0,0.17738265170536777,Do Not Intervene,1513.36,Australia,Adelaide,1.6
0,0.2043654978179503,Do Not Intervene,634.74,Japan,Tokyo,4.9
0,0.11629242821362049,Do Not Intervene,1258.89,USA,Chicago,5.6
0,0.26389697908804055,Do Not Intervene,1661.49,Japan,Nagoya,8.5
0,0.1316207103566849,Do Not Intervene,1511.71,Germany,Cologne,1.0
0,0.09038664944142617,Do Not Intervene,900.91,Canada,Calgary,3.8
0,0.15278547319301367,Do Not Intervene,1562.67,Canada,Montreal,5.1
0,0.2600376568587478,Do Not Intervene,6365.46,France,Nice,3.8
0,0.18247936954161356,Do Not Intervene,3281.25,USA,Houston,1.7
1,0.7434601770696634,Trigger Retention Campaign (15% Discount),843.58,USA,Chicago,3.7
1,0.8014575101834219,Trigger Retention Campaign (15% Discount),1490.87,Canada,Toronto,1.2
0,0.10379777847497498,Do Not Intervene,422.06,USA,Phoenix,1.4
0,0.14096159151122134,Do Not Intervene,2023.87,France,Lyon,4.4
0,0.14773280595271213,Do Not Intervene,1696.87,USA,Los Angeles,2.2
0,0.13406347644406955,Do Not Intervene,1580.07,USA,Houston,1.7
0,0.1308339126947222,Do Not Intervene,925.1,USA,Chicago,0.8
0,0.418463764139824,Trigger Retention Campaign (15% Discount),1337.89,UK,Leeds,2.9
0,0.08443899051839052,Do Not Intervene,1268.16,USA,Phoenix,3.0
0,0.16173168100736032,Do Not Intervene,3418.61,Australia,Sydney,0.9
0,0.13422267836937057,Do Not Intervene,1022.2,Japan,Kyoto,2.6
0,0.11441015515357632,Do Not Intervene,1647.12,USA,Houston,1.6
0,0.09072504993160485,Do Not Intervene,766.59,USA,Phoenix,2.4
1,0.8611724486770548,Trigger Retention Campaign (15% Discount),2109.57,France,Toulouse,2.0
0,0.22011969169456738,Do Not Intervene,2284.62,UK,Leeds,1.8
1,0.8262925405010425,Trigger Retention Campaign (15% Discount),1336.1,USA,Houston,3.5
0,0.1727289850344913,Do Not Intervene,736.96,UK,Manchester,3.7
1,0.6508480985642325,Trigger Retention Campaign (15% Discount),108.0,India,Hyderabad,3.8
1,0.1561126062971428,Do Not Intervene,1275.27,Canada,Vancouver,3.8
0,0.2877222185743115,Trigger Retention Campaign (15% Discount),1971.88,India,Mumbai,3.9
0,0.10134780767212151,Do Not Intervene,1674.08,India,Chennai,1.8
0,0.32835736518779735,Trigger Retention Campaign (15% Discount),674.27,Germany,Cologne,0.4729600527526105
0,0.1708157009675105,Do Not Intervene,1438.56,USA,Chicago,2.1
0,0.09927687262771084,Do Not Intervene,1148.73,Australia,Adelaide,1.5
1,0.9488994218678358,Trigger Retention Campaign (15% Discount),139.26,USA,Phoenix,4.6
0,0.22036895620401661,Do Not Intervene,431.55,UK,Manchester,6.6
0,0.1923669054951354,Do Not Intervene,878.96,Canada,Ottawa,1.3
0,0.2914191023755036,Trigger Retention Campaign (15% Discount),540.18,UK,Manchester,2.8
0,0.16139149500720104,Do Not Intervene,950.75,India,Bangalore,4.3
1,0.8315712934130705,Trigger Retention Campaign (15% Discount),492.61,Germany,Hamburg,1.1
0,0.39580854314056957,Trigger Retention Campaign (15% Discount),570.28,UK,London,1.9
0,0.16007927304989927,Do Not Intervene,2019.95,UK,Manchester,5.6
0,0.08933860348121757,Do Not Intervene,1856.75,USA,Chicago,2.4
1,0.5845038041237033,Trigger Retention Campaign (15% Discount),924.28,France,Lyon,3.4
0,0.11858793161025728,Do Not Intervene,1650.56,Australia,Perth,3.7
0,0.1837525645218061,Do Not Intervene,1639.21,UK,Manchester,4.4
1,0.3593447822820799,Trigger Retention Campaign (15% Discount),1368.06,USA,New York,3.5
0,0.11463185922708888,Do Not Intervene,1051.34,Australia,Sydney,2.3
0,0.09918027696261422,Do Not Intervene,4270.82,USA,Houston,2.7
0,0.09354120235197051,Do Not Intervene,1376.56,France,Paris,3.6
0,0.13976769763392446,Do Not Intervene,1083.75,Canada,Montreal,3.5
0,0.10218077263225123,Do Not Intervene,1189.12,Germany,Hamburg,1.7
0,0.7256885153212385,Trigger Retention Campaign (15% Discount),383.9,USA,Los Angeles,3.1
0,0.11688617069979274,Do Not Intervene,707.72,USA,New York,0.4
1,0.810451922153634,Trigger Retention Campaign (15% Discount),489.66,Canada,Toronto,3.1
1,0.9133301826364151,Trigger Retention Campaign (15% Discount),2137.85,USA,New York,4.3
0,0.1620876388067669,Do Not Intervene,1260.86,USA,Los Angeles,0.7
0,0.1114385770576476,Do Not Intervene,1319.36,Germany,Frankfurt,4.3
0,0.39986363926312146,Trigger Retention Campaign (15% Discount),361.09,Australia,Sydney,1.2
1,0.09532989511742686,Do Not Intervene,808.17,USA,New York,2.3
1,0.5219913133147603,Trigger Retention Campaign (15% Discount),348.41,UK,Leeds,3.5
1,0.6609953459787532,Trigger Retention Campaign (15% Discount),439.77,Canada,Vancouver,0.5
0,0.16291175579556416,Do Not Intervene,825.35,UK,Manchester,1.2
0,0.15074271036049647,Do Not Intervene,4031.62,UK,London,5.5
1,0.7046572446055777,Trigger Retention Campaign (15% Discount),829.27,UK,Leeds,1.1
1,0.6571460106740297,Trigger Retention Campaign (15% Discount),879.59,UK,Glasgow,2.1
1,0.9075756281446083,Trigger Retention Campaign (15% Discount),2840.0,France,Paris,0.4
0,0.14772195640771005,Do Not Intervene,1993.98,Australia,Adelaide,5.3
0,0.2165258974165427,Do Not Intervene,2059.47,USA,Chicago,3.6
0,0.13466618166880032,Do Not Intervene,1901.44,Canada,Vancouver,2.8
1,0.8386352412774168,Trigger Retention Campaign (15% Discount),616.38,USA,Chicago,3.9
0,0.1624661927183123,Do Not Intervene,3345.26,UK,Glasgow,3.8
0,0.14395286296303156,Do Not Intervene,881.1,UK,Birmingham,1.0
1,0.7395084899541812,Trigger Retention Campaign (15% Discount),1023.9,UK,Leeds,6.8
0,0.2686463846027459,Do Not Intervene,1740.77,Germany,Cologne,2.5
0,0.2901411097711282,Trigger Retention Campaign (15% Discount),1136.05,Canada,Vancouver,2.3
0,0.11981663907319605,Do Not Intervene,697.61,USA,Houston,2.7
0,0.11394927255332023,Do Not Intervene,1233.73,UK,Glasgow,3.3
1,0.5267766815570742,Trigger Retention Campaign (15% Discount),668.7,USA,Phoenix,0.3
0,0.28755683149290606,Trigger Retention Campaign (15% Discount),778.11,UK,Birmingham,1.9
0,0.14267262976187975,Do Not Intervene,468.02,France,Paris,4.3
0,0.258689973337058,Do Not Intervene,632.91,USA,Los Angeles,8.9
0,0.09682497364868181,Do Not Intervene,1000.5,India,Chennai,4.4
0,0.10151702621884924,Do Not Intervene,998.62,USA,New York,2.1
1,0.5665684511392989,Trigger Retention Campaign (15% Discount),741.0,USA,Houston,4.3
0,0.14092134447487248,Do Not Intervene,772.14,Germany,Hamburg,0.3
0,0.2240093284261286,Do Not Intervene,465.65,Australia,Adelaide,2.6
1,0.4073213420304661,Trigger Retention Campaign (15% Discount),862.25,USA,Chicago,3.6
0,0.102488689468727,Do Not Intervene,1530.58,USA,New York,1.5
0,0.1821523581901878,Do Not Intervene,1112.39,France,Marseille,1.9
0,0.1329646261471312,Do Not Intervene,1892.38,Canada,Ottawa,1.1
0,0.16800654949583133,Do Not Intervene,482.64,Canada,Montreal,10.0
0,0.07874116015186933,Do Not Intervene,1846.14,Canada,Ottawa,3.6
1,0.2084355410137133,Do Not Intervene,677.14,France,Paris,3.3
0,0.06630274503401816,Do Not Intervene,525.6,India,Bangalore,4.5
0,0.31398746603271677,Trigger Retention Campaign (15% Discount),657.44,USA,Chicago,5.5
0,0.4405889819397543,Trigger Retention Campaign (15% Discount),923.03,India,Delhi,1.9
0,0.15035102967067937,Do Not Intervene,3333.01,Germany,Hamburg,3.2
1,0.8338247198891305,Trigger Retention Campaign (15% Discount),1857.48,India,Delhi,6.1
0,0.20257024363556603,Do Not Intervene,656.57,USA,Chicago,1.1
0,0.1533657029268288,Do Not Intervene,1238.37,UK,Manchester,2.7
0,0.15198285662036037,Do Not Intervene,1355.41,USA,Phoenix,4.8
1,0.45404968388245975,Trigger Retention Campaign (15% Discount),720.08,USA,New York,7.7
0,0.0854916377710477,Do Not Intervene,1805.82,France,Paris,1.7
0,0.12264904686191463,Do Not Intervene,1637.1,France,Lyon,2.8
0,0.1558969378969545,Do Not Intervene,1907.34,USA,Houston,1.3
0,0.137258598295119,Do Not Intervene,2159.88,India,Bangalore,5.7
0,0.09960349888826381,Do Not Intervene,2309.2,Japan,Kyoto,9.3
1,0.2644779749610894,Do Not Intervene,1256.99,France,Marseille,2.8
0,0.1735026512147977,Do Not Intervene,2081.24,Germany,Berlin,0.6
0,0.6733662295193306,Trigger Retention Campaign (15% Discount),1985.29,USA,Houston,2.1
0,0.17472125692494742,Do Not Intervene,1278.1,USA,Los Angeles,1.5
0,0.1137774609724531,Do Not Intervene,1213.57,Australia,Adelaide,6.8
0,0.16457050562956152,Do Not Intervene,857.21,USA,New York,2.1
0,0.4954905054692859,Trigger Retention Campaign (15% Discount),600.37,Canada,Ottawa,3.0
0,0.18824080560838222,Do Not Intervene,1463.76,Australia,Sydney,3.2
0,0.44757162175591825,Trigger Retention Campaign (15% Discount),1444.62,France,Toulouse,1.3
0,0.13150549762196515,Do Not Intervene,1497.09,France,Paris,1.0
1,0.8740806544786512,Trigger Retention Campaign (15% Discount),3099.63,Australia,Adelaide,0.8
0,0.24052887906477718,Do Not Intervene,1350.62,Germany,Berlin,1.8
1,0.9097181823205566,Trigger Retention Campaign (15% Discount),2224.24,France,Marseille,6.6
0,0.07228370636861862,Do Not Intervene,1384.7,France,Paris,2.9
0,0.09566560308938327,Do Not Intervene,480.99,Australia,Melbourne,6.8
0,0.17314074085529024,Do Not Intervene,696.32,USA,Houston,1.6
0,0.08537805535539594,Do Not Intervene,1061.1,UK,Manchester,0.5
0,0.1305669489036594,Do Not Intervene,964.83,Canada,Toronto,1.6
1,0.7385481297486527,Trigger Retention Campaign (15% Discount),551.72,Japan,Tokyo,2.3
0,0.34890583663842484,Trigger Retention Campaign (15% Discount),2306.38,USA,Chicago,1.2
1,0.9042182223867741,Trigger Retention Campaign (15% Discount),2448.58,Australia,Brisbane,5.1
1,0.8042645687946637,Trigger Retention Campaign (15% Discount),640.55,Germany,Cologne,4.1
0,0.70939741095617,Trigger Retention Campaign (15% Discount),751.25,Canada,Calgary,2.1
0,0.11246420840359382,Do Not Intervene,1575.17,France,Toulouse,0.9
1,0.6349110030039126,Trigger Retention Campaign (15% Discount),1559.21,Canada,Toronto,2.4
0,0.13438126309080675,Do Not Intervene,1393.52,USA,New York,1.5
1,0.35216545629810225,Trigger Retention Campaign (15% Discount),1285.72,Japan,Kyoto,4.2
0,0.11847921292691725,Do Not Intervene,1466.79,USA,Los Angeles,3.9
0,0.24201573085731065,Do Not Intervene,4357.3,USA,Los Angeles,6.0
0,0.16661088097013027,Do Not Intervene,1413.0,France,Nice,10.0
1,0.17194920070931005,Do Not Intervene,821.1,Canada,Montreal,4.2
1,0.612284018284328,Trigger Retention Campaign (15% Discount),527.52,India,Delhi,7.7
0,0.18410964780718897,Do Not Intervene,345.97,USA,Los Angeles,3.2
0,0.21608468831547556,Do Not Intervene,7488.19,UK,Manchester,0.3
0,0.1123537382403251,Do Not Intervene,1798.62,Germany,Cologne,1.2
0,0.39968864492258604,Trigger Retention Campaign (15% Discount),1326.45,Canada,Toronto,3.0
0,0.22009425304002675,Do Not Intervene,1765.19,UK,Birmingham,2.9
1,0.6954228259955655,Trigger Retention Campaign (15% Discount),336.05,UK,Leeds,2.0
0,0.17700760075887265,Do Not Intervene,1786.01,France,Marseille,1.9
0,0.13061153108009832,Do Not Intervene,586.62,Canada,Ottawa,2.2
0,0.22982530321562777,Do Not Intervene,853.45,Japan,Nagoya,1.6
1,0.8358924560686808,Trigger Retention Campaign (15% Discount),719.62,USA,Houston,2.9
0,0.13784239621545838,Do Not Intervene,1411.96,Germany,Berlin,1.3
0,0.1780259950875633,Do Not Intervene,6000.37,Germany,Berlin,3.9
1,0.8243066716647006,Trigger Retention Campaign (15% Discount),154.23,Germany,Munich,6.8
0,0.18813980954544232,Do Not Intervene,706.16,USA,Chicago,7.7
1,0.9424688787491814,Trigger Retention Campaign (15% Discount),236.52,UK,London,1.8
0,0.15428255893584258,Do Not Intervene,1368.36,France,Lyon,3.7
0,0.14109714594998102,Do Not Intervene,734.94,USA,New York,2.0
1,0.9669038282430078,Trigger Retention Campaign (15% Discount),296.18,USA,Chicago,1.6
1,0.5168962444969645,Trigger Retention Campaign (15% Discount),986.43,USA,Los Angeles,8.3
0,0.1915865726034675,Do Not Intervene,847.61,Japan,Osaka,9.0
1,0.691615901499694,Trigger Retention Campaign (15% Discount),908.04,Australia,Sydney,8.3
0,0.23025732612774244,Do Not Intervene,618.5,India,Delhi,2.7
0,0.4927716511879791,Trigger Retention Campaign (15% Discount),299.14,USA,Phoenix,7.3
0,0.17644902873507953,Do Not Intervene,1586.74,Canada,Vancouver,1.2
0,0.08907573742406841,Do Not Intervene,1430.0,USA,New York,0.2
0,0.624359308347221,Trigger Retention Campaign (15% Discount),954.9,USA,Phoenix,2.7
1,0.7110467596419398,Trigger Retention Campaign (15% Discount),1702.59,USA,Los Angeles,1.5
0,0.4278581462197099,Trigger Retention Campaign (15% Discount),1446.07,Germany,Cologne,0.9
0,0.13676673081368113,Do Not Intervene,2253.3,Germany,Hamburg,1.2
0,0.26129360915924704,Do Not Intervene,1058.58,UK,Birmingham,3.5
1,0.845931624770529,Trigger Retention Campaign (15% Discount),2251.89,Canada,Vancouver,2.2
1,0.6140930818545608,Trigger Retention Campaign (15% Discount),829.66,Canada,Montreal,1.9
0,0.3635881926782261,Trigger Retention Campaign (15% Discount),363.5,Australia,Adelaide,3.6
1,0.7864921420251512,Trigger Retention Campaign (15% Discount),219.19,Australia,Adelaide,5.5
0,0.18677311403309102,Do Not Intervene,974.29,Germany,Cologne,0.5
0,0.5483436717323551,Trigger Retention Campaign (15% Discount),1153.62,France,Toulouse,2.7
1,0.5962174763767978,Trigger Retention Campaign (15% Discount),780.8,USA,Los Angeles,1.1
1,0.08906406071085488,Do Not Intervene,617.21,UK,London,5.8
0,0.31456194949849636,Trigger Retention Campaign (15% Discount),1218.03,UK,London,3.7
0,0.25928588375386696,Do Not Intervene,1801.24,France,Lyon,1.9
1,0.5899974194179,Trigger Retention Campaign (15% Discount),996.27,Australia,Melbourne,2.5
1,0.5639458571452256,Trigger Retention Campaign (15% Discount),390.37,USA,Phoenix,0.9
1,0.6313807262014699,Trigger Retention Campaign (15% Discount),274.68,USA,New York,1.5
1,0.6945415994278986,Trigger Retention Campaign (15% Discount),187.12,Germany,Berlin,8.8
0,0.22984897407876545,Do Not Intervene,1856.25,France,Toulouse,1.4
0,0.10131854938999713,Do Not Intervene,1477.91,Germany,Berlin,2.8
1,0.6571124973782032,Trigger Retention Campaign (15% Discount),600.85,India,Mumbai,1.3
1,0.725908616898007,Trigger Retention Campaign (15% Discount),177.56,India,Chennai,6.0
1,0.12917111599258546,Do Not Intervene,958.93,Germany,Hamburg,2.3
1,0.5828786159737381,Trigger Retention Campaign (15% Discount),1222.45,Australia,Adelaide,0.2
0,0.22233649512749487,Do Not Intervene,1742.12,UK,Birmingham,4.3
0,0.1469151078457329,Do Not Intervene,1479.38,USA,Chicago,0.9
1,0.9261592622529904,Trigger Retention Campaign (15% Discount),138.86,USA,New York,3.5
0,0.16239076278851197,Do Not Intervene,1405.91,Australia,Melbourne,1.3
0,0.10950624563749158,Do Not Intervene,894.74,Australia,Adelaide,3.8
0,0.12642793150692802,Do Not Intervene,515.21,Germany,Cologne,2.3
0,0.26154536692460767,Do Not Intervene,1688.07,India,Hyderabad,1.7
0,0.39307051542957,Trigger Retention Campaign (15% Discount),1447.77,USA,Chicago,0.8
0,0.18555833333172791,Do Not Intervene,1547.83,Australia,Perth,1.0
0,0.3135047941503754,Trigger Retention Campaign (15% Discount),930.5,India,Bangalore,2.1
1,0.7329507397745121,Trigger Retention Campaign (15% Discount),1041.06,UK,Leeds,1.4
1,0.590950358999263,Trigger Retention Campaign (15% Discount),701.59,Australia,Brisbane,2.9
1,0.5094429874733069,Trigger Retention Campaign (15% Discount),617.91,France,Nice,4.7
0,0.1265197682873186,Do Not Intervene,4896.64,Australia,Brisbane,6.1
0,0.080005638208465,Do Not Intervene,1711.45,Australia,Sydney,0.6
0,0.4255537349281849,Trigger Retention Campaign (15% Discount),683.11,Germany,Munich,3.7
0,0.18339848596184116,Do Not Intervene,2017.78,USA,Chicago,2.6
0,0.12812410082103104,Do Not Intervene,1059.04,USA,Phoenix,5.9
1,0.8920629522686021,Trigger Retention Campaign (15% Discount),4460.83,Canada,Montreal,3.0
0,0.11622009981254049,Do Not Intervene,3749.62,USA,Phoenix,2.3
0,0.18100113814867524,Do Not Intervene,1443.56,France,Lyon,2.0
1,0.9351511643388364,Trigger Retention Campaign (15% Discount),1920.69,UK,London,0.6
0,0.2596344004669323,Do Not Intervene,1070.69,France,Marseille,3.6
0,0.09829784083032739,Do Not Intervene,1562.65,Australia,Brisbane,2.5
0,0.1098568942270684,Do Not Intervene,625.61,Australia,Brisbane,2.0
0,0.1313888834548375,Do Not Intervene,859.82,USA,Chicago,1.7
0,0.11277759790805247,Do Not Intervene,734.77,USA,Chicago,0.3
0,0.19133352347409527,Do Not Intervene,685.68,USA,Chicago,1.2
1,0.8200657532668135,Trigger Retention Campaign (15% Discount),1923.23,UK,London,2.3
1,0.5411291537642022,Trigger Retention Campaign (15% Discount),1861.3,Australia,Perth,0.9
1,0.9195320259376055,Trigger Retention Campaign (15% Discount),2303.51,USA,Los Angeles,0.4
0,0.15906375442982726,Do Not Intervene,1541.36,India,Delhi,1.3
1,0.9173096628250968,Trigger Retention Campaign (15% Discount),3426.82,UK,Glasgow,1.5
0,0.14188580717381735,Do Not Intervene,1785.38,USA,Los Angeles,0.1
1,0.6023298712981832,Trigger Retention Campaign (15% Discount),623.07,Australia,Perth,2.4
0,0.1269119894450655,Do Not Intervene,2088.59,India,Hyderabad,0.9
1,0.07676154364929445,Do Not Intervene,1693.65,Canada,Montreal,3.8
0,0.3262085613896375,Trigger Retention Campaign (15% Discount),1841.16,Germany,Berlin,2.4
0,0.13078641282802972,Do Not Intervene,1397.32,USA,New York,2.9
1,0.8606810019715333,Trigger Retention Campaign (15% Discount),1958.89,UK,London,1.1
0,0.25764707730132286,Do Not Intervene,4191.51,Australia,Brisbane,0.5
0,0.1768985080268389,Do Not Intervene,2536.97,Australia,Perth,8.6
1,0.9428326540127427,Trigger Retention Campaign (15% Discount),2967.64,France,Paris,4.8
0,0.10863631847836702,Do Not Intervene,1572.96,UK,Leeds,4.9
1,0.6877975074787719,Trigger Retention Campaign (15% Discount),1259.24,France,Marseille,4.8
0,0.14867362412708393,Do Not Intervene,1267.04,UK,Glasgow,5.3
0,0.09063591970735004,Do Not Intervene,1482.47,France,Marseille,0.4
0,0.09770174290314866,Do Not Intervene,1478.57,USA,New York,2.7
0,0.21277057116718187,Do Not Intervene,1099.97,UK,Leeds,7.2
0,0.1725951974308221,Do Not Intervene,1940.86,France,Marseille,1.5
0,0.1343012887786945,Do Not Intervene,2963.14,USA,Los Angeles,1.4
0,0.11089438481502072,Do Not Intervene,1623.36,USA,Chicago,5.9
0,0.2167117138533419,Do Not Intervene,1384.24,USA,Houston,0.4
0,0.1418387475253032,Do Not Intervene,1767.21,USA,Chicago,6.2
0,0.08033876674272925,Do Not Intervene,2988.2,USA,Phoenix,1.8
1,0.8379980462866166,Trigger Retention Campaign (15% Discount),3247.06,France,Paris,2.9
0,0.24166211609316535,Do Not Intervene,340.33,UK,Birmingham,1.2
1,0.7763019485846852,Trigger Retention Campaign (15% Discount),1726.97,USA,Chicago,1.5
0,0.4000239583743207,Trigger Retention Campaign (15% Discount),2173.89,Australia,Brisbane,0.3528974722417745
0,0.1711594819546318,Do Not Intervene,2918.05,UK,Manchester,5.5
0,0.12852689707756743,Do Not Intervene,3041.69,Canada,Toronto,2.5
1,0.5384812788558125,Trigger Retention Campaign (15% Discount),950.39,Germany,Berlin,2.9
0,0.1853116552205895,Do Not Intervene,404.82,Australia,Adelaide,4.5
1,0.7622977938727473,Trigger Retention Campaign (15% Discount),709.54,USA,Chicago,0.6
0,0.1449650112335874,Do Not Intervene,2790.8,USA,New York,2.5
0,0.22492739623631816,Do Not Intervene,863.6,USA,Houston,2.5
0,0.318404889795015,Trigger Retention Campaign (15% Discount),1197.82,Germany,Berlin,3.7
0,0.22310859807992156,Do Not Intervene,555.45,USA,New York,1.8
0,0.1524885582374103,Do Not Intervene,795.2,USA,Los Angeles,2.1
1,0.48775548258281576,Trigger Retention Campaign (15% Discount),476.4,France,Lyon,1.0
0,0.11441244179696962,Do Not Intervene,1216.23,UK,London,3.2
0,0.12759913477748797,Do Not Intervene,2269.9,Australia,Brisbane,10.0
0,0.10726857313759584,Do Not Intervene,1519.14,Australia,Perth,5.0
0,0.15209838363432315,Do Not Intervene,1169.21,Canada,Montreal,2.9
1,0.9189471157770502,Trigger Retention Campaign (15% Discount),3143.99,UK,Birmingham,5.6
0,0.14716128343435206,Do Not Intervene,2214.77,Germany,Hamburg,0.6
0,0.1759029748467504,Do Not Intervene,1083.71,USA,Los Angeles,2.5
0,0.15515977160065153,Do Not Intervene,630.66,France,Toulouse,3.4
0,0.18082704599836746,Do Not Intervene,955.62,Australia,Sydney,0.9
1,0.5696448251321964,Trigger Retention Campaign (15% Discount),836.04,USA,Houston,4.4
0,0.6305912777129524,Trigger Retention Campaign (15% Discount),440.79,Canada,Montreal,1.5
1,0.8628121252921261,Trigger Retention Campaign (15% Discount),2404.74,Canada,Toronto,0.7
0,0.228274152193316,Do Not Intervene,854.02,India,Bangalore,5.0
1,0.9252304170846053,Trigger Retention Campaign (15% Discount),1938.12,Canada,Montreal,2.3
0,0.17101906897614153,Do Not Intervene,1611.7,UK,London,3.6
0,0.0976854033483594,Do Not Intervene,954.42,UK,Birmingham,1.7
0,0.30796954427913265,Trigger Retention Campaign (15% Discount),1732.24,Canada,Vancouver,2.6
1,0.7854795219924181,Trigger Retention Campaign (15% Discount),303.83,Australia,Brisbane,3.7
0,0.12430338136220083,Do Not Intervene,2750.77,USA,Phoenix,0.6
1,0.20578331015226856,Do Not Intervene,2390.46,USA,Los Angeles,4.4
0,0.07587122592400002,Do Not Intervene,946.34,USA,New York,2.0
0,0.14647159684546027,Do Not Intervene,899.22,USA,Houston,7.8
0,0.11120473046725192,Do Not Intervene,2537.64,UK,Glasgow,5.8
0,0.1410082668658828,Do Not Intervene,2108.21,Canada,Ottawa,4.0
0,0.12773407718851107,Do Not Intervene,826.41,India,Delhi,3.1
0,0.15269983722606248,Do Not Intervene,849.48,USA,New York,9.5
0,0.17914868406108572,Do Not Intervene,718.4,USA,Phoenix,4.7
0,0.13418390237128258,Do Not Intervene,2493.09,Australia,Brisbane,1.7
0,0.2853406839272784,Trigger Retention Campaign (15% Discount),1400.62,Canada,Calgary,3.0
0,0.2896764252228972,Trigger Retention Campaign (15% Discount),595.96,Australia,Perth,7.5
0,0.13344490765191064,Do Not Intervene,1346.01,USA,Los Angeles,5.8
0,0.12305113947455439,Do Not Intervene,878.58,USA,New York,2.6
1,0.6247978940792319,Trigger Retention Campaign (15% Discount),710.46,UK,Leeds,7.9
1,0.8604859688378717,Trigger Retention Campaign (15% Discount),2046.89,UK,Glasgow,2.0
0,0.17314415165929412,Do Not Intervene,1962.87,USA,Phoenix,3.9
0,0.12779763411731332,Do Not Intervene,2186.82,India,Hyderabad,4.1
1,0.7848178619981168,Trigger Retention Campaign (15% Discount),1323.13,USA,Chicago,7.7
0,0.09142131387358461,Do Not Intervene,1809.11,Germany,Munich,3.3
0,0.11971712092463878,Do Not Intervene,1312.82,Germany,Munich,2.6
0,0.11773506139205185,Do Not Intervene,959.38,USA,Phoenix,1.7
1,0.9218710084950336,Trigger Retention Campaign (15% Discount),2967.67,France,Nice,2.5
1,0.7537553464235726,Trigger Retention Campaign (15% Discount),353.88,USA,New York,5.2
1,0.8930311620799976,Trigger Retention Campaign (15% Discount),2690.1,India,Bangalore,2.0
1,0.9039618739829155,Trigger Retention Campaign (15% Discount),3345.06,USA,New York,2.4
0,0.515260860326837,Trigger Retention Campaign (15% Discount),595.53,Germany,Frankfurt,5.2
0,0.1298516060346314,Do Not Intervene,777.67,Canada,Toronto,0.2
0,0.11431459450233618,Do Not Intervene,2047.43,UK,Glasgow,1.1
0,0.08923852129353432,Do Not Intervene,2986.67,France,Toulouse,1.7
1,0.9251587097553,Trigger Retention Campaign (15% Discount),2351.88,UK,Leeds,2.6
1,0.6498405947802318,Trigger Retention Campaign (15% Discount),728.14,Germany,Berlin,2.3
0,0.22787789970870923,Do Not Intervene,402.39,Canada,Toronto,5.2
0,0.1589883629292349,Do Not Intervene,2624.38,Germany,Cologne,3.1
0,0.09848684360377598,Do Not Intervene,1411.53,USA,Chicago,0.4
0,0.19969488408286729,Do Not Intervene,1131.81,Japan,Nagoya,1.6
1,0.8699530861414979,Trigger Retention Campaign (15% Discount),2077.61,USA,New York,4.5
0,0.12586176831609233,Do Not Intervene,1036.03,UK,London,1.1
1,0.6809160115837769,Trigger Retention Campaign (15% Discount),1480.46,UK,Glasgow,0.3
0,0.25680401643133005,Do Not Intervene,1459.46,Australia,Perth,0.2
0,0.2447059117134374,Do Not Intervene,784.69,Canada,Montreal,5.8
0,0.2971286286057977,Trigger Retention Campaign (15% Discount),698.67,USA,Los Angeles,4.3
1,0.7791600397756584,Trigger Retention Campaign (15% Discount),815.61,UK,Leeds,3.1
0,0.08223604842010263,Do Not Intervene,818.22,UK,Leeds,4.9
0,0.12887657873145367,Do Not Intervene,2653.22,UK,London,2.6
1,0.8732787557670787,Trigger Retention Campaign (15% Discount),348.17,India,Mumbai,4.9
0,0.13989270632782694,Do Not Intervene,1914.77,USA,Chicago,2.5
0,0.14462969242107124,Do Not Intervene,945.44,Japan,Yokohama,1.4
1,0.10838497357449196,Do Not Intervene,995.69,Japan,Tokyo,4.6
1,0.7386672350948073,Trigger Retention Campaign (15% Discount),318.12,Canada,Vancouver,1.0
0,0.19772691513245902,Do Not Intervene,754.99,France,Nice,0.1
0,0.07181631677528463,Do Not Intervene,569.92,USA,Phoenix,5.1
0,0.12367378151259607,Do Not Intervene,1064.33,USA,Los Angeles,1.3
1,0.8116156938596646,Trigger Retention Campaign (15% Discount),1027.93,UK,Glasgow,7.4
0,0.1026663448653297,Do Not Intervene,2496.22,Canada,Toronto,3.8
1,0.8843292789073405,Trigger Retention Campaign (15% Discount),539.65,UK,Manchester,1.1
1,0.8628873871534273,Trigger Retention Campaign (15% Discount),2259.59,Japan,Osaka,4.5
0,0.14634668030469128,Do Not Intervene,1185.09,Japan,Yokohama,2.9
0,0.49051522911490053,Trigger Retention Campaign (15% Discount),1593.56,Canada,Montreal,1.6
0,0.10583402356086637,Do Not Intervene,3661.3,USA,Houston,0.8
0,0.2766363924037329,Do Not Intervene,626.81,USA,New York,1.8
1,0.9028469768210278,Trigger Retention Campaign (15% Discount),2283.94,USA,Los Angeles,0.7
1,0.8269666259681432,Trigger Retention Campaign (15% Discount),754.44,UK,Manchester,3.3
0,0.1191063529526289,Do Not Intervene,1239.27,Australia,Sydney,9.8
0,0.11423728293814517,Do Not Intervene,2034.06,Canada,Calgary,3.5
1,0.6435108193221023,Trigger Retention Campaign (15% Discount),1030.16,USA,Chicago,3.5
0,0.1814830812271968,Do Not Intervene,1295.32,USA,Los Angeles,1.5
0,0.15441492013040428,Do Not Intervene,2225.99,USA,Los Angeles,1.5
0,0.2512818237536555,Do Not Intervene,1220.95,Canada,Ottawa,2.7
0,0.0905891786443755,Do Not Intervene,986.71,France,Paris,2.2
0,0.16089440904211816,Do Not Intervene,1756.87,USA,Chicago,4.5
0,0.09071022277315778,Do Not Intervene,1041.63,France,Toulouse,1.0
0,0.32000553776380897,Trigger Retention Campaign (15% Discount),803.57,USA,Houston,4.8
0,0.08537040814136196,Do Not Intervene,1486.76,Australia,Adelaide,1.3
0,0.31033075694370343,Trigger Retention Campaign (15% Discount),895.5,Japan,Yokohama,10.0
0,0.07395594247585373,Do Not Intervene,1040.97,Japan,Tokyo,2.6
0,0.09246195423227828,Do Not Intervene,1817.1,USA,Phoenix,4.0
0,0.15045677562440796,Do Not Intervene,3962.96,Germany,Cologne,0.5
1,0.5793648308840139,Trigger Retention Campaign (15% Discount),246.97,Germany,Cologne,1.6
0,0.8634186378213794,Trigger Retention Campaign (15% Discount),500.78,UK,Birmingham,5.6
1,0.8112629379813654,Trigger Retention Campaign (15% Discount),451.45,UK,Birmingham,1.0
0,0.1289096415645618,Do Not Intervene,1267.81,USA,Houston,3.2
0,0.2687708329613735,Do Not Intervene,1753.09,Canada,Vancouver,0.7
0,0.09226709799995224,Do Not Intervene,713.37,UK,London,3.5
1,0.13994508979531461,Do Not Intervene,1376.44,USA,Los Angeles,4.8
1,0.5764667170038307,Trigger Retention Campaign (15% Discount),957.06,France,Paris,3.3
0,0.1353281671219576,Do Not Intervene,1864.05,India,Chennai,1.9
1,0.37516553774175265,Trigger Retention Campaign (15% Discount),1434.21,Japan,Kyoto,1.2
0,0.13823257224955898,Do Not Intervene,1907.06,Germany,Cologne,0.9
0,0.16307024077736318,Do Not Intervene,1605.23,UK,Manchester,1.1
0,0.13646154401819882,Do Not Intervene,556.86,Canada,Montreal,2.9
0,0.12790488659181576,Do Not Intervene,737.95,USA,Los Angeles,2.3
0,0.14395111335562566,Do Not Intervene,1025.51,UK,Leeds,1.0
1,0.21645788456891446,Do Not Intervene,1539.33,USA,Los Angeles,0.6
1,0.6335536987248558,Trigger Retention Campaign (15% Discount),795.74,Canada,Vancouver,2.2
0,0.0968851339806528,Do Not Intervene,1454.59,India,Hyderabad,1.2
0,0.13911736123726898,Do Not Intervene,1206.33,India,Delhi,1.2
1,0.6787403769560646,Trigger Retention Campaign (15% Discount),1310.88,UK,Glasgow,4.3
0,0.13423277647462287,Do Not Intervene,2094.73,Canada,Vancouver,5.3
1,0.9455009086251297,Trigger Retention Campaign (15% Discount),711.63,USA,Los Angeles,4.1
1,0.7599987215560051,Trigger Retention Campaign (15% Discount),175.66,Germany,Hamburg,0.8
0,0.17160876586811347,Do Not Intervene,2353.96,Germany,Berlin,1.2
0,0.452309142459528,Trigger Retention Campaign (15% Discount),1164.71,UK,Leeds,3.7
0,0.14373861110236535,Do Not Intervene,1508.94,USA,Phoenix,2.8
0,0.1875516812492647,Do Not Intervene,1637.58,UK,Manchester,7.5
1,0.8815255349631782,Trigger Retention Campaign (15% Discount),272.37,USA,Houston,1.6
0,0.10081096720017564,Do Not Intervene,716.22,Germany,Hamburg,0.8
1,0.6659219387047327,Trigger Retention Campaign (15% Discount),1550.93,Canada,Calgary,3.9
0,0.15352914858296932,Do Not Intervene,890.05,Germany,Hamburg,0.3
0,0.13329544812285174,Do Not Intervene,1087.56,UK,Manchester,5.1
1,0.8293367120430699,Trigger Retention Campaign (15% Discount),1009.12,UK,Leeds,1.3
0,0.3795462559029223,Trigger Retention Campaign (15% Discount),1183.18,India,Chennai,1.6
1,0.9406005222134656,Trigger Retention Campaign (15% Discount),533.78,Japan,Osaka,2.1
1,0.6311598505917576,Trigger Retention Campaign (15% Discount),416.31,UK,Birmingham,2.1
0,0.14327643770193588,Do Not Intervene,1077.04,UK,Glasgow,5.3
0,0.12271208358386687,Do Not Intervene,1286.49,USA,Chicago,8.9
0,0.14423823040194916,Do Not Intervene,920.16,India,Delhi,5.3
1,0.15711074881447876,Do Not Intervene,601.37,USA,Los Angeles,1.0
0,0.15247855656071457,Do Not Intervene,1198.48,USA,New York,0.5
0,0.13789349786377506,Do Not Intervene,680.76,USA,Chicago,3.0
0,0.1350056393978078,Do Not Intervene,1570.93,Japan,Osaka,2.8
0,0.1596466245640092,Do Not Intervene,2318.98,USA,Chicago,1.6
1,0.6174781954768317,Trigger Retention Campaign (15% Discount),622.06,USA,Houston,2.4
0,0.10435275349888366,Do Not Intervene,1659.55,USA,Phoenix,3.7
1,0.947577904644234,Trigger Retention Campaign (15% Discount),4866.83,USA,Phoenix,1.6
0,0.1175211527512423,Do Not Intervene,1473.08,UK,London,1.6
0,0.14406322045249473,Do Not Intervene,1952.26,USA,New York,2.4
0,0.3025463495772095,Trigger Retention Campaign (15% Discount),231.47,France,Nice,6.1
0,0.11346156290648937,Do Not Intervene,3416.67,Canada,Vancouver,1.4
0,0.23899236423267467,Do Not Intervene,1417.67,USA,New York,1.8
0,0.08639863278123308,Do Not Intervene,711.59,USA,Houston,2.3
0,0.17468336818879973,Do Not Intervene,2236.04,France,Toulouse,4.4
1,0.6835815586298156,Trigger Retention Campaign (15% Discount),476.09,UK,Manchester,5.5
1,0.7245840855868704,Trigger Retention Campaign (15% Discount),234.27,Canada,Calgary,3.0
1,0.8904660624793935,Trigger Retention Campaign (15% Discount),2360.87,Australia,Sydney,1.7
0,0.09639066170038259,Do Not Intervene,1407.21,UK,Manchester,3.1
0,0.3805272634835263,Trigger Retention Campaign (15% Discount),1512.1,Australia,Adelaide,2.5
0,0.19686637007050392,Do Not Intervene,1530.17,Japan,Yokohama,8.3
1,0.5850893892642732,Trigger Retention Campaign (15% Discount),400.47,Canada,Montreal,5.9
1,0.5640429060214562,Trigger Retention Campaign (15% Discount),532.35,USA,Los Angeles,8.6
0,0.15676862683088363,Do Not Intervene,1558.7,Japan,Osaka,3.1
1,0.8134965090541474,Trigger Retention Campaign (15% Discount),704.79,France,Nice,3.2
0,0.6339081501947428,Trigger Retention Campaign (15% Discount),1054.35,Australia,Melbourne,5.8
0,0.1459891898371295,Do Not Intervene,1055.23,Canada,Montreal,5.3
1,0.9083437899259721,Trigger Retention Campaign (15% Discount),504.24,UK,London,2.0
0,0.12399651586580239,Do Not Intervene,1036.98,UK,Manchester,8.3
0,0.14113795780856894,Do Not Intervene,2198.67,UK,London,1.2
0,0.14029451057694795,Do Not Intervene,1386.89,USA,New York,2.6
1,0.4746436081420552,Trigger Retention Campaign (15% Discount),880.28,Australia,Melbourne,1.4
1,0.8046443809602024,Trigger Retention Campaign (15% Discount),3391.37,USA,New York,6.0
0,0.12372128683549058,Do Not Intervene,1946.32,UK,Glasgow,3.1
0,0.10621809779530214,Do Not Intervene,855.97,USA,Phoenix,6.0
0,0.21343312385597496,Do Not Intervene,969.36,USA,Houston,2.5
1,0.7850587705643679,Trigger Retention Campaign (15% Discount),428.4,Germany,Berlin,2.9
0,0.44207453154739906,Trigger Retention Campaign (15% Discount),218.99,Australia,Brisbane,1.6
1,0.7653859136482712,Trigger Retention Campaign (15% Discount),1024.49,USA,New York,0.5
0,0.11527952568214017,Do Not Intervene,511.71,Germany,Hamburg,2.2
1,0.25689206907277784,Do Not Intervene,927.31,USA,Chicago,2.5
1,0.8595972193685039,Trigger Retention Campaign (15% Discount),1130.11,USA,Houston,4.3
0,0.26684576838997176,Do Not Intervene,1617.05,Australia,Sydney,3.6
0,0.1662127081278458,Do Not Intervene,1187.03,Canada,Montreal,1.8
0,0.20943335991814724,Do Not Intervene,1077.54,Germany,Hamburg,1.9
0,0.397358158329032,Trigger Retention Campaign (15% Discount),606.52,Japan,Tokyo,4.8
0,0.19009529365013503,Do Not Intervene,1418.17,USA,Houston,2.2
1,0.780934775519741,Trigger Retention Campaign (15% Discount),538.41,Japan,Osaka,2.2
0,0.3225233763981471,Trigger Retention Campaign (15% Discount),473.28,USA,Los Angeles,5.2
0,0.13834606670989844,Do Not Intervene,2658.96,UK,London,1.9
0,0.18746311422638862,Do Not Intervene,2159.12,USA,Phoenix,0.7
1,0.948462894169804,Trigger Retention Campaign (15% Discount),2140.05,USA,Chicago,1.9
0,0.0943402554212042,Do Not Intervene,1759.4,UK,Birmingham,1.3
0,0.22672336292412726,Do Not Intervene,3202.95,Germany,Frankfurt,4.5
0,0.10522504039758668,Do Not Intervene,1000.35,Canada,Toronto,0.3
0,0.17567719340719568,Do Not Intervene,1281.93,Canada,Montreal,1.3
0,0.17998015752123606,Do Not Intervene,1131.24,USA,New York,3.3
1,0.8899175726895447,Trigger Retention Campaign (15% Discount),453.69,Canada,Calgary,1.0
0,0.5726027632515434,Trigger Retention Campaign (15% Discount),715.01,Canada,Toronto,1.6
0,0.1258125954722907,Do Not Intervene,1584.07,France,Nice,2.4
1,0.8135725088826169,Trigger Retention Campaign (15% Discount),2046.53,USA,Phoenix,0.1
0,0.09868767633174685,Do Not Intervene,410.43,USA,Houston,2.9
0,0.19375740913360942,Do Not Intervene,4570.88,Japan,Tokyo,1.2
0,0.15774292184329033,Do Not Intervene,3332.42,France,Toulouse,3.3
0,0.4026065380030522,Trigger Retention Campaign (15% Discount),578.33,UK,Leeds,5.7
0,0.4304573593046659,Trigger Retention Campaign (15% Discount),732.36,UK,Glasgow,4.4
0,0.10194127424635628,Do Not Intervene,1368.33,Japan,Yokohama,3.9
0,0.11818024736432946,Do Not Intervene,1488.27,USA,Phoenix,3.7
1,0.8837131423721134,Trigger Retention Campaign (15% Discount),2282.75,Germany,Berlin,3.2
1,0.8536442531665095,Trigger Retention Campaign (15% Discount),709.1,USA,Chicago,2.6
0,0.3700955622358421,Trigger Retention Campaign (15% Discount),1608.26,USA,Los Angeles,2.3
0,0.536817014098891,Trigger Retention Campaign (15% Discount),1104.69,India,Mumbai,9.6
1,0.6638624116109709,Trigger Retention Campaign (15% Discount),580.97,USA,Phoenix,4.9
1,0.5890226084689556,Trigger Retention Campaign (15% Discount),752.31,USA,Phoenix,1.6
0,0.08087115979481845,Do Not Intervene,1654.5,UK,London,3.5
0,0.40790110885913017,Trigger Retention Campaign (15% Discount),885.84,Australia,Perth,2.1
1,0.935632720121575,Trigger Retention Campaign (15% Discount),2281.85,UK,Glasgow,0.1
0,0.24009217525200807,Do Not Intervene,1419.33,Australia,Brisbane,5.3
0,0.1976180875907042,Do Not Intervene,1806.28,UK,Manchester,4.7
1,0.8977269684590705,Trigger Retention Campaign (15% Discount),4278.23,Australia,Adelaide,3.4
0,0.10142052245525982,Do Not Intervene,880.07,UK,London,1.7
0,0.17030607264738976,Do Not Intervene,4255.99,UK,London,1.9
0,0.18637697930078126,Do Not Intervene,1924.7,USA,New York,3.8
0,0.11936779009935117,Do Not Intervene,1911.27,France,Nice,3.9
0,0.584228460438127,Trigger Retention Campaign (15% Discount),444.7,USA,New York,8.7
0,0.1838155314459565,Do Not Intervene,1731.35,Australia,Sydney,2.0
0,0.3689931136731126,Trigger Retention Campaign (15% Discount),324.76,USA,Los Angeles,2.4
1,0.7616943683467872,Trigger Retention Campaign (15% Discount),405.5,France,Toulouse,1.9
0,0.13491792962714919,Do Not Intervene,696.59,Australia,Perth,1.1
1,0.7660430035424914,Trigger Retention Campaign (15% Discount),330.3,USA,Phoenix,0.9
0,0.37692688484896203,Trigger Retention Campaign (15% Discount),820.17,Canada,Montreal,5.7
0,0.13889240469139183,Do Not Intervene,1610.54,Canada,Montreal,6.1
0,0.14206835456268987,Do Not Intervene,732.92,UK,Birmingham,2.3
0,0.08920914450088152,Do Not Intervene,1652.76,Germany,Cologne,1.2
1,0.8463611556807803,Trigger Retention Campaign (15% Discount),682.24,UK,Glasgow,4.2
0,0.10487836785881477,Do Not Intervene,1414.32,USA,Houston,3.0
0,0.17319964524773968,Do Not Intervene,872.88,France,Marseille,3.7
0,0.14226768836118311,Do Not Intervene,656.42,UK,Manchester,3.3
0,0.0985343537132954,Do Not Intervene,1159.06,Canada,Montreal,6.2
0,0.13724093669905738,Do Not Intervene,1534.9,UK,Glasgow,3.5
0,0.16233453109896887,Do Not Intervene,2706.47,USA,Chicago,1.9
0,0.09402773472746344,Do Not Intervene,1095.0,Germany,Frankfurt,1.0
0,0.1685634838203187,Do Not Intervene,1644.83,USA,New York,1.5
0,0.11383598809930262,Do Not Intervene,1519.31,France,Nice,3.3
1,0.8228243224018295,Trigger Retention Campaign (15% Discount),725.45,USA,Phoenix,2.7
1,0.933179199164736,Trigger Retention Campaign (15% Discount),195.8,Canada,Ottawa,1.9
0,0.10565497130058903,Do Not Intervene,728.56,Japan,Osaka,2.4
0,0.23583603051625626,Do Not Intervene,735.91,Australia,Sydney,1.1
0,0.3296929174372024,Trigger Retention Campaign (15% Discount),677.3,USA,Houston,5.1
0,0.2643168896058041,Do Not Intervene,405.7,USA,New York,0.9
0,0.14254454179488818,Do Not Intervene,3088.3,UK,London,4.9
0,0.09606532028167944,Do Not Intervene,1628.08,Japan,Osaka,1.5
1,0.570448188749846,Trigger Retention Campaign (15% Discount),728.39,USA,New York,1.8
1,0.8208372767348616,Trigger Retention Campaign (15% Discount),2006.22,Canada,Toronto,1.3
0,0.13535568692784286,Do Not Intervene,3204.37,Canada,Vancouver,7.0
1,0.27453287609603466,Do Not Intervene,1735.21,France,Nice,5.0
0,0.1616820931233855,Do Not Intervene,1815.1,UK,Leeds,8.2
0,0.13635634990132606,Do Not Intervene,888.69,Germany,Hamburg,2.2
1,0.3513437958111185,Trigger Retention Campaign (15% Discount),440.43,UK,Glasgow,3.4
0,0.44754802054743775,Trigger Retention Campaign (15% Discount),947.99,Australia,Adelaide,0.6
0,0.12591920188275119,Do Not Intervene,1082.22,Germany,Berlin,7.6
0,0.12710524589538516,Do Not Intervene,1348.87,USA,New York,7.7
1,0.8494512240040444,Trigger Retention Campaign (15% Discount),977.62,UK,Leeds,0.5
1,0.7685056175709424,Trigger Retention Campaign (15% Discount),1311.67,Australia,Sydney,4.5
0,0.11479157775464904,Do Not Intervene,1423.45,USA,New York,3.3
1,0.6800487854277835,Trigger Retention Campaign (15% Discount),807.76,UK,Leeds,3.0
0,0.17382688408858418,Do Not Intervene,800.73,Germany,Cologne,5.4
0,0.13560633566580058,Do Not Intervene,2743.69,USA,Phoenix,3.7
0,0.12527037365210464,Do Not Intervene,1502.31,France,Nice,2.0
0,0.09442884692172376,Do Not Intervene,1060.29,France,Lyon,5.8
1,0.9450332031508631,Trigger Retention Campaign (15% Discount),1935.22,Canada,Toronto,3.7
1,0.7990628757811983,Trigger Retention Campaign (15% Discount),256.83,UK,London,3.0
0,0.08736129118674389,Do Not Intervene,959.28,USA,Houston,4.2
1,0.5145585874492979,Trigger Retention Campaign (15% Discount),773.33,USA,Chicago,1.4
1,0.9661952484752072,Trigger Retention Campaign (15% Discount),198.95,USA,Chicago,0.6
0,0.1548366315607972,Do Not Intervene,3018.73,USA,Houston,3.0
0,0.07779471800215802,Do Not Intervene,1270.54,Canada,Vancouver,2.7
0,0.23509975600400707,Do Not Intervene,1550.69,USA,Chicago,3.7
0,0.2880135180125214,Trigger Retention Campaign (15% Discount),709.41,India,Delhi,6.9
0,0.1379248585430684,Do Not Intervene,1679.58,USA,New York,2.8
0,0.16619083904148155,Do Not Intervene,1315.81,Canada,Vancouver,1.5
0,0.14613866719954258,Do Not Intervene,655.1,UK,Leeds,1.7
0,0.2224719650162395,Do Not Intervene,1068.99,Australia,Perth,3.8
0,0.16527695865232747,Do Not Intervene,1610.27,USA,Los Angeles,1.6
1,0.5594943582269213,Trigger Retention Campaign (15% Discount),775.15,France,Paris,5.1
0,0.1308592170513455,Do Not Intervene,941.79,USA,New York,4.0
1,0.9796590212736723,Trigger Retention Campaign (15% Discount),462.06,USA,Phoenix,5.0
0,0.32576875332265964,Trigger Retention Campaign (15% Discount),547.97,USA,Chicago,3.2
0,0.1642311329064178,Do Not Intervene,1991.32,USA,Phoenix,0.9
0,0.06576500868396688,Do Not Intervene,644.81,France,Marseille,1.1
0,0.1910152268809018,Do Not Intervene,375.54,USA,Phoenix,1.1
0,0.2950638253107898,Trigger Retention Campaign (15% Discount),1551.19,UK,London,0.4
1,0.4507702520383182,Trigger Retention Campaign (15% Discount),904.35,India,Delhi,6.4
0,0.09572062475440085,Do Not Intervene,1633.67,USA,New York,5.1
1,0.7715675975481082,Trigger Retention Campaign (15% Discount),783.32,France,Marseille,4.0
0,0.1276053996713718,Do Not Intervene,1165.82,France,Paris,2.6
1,0.7539472586247834,Trigger Retention Campaign (15% Discount),752.88,Japan,Yokohama,2.0
0,0.1040753737912151,Do Not Intervene,1817.9,USA,Chicago,4.0
0,0.7596253973312476,Trigger Retention Campaign (15% Discount),333.95,USA,Los Angeles,1.2
0,0.11102650652222587,Do Not Intervene,1357.79,USA,Los Angeles,4.8
0,0.20237551267445059,Do Not Intervene,2189.57,UK,Leeds,2.1
1,0.8535676835615383,Trigger Retention Campaign (15% Discount),2835.86,USA,Chicago,4.4
0,0.33152246741484603,Trigger Retention Campaign (15% Discount),728.4,USA,Houston,9.1
0,0.12608408503404264,Do Not Intervene,1261.12,USA,New York,5.0
0,0.13088338771770153,Do Not Intervene,1591.12,France,Toulouse,2.9
0,0.1619709465573817,Do Not Intervene,3020.34,Germany,Hamburg,3.0
1,0.7475668823328729,Trigger Retention Campaign (15% Discount),2660.62,Australia,Brisbane,1.9
0,0.2108349009213482,Do Not Intervene,766.83,USA,Los Angeles,1.9
0,0.10233017462384256,Do Not Intervene,1078.73,Canada,Vancouver,3.8
0,0.10334622725218347,Do Not Intervene,1665.14,USA,Chicago,4.6
0,0.12677767074704094,Do Not Intervene,648.71,USA,Houston,1.6
0,0.21948301913678975,Do Not Intervene,2914.63,USA,Los Angeles,2.3
0,0.1254319463489882,Do Not Intervene,1393.0,Germany,Berlin,2.8
1,0.731030592724321,Trigger Retention Campaign (15% Discount),416.05,Canada,Calgary,5.5
0,0.7675065086490861,Trigger Retention Campaign (15% Discount),1061.66,USA,New York,1.2
0,0.1517824527351869,Do Not Intervene,420.61,USA,New York,3.9
0,0.08646791413608561,Do Not Intervene,613.31,USA,Los Angeles,4.1
1,0.8340193564685083,Trigger Retention Campaign (15% Discount),848.76,Canada,Vancouver,2.4
0,0.09811072258817514,Do Not Intervene,975.34,USA,New York,3.9
1,0.844766069696464,Trigger Retention Campaign (15% Discount),1154.44,Australia,Adelaide,4.6
1,0.5456878495529712,Trigger Retention Campaign (15% Discount),312.82,Australia,Sydney,4.8
1,0.6176538504174356,Trigger Retention Campaign (15% Discount),2836.44,UK,Leeds,3.9
0,0.14231239184767008,Do Not Intervene,1309.07,USA,New York,1.9
0,0.1258430367595151,Do Not Intervene,752.09,Australia,Perth,2.3
0,0.11915366297169584,Do Not Intervene,1819.82,USA,Chicago,1.3
0,0.5449541451851533,Trigger Retention Campaign (15% Discount),1302.3,Germany,Hamburg,3.3
0,0.17308572891171398,Do Not Intervene,2890.02,USA,Houston,4.7
0,0.11249748555603732,Do Not Intervene,1571.71,France,Nice,5.3
0,0.23860854508635712,Do Not Intervene,1191.88,Australia,Melbourne,2.3
0,0.5092104985485854,Trigger Retention Campaign (15% Discount),320.89,Germany,Hamburg,1.3
0,0.08919741849879408,Do Not Intervene,802.36,USA,Chicago,4.2
0,0.27034352225659103,Do Not Intervene,1617.77,Canada,Montreal,9.8
1,0.9388950948369622,Trigger Retention Campaign (15% Discount),2303.46,Germany,Cologne,0.8
0,0.13744683357185825,Do Not Intervene,1004.28,Germany,Munich,2.7
0,0.12944779772858653,Do Not Intervene,1006.3,USA,Chicago,4.7
1,0.6846277416004792,Trigger Retention Campaign (15% Discount),1843.96,Germany,Berlin,2.6
0,0.10806891352157277,Do Not Intervene,1281.45,USA,Chicago,0.6
1,0.762248233149498,Trigger Retention Campaign (15% Discount),1216.76,Germany,Frankfurt,1.1
0,0.29836751396652805,Trigger Retention Campaign (15% Discount),1016.87,Australia,Adelaide,2.7
0,0.20126440364544085,Do Not Intervene,1041.29,UK,London,2.3
0,0.12938976173853386,Do Not Intervene,3090.15,UK,London,2.1
0,0.08969199373318355,Do Not Intervene,1517.73,Japan,Tokyo,2.2
1,0.8447243100625621,Trigger Retention Campaign (15% Discount),3065.79,USA,Chicago,2.6
0,0.30038430215476775,Trigger Retention Campaign (15% Discount),354.73,USA,Chicago,0.3
0,0.18313309535957203,Do Not Intervene,2112.89,Germany,Munich,1.1
0,0.1488194540734548,Do Not Intervene,1513.23,UK,London,4.0
1,0.08023341455290683,Do Not Intervene,1201.62,India,Hyderabad,5.3
0,0.2988777590197787,Trigger Retention Campaign (15% Discount),464.18,USA,Chicago,0.5
1,0.40638762027246195,Trigger Retention Campaign (15% Discount),1512.56,USA,Houston,1.5
1,0.8778874614095078,Trigger Retention Campaign (15% Discount),2090.78,Australia,Perth,0.8
1,0.9461746976258258,Trigger Retention Campaign (15% Discount),454.54,UK,Leeds,4.5
1,0.8877546792665292,Trigger Retention Campaign (15% Discount),2182.85,France,Nice,2.1
0,0.11314291333304755,Do Not Intervene,1711.22,USA,Houston,5.6
0,0.14505397305500867,Do Not Intervene,1053.22,Germany,Cologne,7.0
0,0.5592283913462375,Trigger Retention Campaign (15% Discount),675.49,UK,Manchester,7.1
0,0.13670426426422505,Do Not Intervene,4026.97,USA,Los Angeles,5.7
0,0.1369747215312923,Do Not Intervene,733.33,India,Bangalore,1.7
1,0.923371267864516,Trigger Retention Campaign (15% Discount),719.0,USA,Chicago,2.0
1,0.855369766787543,Trigger Retention Campaign (15% Discount),1977.35,USA,Los Angeles,1.5
0,0.12118275474031712,Do Not Intervene,1321.09,France,Marseille,3.1
0,0.10987076568748563,Do Not Intervene,1191.07,Canada,Ottawa,10.0
0,0.11107742897405495,Do Not Intervene,1680.35,UK,Leeds,2.6
1,0.6682929560930431,Trigger Retention Campaign (15% Discount),1127.71,USA,Phoenix,4.1
0,0.42337618797228116,Trigger Retention Campaign (15% Discount),2443.15,India,Hyderabad,0.6
0,0.11125556543885255,Do Not Intervene,3081.69,Canada,Ottawa,5.1
0,0.4593148772630943,Trigger Retention Campaign (15% Discount),490.99,India,Delhi,3.0
0,0.11735629254339366,Do Not Intervene,420.08,USA,Chicago,0.6
0,0.4841954789984912,Trigger Retention Campaign (15% Discount),441.83,USA,Houston,1.4
1,0.8337918181772477,Trigger Retention Campaign (15% Discount),4312.15,Germany,Berlin,2.0
1,0.6815872648431145,Trigger Retention Campaign (15% Discount),1332.29,Canada,Montreal,0.2
1,0.9586182551384991,Trigger Retention Campaign (15% Discount),3130.99,Canada,Calgary,4.3
0,0.1769759470344088,Do Not Intervene,1230.36,UK,Manchester,5.7
0,0.10768965124650136,Do Not Intervene,1075.7,UK,Leeds,7.0
0,0.11735829130530803,Do Not Intervene,776.71,USA,Houston,4.2
0,0.0912571120263462,Do Not Intervene,1571.66,India,Delhi,1.5
0,0.19681369102863186,Do Not Intervene,857.21,UK,Leeds,3.3
0,0.14898234875821217,Do Not Intervene,1178.12,Japan,Yokohama,3.2
0,0.1458912709235365,Do Not Intervene,1016.45,USA,New York,1.4
0,0.1647484357897169,Do Not Intervene,971.06,Canada,Vancouver,3.4
0,0.08421327661574848,Do Not Intervene,703.07,Australia,Perth,2.9
1,0.2194009239380575,Do Not Intervene,3477.27,USA,Chicago,0.6
1,0.6824240325680484,Trigger Retention Campaign (15% Discount),402.41,USA,Los Angeles,1.9
0,0.6972308562695251,Trigger Retention Campaign (15% Discount),1729.72,UK,Leeds,2.3
0,0.08324055699513662,Do Not Intervene,1047.62,USA,Chicago,1.4
1,0.713084833357102,Trigger Retention Campaign (15% Discount),853.75,Australia,Perth,1.1
0,0.1570913515164339,Do Not Intervene,2274.65,Canada,Ottawa,2.4
0,0.23295391469784402,Do Not Intervene,1271.44,USA,Los Angeles,0.4
0,0.1252053214557395,Do Not Intervene,1800.27,UK,Glasgow,3.9
0,0.17107820434214102,Do Not Intervene,2930.59,Germany,Frankfurt,6.4
0,0.13061980651514282,Do Not Intervene,1161.2,Germany,Munich,1.7
0,0.14965228578537956,Do Not Intervene,1075.88,UK,Birmingham,0.1
1,0.4932913032840485,Trigger Retention Campaign (15% Discount),788.08,Australia,Sydney,2.1
1,0.6753918238470803,Trigger Retention Campaign (15% Discount),1785.47,Germany,Munich,1.4
0,0.12935577503057621,Do Not Intervene,1555.12,UK,Glasgow,2.3
0,0.48450196281547847,Trigger Retention Campaign (15% Discount),1398.9,India,Delhi,2.0
1,0.46549996154819406,Trigger Retention Campaign (15% Discount),618.93,Australia,Brisbane,0.9
0,0.1681670145572917,Do Not Intervene,1152.81,USA,Chicago,1.1
0,0.08771023781859862,Do Not Intervene,945.77,USA,Houston,0.5
1,0.7354401301542255,Trigger Retention Campaign (15% Discount),1417.89,USA,Los Angeles,3.4
0,0.38220154211821095,Trigger Retention Campaign (15% Discount),730.7,France,Paris,3.0
1,0.6490970770914487,Trigger Retention Campaign (15% Discount),1562.64,USA,Los Angeles,1.7
0,0.06858326515014283,Do Not Intervene,3891.82,USA,Chicago,3.2
0,0.1422828734419437,Do Not Intervene,3967.21,France,Toulouse,0.7
0,0.17244492281023494,Do Not Intervene,1845.55,Japan,Kyoto,0.9
0,0.155411450917063,Do Not Intervene,545.82,UK,Glasgow,2.8
1,0.7847589513534778,Trigger Retention Campaign (15% Discount),3004.65,Japan,Yokohama,2.4
1,0.7843248067843527,Trigger Retention Campaign (15% Discount),1579.69,USA,New York,0.7
0,0.24873767642729855,Do Not Intervene,824.48,Germany,Berlin,2.5
0,0.13196912809513184,Do Not Intervene,3234.76,France,Paris,4.2
0,0.2368102187711421,Do Not Intervene,2597.42,Australia,Adelaide,3.1
0,0.2325384802531805,Do Not Intervene,1964.42,USA,Phoenix,1.8
0,0.12293347309912055,Do Not Intervene,969.22,France,Nice,0.4
0,0.20124462835496965,Do Not Intervene,1196.12,USA,Chicago,2.3
0,0.37234360582575987,Trigger Retention Campaign (15% Discount),454.28,UK,Leeds,0.4
1,0.8871946217232869,Trigger Retention Campaign (15% Discount),376.3,UK,Manchester,3.7
1,0.7364272704056184,Trigger Retention Campaign (15% Discount),1303.33,UK,London,6.8
0,0.1324920926836826,Do Not Intervene,1287.75,India,Hyderabad,7.4
1,0.8189102626354561,Trigger Retention Campaign (15% Discount),858.74,USA,Chicago,4.4
1,0.9113627262607626,Trigger Retention Campaign (15% Discount),2387.37,UK,Glasgow,1.0
0,0.17071537522645083,Do Not Intervene,2232.85,Australia,Sydney,2.5
0,0.10863724678783004,Do Not Intervene,1664.0,Canada,Toronto,2.3
0,0.16419573510154606,Do Not Intervene,2590.21,USA,Chicago,3.6
0,0.09380102074796597,Do Not Intervene,871.61,UK,Leeds,5.9
0,0.13474527048578414,Do Not Intervene,1091.96,USA,Chicago,3.1
0,0.12274431962403774,Do Not Intervene,1597.63,Japan,Osaka,5.1
0,0.5875742929776119,Trigger Retention Campaign (15% Discount),1276.19,UK,Birmingham,0.8
0,0.1554708058888342,Do Not Intervene,710.18,France,Nice,2.9
1,0.16671015767052302,Do Not Intervene,574.25,Australia,Sydney,10.0
0,0.13421822450407941,Do Not Intervene,1628.98,France,Lyon,3.0
1,0.13101919552358143,Do Not Intervene,1476.52,USA,Houston,3.2
0,0.12706856134758285,Do Not Intervene,1120.29,France,Lyon,1.3
0,0.12436015183369661,Do Not Intervene,4497.03,France,Paris,0.2
0,0.10516136804520299,Do Not Intervene,1283.62,UK,Manchester,2.0
1,0.8723376167947423,Trigger Retention Campaign (15% Discount),2134.19,UK,Birmingham,6.2
1,0.7687549226140518,Trigger Retention Campaign (15% Discount),1891.23,USA,Chicago,4.5
1,0.7810375784003659,Trigger Retention Campaign (15% Discount),2057.93,France,Paris,0.5
0,0.1423527060388464,Do Not Intervene,3358.2,Germany,Frankfurt,2.5
1,0.7907040831075389,Trigger Retention Campaign (15% Discount),2177.86,Canada,Toronto,3.1
0,0.13467362315569428,Do Not Intervene,1292.78,Australia,Adelaide,8.5
0,0.1305213297579346,Do Not Intervene,1686.71,Canada,Ottawa,1.8
0,0.36544282832722247,Trigger Retention Campaign (15% Discount),1181.17,Australia,Sydney,10.0
0,0.12654761522193114,Do Not Intervene,1642.87,USA,Los Angeles,2.9
0,0.2949511089216768,Trigger Retention Campaign (15% Discount),301.49,USA,Los Angeles,2.0
0,0.1975280203119759,Do Not Intervene,1043.21,USA,Phoenix,0.9
0,0.15152596997634057,Do Not Intervene,1027.76,USA,Los Angeles,1.6
0,0.09087498407572189,Do Not Intervene,1483.78,France,Lyon,1.9
1,0.649425792296102,Trigger Retention Campaign (15% Discount),571.97,Germany,Cologne,1.4
0,0.14990700249605424,Do Not Intervene,1465.33,Germany,Frankfurt,0.9
0,0.15115395498118706,Do Not Intervene,4275.42,USA,Los Angeles,6.7
1,0.582220824001053,Trigger Retention Campaign (15% Discount),1159.31,Germany,Berlin,4.8
1,0.6956455309845001,Trigger Retention Campaign (15% Discount),2102.93,UK,Manchester,1.5
0,0.14522174585621553,Do Not Intervene,3359.39,India,Chennai,3.1
1,0.9455940060216302,Trigger Retention Campaign (15% Discount),2280.62,UK,Glasgow,4.3
0,0.18193599798468707,Do Not Intervene,915.92,UK,Birmingham,2.0
0,0.17262472719020291,Do Not Intervene,695.14,Germany,Cologne,1.3
0,0.1124370879772554,Do Not Intervene,1470.49,USA,Houston,0.1
0,0.13747540545799977,Do Not Intervene,1135.26,Australia,Adelaide,4.0
0,0.0968030931944785,Do Not Intervene,1306.09,France,Paris,5.2
0,0.12557884628270405,Do Not Intervene,1288.96,Canada,Ottawa,2.3
0,0.13078075735922132,Do Not Intervene,3665.17,UK,Manchester,1.5
1,0.6844524779600856,Trigger Retention Campaign (15% Discount),741.87,USA,Chicago,3.4
1,0.8879061040523727,Trigger Retention Campaign (15% Discount),331.75,USA,Houston,2.9
1,0.887985052134274,Trigger Retention Campaign (15% Discount),1931.77,India,Mumbai,2.5
0,0.09640339484459058,Do Not Intervene,905.35,USA,Houston,0.4
1,0.8357441993370135,Trigger Retention Campaign (15% Discount),2344.04,India,Hyderabad,4.2
0,0.11300109891888967,Do Not Intervene,1490.0,UK,Glasgow,2.3
0,0.09196340100172674,Do Not Intervene,1648.93,USA,Houston,1.8
0,0.2069726030243739,Do Not Intervene,1012.79,USA,New York,10.0
0,0.2506106388085153,Do Not Intervene,348.76,USA,Los Angeles,2.0
1,0.7345479296525481,Trigger Retention Campaign (15% Discount),1980.66,Canada,Montreal,0.3
0,0.13307258833871227,Do Not Intervene,1481.98,Canada,Calgary,5.5
0,0.2336076814777419,Do Not Intervene,1246.39,India,Mumbai,8.1
0,0.12294886649678642,Do Not Intervene,1147.96,Australia,Adelaide,1.8
1,0.7492003745191027,Trigger Retention Campaign (15% Discount),582.99,Australia,Brisbane,5.9
0,0.24232309427200543,Do Not Intervene,1651.55,UK,Manchester,5.1
0,0.11436003336379238,Do Not Intervene,2196.46,India,Hyderabad,1.7
0,0.11506824140878358,Do Not Intervene,1120.59,Canada,Ottawa,2.3
0,0.15534525354299736,Do Not Intervene,1631.12,USA,Houston,4.1
1,0.09100691652466524,Do Not Intervene,1821.75,Australia,Melbourne,2.6
0,0.2002507351153136,Do Not Intervene,880.0,USA,Los Angeles,2.5
1,0.12828600487745068,Do Not Intervene,1873.71,USA,Houston,4.7
0,0.09682494032470142,Do Not Intervene,3389.75,Germany,Berlin,1.9
1,0.814230131196747,Trigger Retention Campaign (15% Discount),1871.69,USA,Chicago,1.3
1,0.8562588739524011,Trigger Retention Campaign (15% Discount),2177.75,Germany,Frankfurt,3.3
1,0.8200157386666719,Trigger Retention Campaign (15% Discount),1684.58,USA,Los Angeles,1.5
1,0.9567489409100159,Trigger Retention Campaign (15% Discount),2619.0,India,Chennai,5.0
0,0.14257545925438855,Do Not Intervene,1211.58,Germany,Frankfurt,5.4
0,0.14618745594494797,Do Not Intervene,1154.28,USA,New York,1.3
0,0.10330292663413333,Do Not Intervene,1729.72,Japan,Tokyo,5.6
0,0.1078940715852663,Do Not Intervene,1096.52,USA,Chicago,2.5
0,0.17417918083942696,Do Not Intervene,1880.3,USA,Los Angeles,4.9
1,0.8161863266998105,Trigger Retention Campaign (15% Discount),1955.56,Canada,Ottawa,4.4
0,0.18084671022853224,Do Not Intervene,4481.25,Germany,Hamburg,3.9
0,0.29892667859813976,Trigger Retention Campaign (15% Discount),803.5,Germany,Frankfurt,4.8
1,0.9455077870480786,Trigger Retention Campaign (15% Discount),246.38,USA,Chicago,5.6
0,0.38684017967156303,Trigger Retention Campaign (15% Discount),899.08,India,Delhi,2.1
1,0.8842473073546748,Trigger Retention Campaign (15% Discount),2076.62,USA,New York,3.4
1,0.9197297028254318,Trigger Retention Campaign (15% Discount),2119.67,USA,Los Angeles,5.9
0,0.10496381669002285,Do Not Intervene,1105.18,Canada,Montreal,0.7
0,0.19311789151500228,Do Not Intervene,555.63,Australia,Perth,1.2
0,0.146025642301392,Do Not Intervene,3063.88,Canada,Vancouver,5.2
0,0.09623033405665991,Do Not Intervene,1057.63,UK,Glasgow,2.1
0,0.17696740464409175,Do Not Intervene,692.31,USA,Los Angeles,1.9
0,0.1317555066452776,Do Not Intervene,1585.23,Canada,Toronto,2.7
0,0.31996398150833355,Trigger Retention Campaign (15% Discount),839.64,USA,Chicago,2.8
0,0.08690017523174291,Do Not Intervene,707.14,Germany,Hamburg,1.7
0,0.1598137159249264,Do Not Intervene,621.73,Australia,Adelaide,10.0
1,0.7423341351912839,Trigger Retention Campaign (15% Discount),507.86,USA,Los Angeles,2.2
1,0.5424526167387647,Trigger Retention Campaign (15% Discount),535.05,USA,Houston,6.7
0,0.07884855792210162,Do Not Intervene,994.9,USA,New York,3.7
0,0.33583350225677144,Trigger Retention Campaign (15% Discount),522.11,USA,Houston,3.3
0,0.13754942512102147,Do Not Intervene,1933.05,India,Hyderabad,2.0
0,0.13965480527778643,Do Not Intervene,1444.91,UK,London,2.0
0,0.2876390712228889,Trigger Retention Campaign (15% Discount),1141.14,France,Lyon,10.0
0,0.39218352567816955,Trigger Retention Campaign (15% Discount),1133.22,Japan,Kyoto,1.8
0,0.12029887006579776,Do Not Intervene,2962.72,Canada,Ottawa,0.4
0,0.11931406625434703,Do Not Intervene,2762.21,USA,Phoenix,4.0
0,0.13736727125822804,Do Not Intervene,699.25,Canada,Calgary,0.6
0,0.10448932255003882,Do Not Intervene,1650.3,Canada,Toronto,8.8
0,0.29710605474691165,Trigger Retention Campaign (15% Discount),1861.01,USA,Chicago,1.9
0,0.16518321135334507,Do Not Intervene,1229.77,India,Bangalore,2.5
0,0.2548498303013469,Do Not Intervene,854.79,USA,Chicago,3.8
0,0.18180104119019677,Do Not Intervene,3693.28,USA,Phoenix,2.4
1,0.6445706385606172,Trigger Retention Campaign (15% Discount),378.97,USA,Phoenix,1.3
0,0.17188814317785506,Do Not Intervene,2784.97,France,Marseille,6.3
0,0.10813828210996483,Do Not Intervene,1159.12,USA,Los Angeles,0.8
0,0.09243510439566881,Do Not Intervene,1633.42,Canada,Ottawa,3.5
0,0.1359099353266037,Do Not Intervene,1421.23,Japan,Tokyo,0.7
0,0.21439052306308287,Do Not Intervene,3082.77,Japan,Yokohama,6.5
0,0.20576490200716965,Do Not Intervene,3022.84,Canada,Calgary,4.0
0,0.14258822863733944,Do Not Intervene,732.17,USA,Phoenix,0.8
0,0.29308850073765175,Trigger Retention Campaign (15% Discount),1610.75,UK,Manchester,3.4
0,0.14585417678239712,Do Not Intervene,1290.96,USA,Phoenix,2.7
1,0.1690437276301492,Do Not Intervene,2212.08,USA,Houston,4.5
0,0.21142805471823198,Do Not Intervene,2529.52,USA,Los Angeles,1.8
0,0.47741810147996766,Trigger Retention Campaign (15% Discount),406.71,UK,Birmingham,8.1
1,0.882814426090186,Trigger Retention Campaign (15% Discount),642.15,Germany,Cologne,0.8
0,0.074096090755037,Do Not Intervene,1223.89,Germany,Berlin,7.1
0,0.10638631709421906,Do Not Intervene,1596.08,India,Bangalore,0.8
1,0.11891715028960453,Do Not Intervene,1668.33,Canada,Vancouver,0.4
1,0.4043731423267335,Trigger Retention Campaign (15% Discount),629.98,Canada,Calgary,4.0
0,0.12249738759789758,Do Not Intervene,3711.53,UK,London,0.1
0,0.1052686978295624,Do Not Intervene,1055.38,Canada,Toronto,4.1
0,0.11155127607551883,Do Not Intervene,3080.58,UK,Manchester,0.5
0,0.11668288547338483,Do Not Intervene,1028.55,Canada,Montreal,5.7
1,0.4261419039236529,Trigger Retention Campaign (15% Discount),731.67,USA,New York,5.4
0,0.08456903413467556,Do Not Intervene,1669.36,USA,Chicago,2.4
0,0.15921843833933452,Do Not Intervene,793.44,USA,Los Angeles,4.9
0,0.1799644564168388,Do Not Intervene,878.05,UK,Manchester,2.4
0,0.07484445267269361,Do Not Intervene,1135.43,Japan,Kyoto,6.8
1,0.5493945955168263,Trigger Retention Campaign (15% Discount),442.81,India,Bangalore,0.6
1,0.1171632059166609,Do Not Intervene,1214.96,USA,New York,3.2
0,0.18559352688744124,Do Not Intervene,3295.93,USA,New York,3.2
0,0.24251866225660546,Do Not Intervene,4805.28,Australia,Melbourne,2.7
0,0.185766333857714,Do Not Intervene,862.89,Canada,Calgary,3.1
0,0.15491169262292315,Do Not Intervene,440.85,USA,Los Angeles,5.6
1,0.7769457385708892,Trigger Retention Campaign (15% Discount),503.74,France,Toulouse,5.8
1,0.6647485889406788,Trigger Retention Campaign (15% Discount),300.33,Canada,Calgary,3.0
1,0.6155482168684789,Trigger Retention Campaign (15% Discount),476.61,USA,New York,2.8
0,0.17696120038710864,Do Not Intervene,2068.74,USA,Chicago,0.5
1,0.14666027739043438,Do Not Intervene,1566.82,UK,Birmingham,2.2
0,0.21618810563530466,Do Not Intervene,912.32,USA,Los Angeles,1.9
1,0.4358520314189661,Trigger Retention Campaign (15% Discount),835.35,France,Nice,1.2
0,0.12212441794359105,Do Not Intervene,3986.91,USA,New York,4.8
0,0.325230348268751,Trigger Retention Campaign (15% Discount),1835.81,Japan,Osaka,0.7
1,0.8861816972328197,Trigger Retention Campaign (15% Discount),362.03,USA,Chicago,3.9
0,0.41853298227160357,Trigger Retention Campaign (15% Discount),1460.65,USA,Chicago,5.0
1,0.9139772766062202,Trigger Retention Campaign (15% Discount),4486.42,Canada,Montreal,0.9
1,0.6967983333548875,Trigger Retention Campaign (15% Discount),318.25,Australia,Melbourne,9.3
0,0.07537663032055758,Do Not Intervene,805.78,Australia,Adelaide,7.2
1,0.49890263942356083,Trigger Retention Campaign (15% Discount),1579.75,Australia,Melbourne,3.1
0,0.14852144171595857,Do Not Intervene,651.27,France,Paris,2.3
0,0.1484292123577634,Do Not Intervene,2148.96,India,Delhi,1.4
1,0.9175145421308146,Trigger Retention Campaign (15% Discount),107.4,USA,Los Angeles,1.7
0,0.13978671329043407,Do Not Intervene,556.52,UK,London,4.0
0,0.11069329745288545,Do Not Intervene,1210.31,UK,Birmingham,3.3
1,0.4886085526828268,Trigger Retention Campaign (15% Discount),562.99,Germany,Berlin,2.6
1,0.7902871529598359,Trigger Retention Campaign (15% Discount),874.59,UK,Leeds,0.7
1,0.8715749259326835,Trigger Retention Campaign (15% Discount),1437.97,USA,Phoenix,0.6
0,0.14672637272381236,Do Not Intervene,2083.35,USA,Phoenix,4.5
0,0.11242282455059505,Do Not Intervene,2498.34,USA,Chicago,3.2
1,0.4049023584167245,Trigger Retention Campaign (15% Discount),424.95,India,Hyderabad,3.1
0,0.12803904424402743,Do Not Intervene,2892.49,Canada,Vancouver,0.6
0,0.638683448208749,Trigger Retention Campaign (15% Discount),676.87,Canada,Calgary,0.9
1,0.36414900289680463,Trigger Retention Campaign (15% Discount),1693.19,India,Delhi,0.7
1,0.13857184970489078,Do Not Intervene,1555.95,USA,Houston,4.4
1,0.5493208511904664,Trigger Retention Campaign (15% Discount),1765.1,USA,Houston,4.0
0,0.14042121270113697,Do Not Intervene,3465.43,USA,Chicago,0.9
0,0.09872397214196406,Do Not Intervene,886.21,Canada,Vancouver,0.6
0,0.15616320106311968,Do Not Intervene,1801.65,UK,Leeds,6.1
1,0.8762413616372895,Trigger Retention Campaign (15% Discount),1213.74,USA,New York,1.0
0,0.12145666381899226,Do Not Intervene,982.3,UK,Birmingham,4.8
1,0.8469444851457437,Trigger Retention Campaign (15% Discount),1664.84,Canada,Vancouver,2.1
0,0.12212696635622006,Do Not Intervene,1789.99,Canada,Montreal,0.3
0,0.1581519617993816,Do Not Intervene,1911.81,USA,Los Angeles,2.5
0,0.421378460709405,Trigger Retention Campaign (15% Discount),1233.89,Japan,Yokohama,5.8
0,0.1989630075040677,Do Not Intervene,1376.07,UK,Leeds,6.2
0,0.21351666292934013,Do Not Intervene,1592.49,Canada,Vancouver,1.7
0,0.16566843886226823,Do Not Intervene,1812.56,UK,Glasgow,3.4
0,0.10019564356707614,Do Not Intervene,842.26,Germany,Cologne,3.3
0,0.21986153524683402,Do Not Intervene,931.7,Japan,Tokyo,3.4
0,0.29792036291520324,Trigger Retention Campaign (15% Discount),1058.89,Australia,Sydney,2.1
0,0.10578031494261016,Do Not Intervene,940.97,Japan,Nagoya,5.2
1,0.34040903598522276,Trigger Retention Campaign (15% Discount),1690.05,UK,Leeds,2.5
0,0.12539153221335492,Do Not Intervene,458.56,UK,Birmingham,8.3
0,0.12967954463287265,Do Not Intervene,947.03,Australia,Brisbane,4.6
0,0.09812760161734609,Do Not Intervene,946.5,UK,Manchester,1.4
1,0.7552181232342418,Trigger Retention Campaign (15% Discount),2332.22,USA,Chicago,2.6
1,0.09807760468511977,Do Not Intervene,1475.11,Canada,Montreal,4.4
1,0.9122889352929161,Trigger Retention Campaign (15% Discount),472.52,USA,Phoenix,2.3
0,0.14232320044990832,Do Not Intervene,2773.15,Japan,Tokyo,3.8
0,0.12914864551003105,Do Not Intervene,2259.59,USA,Houston,0.8
1,0.45806785663249044,Trigger Retention Campaign (15% Discount),381.88,USA,Phoenix,2.3
1,0.45339508579612997,Trigger Retention Campaign (15% Discount),218.31,France,Toulouse,1.1
1,0.10614203664553407,Do Not Intervene,1734.55,USA,Los Angeles,7.2
0,0.14311694629706856,Do Not Intervene,1803.42,France,Toulouse,5.1
1,0.8003602794156877,Trigger Retention Campaign (15% Discount),437.92,France,Toulouse,7.0
0,0.19968439600549398,Do Not Intervene,2209.93,Canada,Montreal,5.0
0,0.10240559878489243,Do Not Intervene,918.62,USA,Houston,8.5
0,0.18848038321139537,Do Not Intervene,2217.96,Germany,Cologne,1.3
0,0.1905151317939708,Do Not Intervene,3431.92,USA,Chicago,5.3
0,0.5244531952594863,Trigger Retention Campaign (15% Discount),820.58,Canada,Montreal,3.2
1,0.4185230106519593,Trigger Retention Campaign (15% Discount),1134.63,France,Marseille,3.8
0,0.17008882123694377,Do Not Intervene,530.7,Canada,Vancouver,3.3
0,0.12323816915812076,Do Not Intervene,1305.79,USA,Houston,1.4
0,0.12483590532368102,Do Not Intervene,595.03,UK,Manchester,0.8
0,0.2688002562791909,Do Not Intervene,862.27,USA,Houston,1.1
0,0.29676776812659644,Trigger Retention Campaign (15% Discount),890.02,Australia,Melbourne,0.4
0,0.12804877389027097,Do Not Intervene,405.69,USA,Phoenix,0.8
0,0.22213223211971203,Do Not Intervene,2044.17,USA,New York,0.7
0,0.30340123186592727,Trigger Retention Campaign (15% Discount),1786.47,Canada,Vancouver,3.0
0,0.1249122918360021,Do Not Intervene,1644.05,USA,Phoenix,6.7
1,0.6553424544640097,Trigger Retention Campaign (15% Discount),384.98,Germany,Hamburg,3.3
0,0.29043472497844747,Trigger Retention Campaign (15% Discount),719.86,USA,New York,5.4
0,0.1747054049500134,Do Not Intervene,592.59,USA,Chicago,2.3
0,0.15709139696654045,Do Not Intervene,3645.41,USA,New York,2.7
0,0.10659314718139948,Do Not Intervene,2486.02,Australia,Melbourne,1.3
0,0.6095125894223867,Trigger Retention Campaign (15% Discount),705.08,France,Marseille,1.0
1,0.7734526876164631,Trigger Retention Campaign (15% Discount),2146.66,USA,Chicago,3.5
1,0.5744985799362758,Trigger Retention Campaign (15% Discount),697.88,Germany,Hamburg,1.8
0,0.15017214484637295,Do Not Intervene,1329.95,USA,Phoenix,7.5
0,0.08704547806065309,Do Not Intervene,1510.74,Australia,Adelaide,3.0
0,0.1564570224501266,Do Not Intervene,1051.27,USA,Chicago,0.6
1,0.5656203452804517,Trigger Retention Campaign (15% Discount),325.53,USA,Los Angeles,2.8
0,0.6549245566614617,Trigger Retention Campaign (15% Discount),544.64,USA,Phoenix,8.6
0,0.11735102602418777,Do Not Intervene,1033.41,India,Mumbai,1.4
0,0.19529557857223917,Do Not Intervene,664.11,Australia,Adelaide,1.8
1,0.7377317283638721,Trigger Retention Campaign (15% Discount),2023.09,Japan,Osaka,0.7
0,0.13561831275604022,Do Not Intervene,1467.45,Japan,Yokohama,2.5
0,0.1946699210090809,Do Not Intervene,1398.24,India,Mumbai,3.5
0,0.10611871346378933,Do Not Intervene,1130.67,Germany,Cologne,3.2
1,0.6610377157490922,Trigger Retention Campaign (15% Discount),413.24,UK,London,2.6
1,0.6458910069821162,Trigger Retention Campaign (15% Discount),801.17,UK,Leeds,4.1
1,0.875257319807292,Trigger Retention Campaign (15% Discount),492.39,Germany,Munich,1.3
1,0.9523061667834724,Trigger Retention Campaign (15% Discount),258.68,UK,Birmingham,3.1
1,0.7310356484121782,Trigger Retention Campaign (15% Discount),1097.55,India,Delhi,0.6
1,0.5564565986674357,Trigger Retention Campaign (15% Discount),324.56,Japan,Kyoto,4.7
0,0.15432501511463326,Do Not Intervene,1636.9,Japan,Tokyo,2.1
0,0.08970998104340194,Do Not Intervene,1277.01,Germany,Munich,1.3
1,0.5879949415319414,Trigger Retention Campaign (15% Discount),375.27,India,Chennai,2.8
0,0.0826372213540556,Do Not Intervene,884.18,USA,Houston,1.7
0,0.2950704937567298,Trigger Retention Campaign (15% Discount),575.76,USA,Phoenix,2.0
1,0.5120107593171643,Trigger Retention Campaign (15% Discount),540.7,Japan,Yokohama,1.6
0,0.09809593402038136,Do Not Intervene,819.12,USA,Los Angeles,5.9
0,0.4099499280953323,Trigger Retention Campaign (15% Discount),957.34,Canada,Ottawa,1.8
0,0.19976737404533748,Do Not Intervene,1310.98,UK,Manchester,3.6
0,0.24886561926089346,Do Not Intervene,1043.74,USA,New York,1.9
1,0.8902122993806278,Trigger Retention Campaign (15% Discount),2974.8,USA,New York,0.9
0,0.12539480380100151,Do Not Intervene,512.66,Germany,Frankfurt,7.7
1,0.8301525394351457,Trigger Retention Campaign (15% Discount),280.01,UK,Manchester,5.6
0,0.1029181683173469,Do Not Intervene,2750.33,UK,Manchester,1.2
0,0.0828148720670155,Do Not Intervene,889.24,USA,Houston,2.7
0,0.10381335462976007,Do Not Intervene,902.3,Australia,Melbourne,0.9
0,0.12301776107122026,Do Not Intervene,1079.3,Canada,Calgary,5.4
0,0.15876713037083215,Do Not Intervene,1920.71,France,Marseille,3.2
0,0.145034234756558,Do Not Intervene,1752.08,USA,New York,1.8
0,0.2664887071240976,Do Not Intervene,567.2,USA,Phoenix,2.4
0,0.08082327108298998,Do Not Intervene,1184.97,USA,Los Angeles,0.7
0,0.1843746838786926,Do Not Intervene,2553.21,Canada,Toronto,5.3
1,0.9004537651358485,Trigger Retention Campaign (15% Discount),2303.16,USA,Chicago,1.3
0,0.23952892951545576,Do Not Intervene,956.26,Canada,Montreal,2.5
0,0.1584696133027498,Do Not Intervene,865.1,UK,Birmingham,5.2
0,0.10144451904928886,Do Not Intervene,930.51,France,Lyon,1.6
0,0.1287453417975749,Do Not Intervene,825.48,France,Paris,2.7
1,0.49042689929969896,Trigger Retention Campaign (15% Discount),395.91,Australia,Adelaide,0.5
1,0.6546134283649201,Trigger Retention Campaign (15% Discount),1243.58,Canada,Toronto,1.3
1,0.8695756773738406,Trigger Retention Campaign (15% Discount),2424.39,France,Paris,8.7
0,0.26795281177091246,Do Not Intervene,1435.1,France,Toulouse,3.4
1,0.8883766360303256,Trigger Retention Campaign (15% Discount),2100.7,USA,New York,2.9
1,0.8232766679009715,Trigger Retention Campaign (15% Discount),698.23,USA,Los Angeles,5.9
0,0.19242033206772116,Do Not Intervene,1729.19,India,Delhi,2.8
0,0.08335453368904945,Do Not Intervene,1661.0,Canada,Vancouver,3.2
0,0.16135599400561887,Do Not Intervene,854.71,USA,Houston,4.2
1,0.28549167046161567,Trigger Retention Campaign (15% Discount),1487.26,France,Toulouse,0.8
0,0.10515559770496653,Do Not Intervene,2894.12,Germany,Hamburg,5.7
1,0.6339168980428989,Trigger Retention Campaign (15% Discount),190.43,USA,Phoenix,3.0
0,0.10123430911228772,Do Not Intervene,1086.15,USA,Phoenix,1.1
0,0.12306196889148088,Do Not Intervene,1684.95,Germany,Munich,0.8
1,0.824334880322731,Trigger Retention Campaign (15% Discount),255.29,USA,Chicago,1.8
0,0.11151552472102805,Do Not Intervene,1206.31,Australia,Adelaide,2.2
0,0.10681159677851387,Do Not Intervene,927.55,Canada,Vancouver,0.9
0,0.19658015239651547,Do Not Intervene,677.67,India,Delhi,0.4
0,0.31495072888551795,Trigger Retention Campaign (15% Discount),739.21,Japan,Tokyo,3.4
1,0.8068424549275716,Trigger Retention Campaign (15% Discount),1946.54,Australia,Melbourne,0.4
0,0.2186287146943914,Do Not Intervene,792.65,USA,Chicago,2.2
0,0.18722077565235537,Do Not Intervene,2695.11,UK,London,3.6
0,0.13018823323242393,Do Not Intervene,1501.26,UK,Birmingham,3.2
1,0.11904798226119423,Do Not Intervene,1773.77,Germany,Hamburg,4.8
0,0.1834046168070432,Do Not Intervene,954.55,USA,Phoenix,4.6
0,0.20055225716456906,Do Not Intervene,2038.69,USA,Houston,4.4
0,0.19099679400480457,Do Not Intervene,751.79,Canada,Calgary,0.9
0,0.15781712740630474,Do Not Intervene,758.5,Japan,Nagoya,1.9
0,0.13040017575199478,Do Not Intervene,2671.67,USA,Chicago,0.4
0,0.11861617363855385,Do Not Intervene,523.42,Germany,Berlin,3.4
1,0.897189406739987,Trigger Retention Campaign (15% Discount),2523.96,USA,Houston,0.5
0,0.13624164668823163,Do Not Intervene,4877.06,Japan,Kyoto,2.5
0,0.1356699287722113,Do Not Intervene,824.21,France,Toulouse,3.1
1,0.9615044560165092,Trigger Retention Campaign (15% Discount),2844.8,USA,Houston,2.3
1,0.6963094581445466,Trigger Retention Campaign (15% Discount),618.15,USA,Phoenix,4.1
0,0.13306797429276818,Do Not Intervene,2270.81,Canada,Calgary,1.3
0,0.17087134069978066,Do Not Intervene,579.9,France,Marseille,1.9
0,0.18372353564835997,Do Not Intervene,2593.2,USA,Houston,3.9
0,0.21011790785320772,Do Not Intervene,1801.4,Canada,Calgary,0.8
1,0.9096788665229221,Trigger Retention Campaign (15% Discount),153.65,Australia,Perth,4.1
1,0.23250005861944906,Do Not Intervene,901.43,UK,Birmingham,10.0
0,0.1387081132232429,Do Not Intervene,1899.38,USA,Chicago,4.0
0,0.1076375096995375,Do Not Intervene,512.95,Germany,Munich,0.1
0,0.37259758425507605,Trigger Retention Campaign (15% Discount),823.81,UK,Glasgow,2.3
0,0.09732125072489348,Do Not Intervene,5397.17,Canada,Ottawa,4.1
0,0.25896822051799356,Do Not Intervene,1703.19,USA,New York,2.1
0,0.15859097440217096,Do Not Intervene,2317.72,Germany,Hamburg,0.8
0,0.13693891118683704,Do Not Intervene,2079.74,USA,New York,3.5
1,0.46404560802928635,Trigger Retention Campaign (15% Discount),929.36,UK,Glasgow,4.2
0,0.16198126632215776,Do Not Intervene,1302.24,UK,Birmingham,7.0
0,0.4483140973583771,Trigger Retention Campaign (15% Discount),439.84,Germany,Hamburg,0.5
0,0.12208398646151629,Do Not Intervene,908.92,USA,Los Angeles,1.1
0,0.18326101508649167,Do Not Intervene,2494.76,USA,New York,6.7
0,0.09457930558412919,Do Not Intervene,944.48,Canada,Vancouver,1.5
0,0.19891907903344191,Do Not Intervene,3532.11,USA,Los Angeles,5.6
0,0.23537064732042828,Do Not Intervene,874.43,UK,London,0.5
1,0.8587723151773807,Trigger Retention Campaign (15% Discount),658.37,Canada,Montreal,2.5
0,0.24856958792894523,Do Not Intervene,1744.73,USA,Chicago,2.9
1,0.7403971311624842,Trigger Retention Campaign (15% Discount),320.29,France,Nice,4.4
0,0.8590014393310592,Trigger Retention Campaign (15% Discount),235.97,USA,Houston,3.6
1,0.281944136730087,Trigger Retention Campaign (15% Discount),244.36,Australia,Melbourne,3.0
0,0.1267575100214183,Do Not Intervene,755.75,UK,Manchester,3.5
1,0.8640075094194938,Trigger Retention Campaign (15% Discount),2775.26,USA,Houston,1.2
0,0.17916404604878633,Do Not Intervene,2393.67,UK,London,0.8
1,0.6365472979044166,Trigger Retention Campaign (15% Discount),975.25,Germany,Berlin,4.2
1,0.2942756022827946,Trigger Retention Campaign (15% Discount),906.27,Canada,Vancouver,3.1
0,0.13101942829585167,Do Not Intervene,2123.48,India,Mumbai,2.5
0,0.13311124642716424,Do Not Intervene,1450.41,USA,Houston,1.8
0,0.11299636595566472,Do Not Intervene,5317.52,Germany,Frankfurt,3.0
0,0.1419427105350808,Do Not Intervene,1017.04,France,Toulouse,2.7
0,0.35272094057235487,Trigger Retention Campaign (15% Discount),2094.59,UK,London,4.0
0,0.20618537445412535,Do Not Intervene,924.39,India,Hyderabad,1.1
1,0.8156349188220997,Trigger Retention Campaign (15% Discount),2050.0,Germany,Cologne,0.2
1,0.8666631129821885,Trigger Retention Campaign (15% Discount),2495.69,USA,New York,6.2
0,0.11979818444164585,Do Not Intervene,1357.44,Australia,Brisbane,3.8
1,0.9117594762317544,Trigger Retention Campaign (15% Discount),2404.56,UK,Manchester,5.6
0,0.10069690108620433,Do Not Intervene,1456.89,France,Marseille,1.7
0,0.2296903913423223,Do Not Intervene,726.55,UK,London,1.0
0,0.21369711856241938,Do Not Intervene,850.02,Australia,Melbourne,0.6
1,0.8672439748229392,Trigger Retention Campaign (15% Discount),721.8,India,Mumbai,0.6
0,0.22775643525212516,Do Not Intervene,833.53,France,Lyon,1.7
0,0.31144652367026426,Trigger Retention Campaign (15% Discount),737.51,Australia,Adelaide,2.9
1,0.3083598754133753,Trigger Retention Campaign (15% Discount),1344.17,USA,Phoenix,5.0
0,0.3678748001124578,Trigger Retention Campaign (15% Discount),1071.53,USA,Houston,2.9
0,0.24187669348411986,Do Not Intervene,2228.41,USA,Houston,1.9
0,0.2723637096122923,Do Not Intervene,628.13,Germany,Berlin,0.1
1,0.8873982676429882,Trigger Retention Campaign (15% Discount),2056.69,USA,Chicago,1.4
0,0.09328872235961745,Do Not Intervene,1234.2,Australia,Melbourne,0.2
0,0.10050592651977525,Do Not Intervene,814.66,USA,Chicago,2.4
1,0.9008699503461224,Trigger Retention Campaign (15% Discount),2733.01,USA,Chicago,5.8
0,0.522908790672928,Trigger Retention Campaign (15% Discount),1616.06,USA,Phoenix,3.1
1,0.6817579426415132,Trigger Retention Campaign (15% Discount),1393.77,USA,Los Angeles,6.6
0,0.10270672817322017,Do Not Intervene,938.68,Canada,Vancouver,1.9
0,0.15122433945266267,Do Not Intervene,3390.63,India,Chennai,5.5
0,0.1064542549583647,Do Not Intervene,843.06,USA,Chicago,5.4
0,0.11958726383445306,Do Not Intervene,1333.78,USA,New York,0.8
1,0.5914498378508075,Trigger Retention Campaign (15% Discount),482.01,USA,Phoenix,4.9
0,0.11189344073732489,Do Not Intervene,829.82,USA,New York,1.0
0,0.33017029909303036,Trigger Retention Campaign (15% Discount),790.34,Germany,Cologne,1.8
1,0.4297023744909426,Trigger Retention Campaign (15% Discount),604.68,USA,Chicago,1.1
0,0.11616508107630807,Do Not Intervene,1674.22,USA,Houston,1.4
0,0.2731131130332945,Do Not Intervene,1317.36,Australia,Melbourne,4.1
1,0.8721801711299476,Trigger Retention Campaign (15% Discount),2720.52,Germany,Frankfurt,1.2
1,0.5831291875355281,Trigger Retention Campaign (15% Discount),374.64,USA,New York,1.3
0,0.0764773090264444,Do Not Intervene,1319.43,Australia,Perth,0.8
1,0.7054203482710215,Trigger Retention Campaign (15% Discount),636.62,USA,New York,5.2
1,0.48721950586881674,Trigger Retention Campaign (15% Discount),541.91,Germany,Cologne,4.4
0,0.24138912187568265,Do Not Intervene,1370.35,India,Delhi,1.2
1,0.10915611472727976,Do Not Intervene,1014.28,USA,New York,0.3
1,0.7466862448351069,Trigger Retention Campaign (15% Discount),568.34,Canada,Vancouver,5.6
0,0.1775148233217741,Do Not Intervene,1222.44,Canada,Toronto,1.3
1,0.8757346416252354,Trigger Retention Campaign (15% Discount),376.23,Germany,Hamburg,1.7
0,0.11229767098882261,Do Not Intervene,1307.55,Australia,Sydney,0.9
0,0.12677324297040715,Do Not Intervene,1724.83,UK,Leeds,2.5
0,0.10838993288639275,Do Not Intervene,2013.58,UK,Leeds,2.3
0,0.09321331082537902,Do Not Intervene,877.33,India,Chennai,1.9
0,0.16295412907460488,Do Not Intervene,4022.82,UK,Manchester,3.7
1,0.7133608992708003,Trigger Retention Campaign (15% Discount),823.25,USA,Chicago,3.4
0,0.12487741498511236,Do Not Intervene,1423.51,Germany,Cologne,0.9
1,0.6943341942513886,Trigger Retention Campaign (15% Discount),348.18,Germany,Cologne,1.4
1,0.8964438343041381,Trigger Retention Campaign (15% Discount),2266.87,Germany,Hamburg,0.7
0,0.06568850135090952,Do Not Intervene,1351.52,India,Mumbai,0.7
0,0.1711607066569989,Do Not Intervene,1308.16,France,Toulouse,6.5
1,0.9286400232772994,Trigger Retention Campaign (15% Discount),2280.72,France,Toulouse,6.0
1,0.7997357882157483,Trigger Retention Campaign (15% Discount),278.85,Germany,Hamburg,1.5
1,0.8715706142461107,Trigger Retention Campaign (15% Discount),217.01,Canada,Calgary,2.6
0,0.21201517635814024,Do Not Intervene,1656.14,UK,Glasgow,1.3
1,0.8925886015862983,Trigger Retention Campaign (15% Discount),1909.9,Australia,Melbourne,3.6
0,0.11840080947563633,Do Not Intervene,1858.58,France,Nice,2.4
1,0.7929619594100649,Trigger Retention Campaign (15% Discount),200.27,USA,Houston,1.5
0,0.11853401286010286,Do Not Intervene,1104.72,USA,Los Angeles,4.6
0,0.13133602293739433,Do Not Intervene,1943.41,USA,New York,8.7
0,0.12898223051763172,Do Not Intervene,1046.33,Japan,Nagoya,3.4
0,0.11870395548452103,Do Not Intervene,1159.27,India,Delhi,0.9
1,0.6507560349650031,Trigger Retention Campaign (15% Discount),728.11,UK,Manchester,5.8
0,0.46520009821028546,Trigger Retention Campaign (15% Discount),1171.3,UK,Manchester,1.2
0,0.21447692154887765,Do Not Intervene,1475.91,USA,Houston,1.4
1,0.8338581734749552,Trigger Retention Campaign (15% Discount),1991.22,USA,New York,1.7
0,0.13394361434161142,Do Not Intervene,386.64,Canada,Calgary,0.4
0,0.10209415901726135,Do Not Intervene,1083.15,Canada,Vancouver,1.4
0,0.11376573653451215,Do Not Intervene,1609.75,France,Lyon,5.6
0,0.36580928964011633,Trigger Retention Campaign (15% Discount),848.86,USA,Houston,0.8
1,0.9351062652445357,Trigger Retention Campaign (15% Discount),3602.55,UK,Leeds,1.9
0,0.2063414433309833,Do Not Intervene,1222.15,USA,New York,5.3
0,0.12900429432357258,Do Not Intervene,927.17,France,Marseille,1.3
0,0.12575121827377975,Do Not Intervene,1850.72,USA,Phoenix,3.1
0,0.17124473138549806,Do Not Intervene,1898.78,USA,Phoenix,4.8
0,0.5974635824403599,Trigger Retention Campaign (15% Discount),757.86,Canada,Toronto,2.9
1,0.7197815989094475,Trigger Retention Campaign (15% Discount),1445.5,USA,Los Angeles,0.7
0,0.10325522141409779,Do Not Intervene,672.25,USA,Phoenix,0.5
0,0.1058385201874566,Do Not Intervene,1984.47,UK,Manchester,2.4
0,0.18718049300809253,Do Not Intervene,2274.24,USA,New York,3.1
0,0.6682104322983905,Trigger Retention Campaign (15% Discount),872.35,France,Nice,1.4
0,0.10858333135443855,Do Not Intervene,1354.13,Germany,Frankfurt,6.1
0,0.15346735543644374,Do Not Intervene,2210.1,UK,Glasgow,1.8
1,0.8598318253650103,Trigger Retention Campaign (15% Discount),2331.62,USA,Houston,1.5
0,0.20561999027946906,Do Not Intervene,1062.01,USA,New York,2.3
0,0.14196469693325686,Do Not Intervene,920.24,France,Lyon,2.4
0,0.21130937628008514,Do Not Intervene,873.57,UK,Leeds,4.1
0,0.09989840115735178,Do Not Intervene,803.15,UK,Leeds,5.1
0,0.11347518106298998,Do Not Intervene,1988.95,USA,New York,1.2
0,0.13279610186891883,Do Not Intervene,1718.74,USA,New York,2.1
0,0.12599166618130275,Do Not Intervene,1384.9,Canada,Toronto,4.0
1,0.41010048825393075,Trigger Retention Campaign (15% Discount),971.85,France,Nice,5.4
0,0.2134550585031197,Do Not Intervene,2299.08,UK,Manchester,1.4
0,0.11242395683328726,Do Not Intervene,1422.98,USA,Phoenix,3.8
1,0.8551498544642251,Trigger Retention Campaign (15% Discount),2837.07,USA,Chicago,2.5
0,0.121891206796029,Do Not Intervene,711.08,USA,Phoenix,2.7
1,0.7522625482394752,Trigger Retention Campaign (15% Discount),4633.63,France,Lyon,6.4
0,0.11919533944736353,Do Not Intervene,1235.95,UK,Glasgow,6.1
0,0.12065621841246633,Do Not Intervene,562.66,India,Mumbai,2.1
1,0.1657754650083856,Do Not Intervene,903.92,Japan,Kyoto,2.4
0,0.08360517779047552,Do Not Intervene,975.93,France,Toulouse,1.4
1,0.8281098328032269,Trigger Retention Campaign (15% Discount),2532.76,USA,Houston,2.4
0,0.08787602807577816,Do Not Intervene,1004.78,USA,Houston,1.5
0,0.5019391405801732,Trigger Retention Campaign (15% Discount),1676.85,Germany,Berlin,3.6
0,0.3010906867400818,Trigger Retention Campaign (15% Discount),192.9,USA,New York,6.2
0,0.14958808407305876,Do Not Intervene,1324.67,USA,Chicago,2.1
0,0.13291457964879672,Do Not Intervene,985.49,USA,Chicago,4.4
0,0.11148248166739178,Do Not Intervene,1401.52,USA,New York,1.4
0,0.08203727626783901,Do Not Intervene,846.56,USA,Phoenix,6.7
0,0.1080320201279744,Do Not Intervene,1265.44,USA,Chicago,1.0
1,0.8901395201132142,Trigger Retention Campaign (15% Discount),2090.47,India,Chennai,6.9
0,0.0994690542302293,Do Not Intervene,870.24,France,Paris,3.6
0,0.13670696630404908,Do Not Intervene,2989.06,Germany,Hamburg,2.3
0,0.18597994728292253,Do Not Intervene,1329.25,UK,Birmingham,4.8
0,0.0987792058517516,Do Not Intervene,687.92,USA,Houston,0.6
0,0.13362154049852942,Do Not Intervene,924.77,Australia,Adelaide,0.2363529425889578
0,0.09237359230385339,Do Not Intervene,702.36,USA,Chicago,4.1
0,0.18740731518714526,Do Not Intervene,881.17,USA,Phoenix,1.9
1,0.5985367298522618,Trigger Retention Campaign (15% Discount),355.66,Australia,Sydney,2.3
0,0.14889306747261266,Do Not Intervene,955.57,USA,Chicago,0.5
1,0.9212761314846841,Trigger Retention Campaign (15% Discount),1955.21,USA,Phoenix,7.2
0,0.20830023312601245,Do Not Intervene,262.4,Canada,Vancouver,0.8
0,0.22040815571649638,Do Not Intervene,1575.14,USA,Houston,5.8
1,0.8038431901042915,Trigger Retention Campaign (15% Discount),2362.66,USA,Los Angeles,3.6
0,0.2828921913922921,Trigger Retention Campaign (15% Discount),1867.35,Canada,Montreal,0.4
1,0.7628658948679262,Trigger Retention Campaign (15% Discount),884.55,USA,Los Angeles,1.4
0,0.1313511841662937,Do Not Intervene,1453.61,UK,Leeds,2.9
0,0.5512468315945123,Trigger Retention Campaign (15% Discount),607.37,USA,Chicago,2.0
0,0.2866638508326185,Trigger Retention Campaign (15% Discount),3235.13,USA,New York,0.3
1,0.9306001763061473,Trigger Retention Campaign (15% Discount),2268.33,USA,Chicago,1.2
0,0.21323284270482099,Do Not Intervene,1014.21,Germany,Munich,1.3
1,0.5922365442025543,Trigger Retention Campaign (15% Discount),957.81,UK,Leeds,0.8
0,0.21531877528695934,Do Not Intervene,985.61,USA,Houston,1.0
1,0.9172055432805903,Trigger Retention Campaign (15% Discount),2244.82,USA,Phoenix,3.2
0,0.11322826517851965,Do Not Intervene,541.2,UK,Leeds,1.9
0,0.20577080390344588,Do Not Intervene,1238.09,USA,Los Angeles,1.3
0,0.16304098220409177,Do Not Intervene,2255.66,USA,New York,5.2
0,0.22909532424188034,Do Not Intervene,815.03,USA,Phoenix,1.9
1,0.8572916588727848,Trigger Retention Campaign (15% Discount),436.13,UK,Birmingham,2.8
0,0.13492223999165678,Do Not Intervene,1470.16,USA,New York,2.6
0,0.17104789004957735,Do Not Intervene,3538.02,Canada,Toronto,8.8
0,0.11899172515228744,Do Not Intervene,978.94,USA,New York,4.5
1,0.5467348509109711,Trigger Retention Campaign (15% Discount),580.07,USA,Los Angeles,1.4
0,0.19564807430006975,Do Not Intervene,1526.04,UK,Manchester,4.3
0,0.15099990191142557,Do Not Intervene,1700.91,Canada,Ottawa,2.6
0,0.19346950986447542,Do Not Intervene,758.15,USA,Houston,0.4
0,0.1985933374956094,Do Not Intervene,717.54,USA,Chicago,2.1
0,0.20216939107650753,Do Not Intervene,1107.08,Germany,Berlin,1.5
1,0.9207624597078052,Trigger Retention Campaign (15% Discount),1944.71,UK,Birmingham,0.7
0,0.07956700249866554,Do Not Intervene,1770.14,France,Marseille,3.9
0,0.11523487697650124,Do Not Intervene,889.34,France,Paris,3.9
0,0.15326637923428485,Do Not Intervene,4105.08,Germany,Cologne,2.6
1,0.09131967389070558,Do Not Intervene,1242.72,France,Marseille,0.7
1,0.6149922144484337,Trigger Retention Campaign (15% Discount),1026.46,Germany,Hamburg,1.6
1,0.9131955557468872,Trigger Retention Campaign (15% Discount),2098.63,Canada,Ottawa,2.4
0,0.19423252432938717,Do Not Intervene,1487.03,France,Paris,2.4
1,0.548357031600538,Trigger Retention Campaign (15% Discount),424.52,UK,Leeds,1.3
1,0.8909919885831288,Trigger Retention Campaign (15% Discount),600.67,USA,Phoenix,1.1
0,0.5277098982053409,Trigger Retention Campaign (15% Discount),208.43,Australia,Adelaide,1.5
1,0.689264087518518,Trigger Retention Campaign (15% Discount),694.95,USA,New York,7.2
0,0.2160277127917168,Do Not Intervene,1788.59,USA,New York,6.5
0,0.33795463009310184,Trigger Retention Campaign (15% Discount),763.1,USA,Los Angeles,5.0
0,0.07581800912390656,Do Not Intervene,1460.41,Japan,Yokohama,0.3
0,0.14869490019745124,Do Not Intervene,3653.83,Australia,Perth,1.7
1,0.7237931018614403,Trigger Retention Campaign (15% Discount),695.41,UK,Manchester,3.3
1,0.84547337797865,Trigger Retention Campaign (15% Discount),1909.25,USA,Houston,3.2
1,0.8991818825400223,Trigger Retention Campaign (15% Discount),2361.23,Canada,Calgary,3.3
0,0.1311229281735365,Do Not Intervene,2066.16,USA,New York,0.6
1,0.21799729976238663,Do Not Intervene,1306.99,UK,Birmingham,0.6
0,0.12320950894903161,Do Not Intervene,836.0,Australia,Sydney,5.5
0,0.11906974948805121,Do Not Intervene,847.27,France,Nice,2.0
0,0.14013657160901685,Do Not Intervene,1274.46,France,Paris,5.7
0,0.19784390012223552,Do Not Intervene,1701.87,UK,Manchester,1.3
0,0.1269018959484253,Do Not Intervene,979.27,USA,Chicago,2.3
1,0.8730381895239238,Trigger Retention Campaign (15% Discount),370.54,Germany,Cologne,0.7
0,0.16395947852617523,Do Not Intervene,1557.05,USA,Los Angeles,7.9
0,0.17042944423155926,Do Not Intervene,3006.17,Australia,Sydney,4.1
0,0.49385756292534055,Trigger Retention Campaign (15% Discount),289.6,USA,Chicago,1.9
1,0.8774661251385926,Trigger Retention Campaign (15% Discount),2821.33,Germany,Cologne,1.8
0,0.1491849976766589,Do Not Intervene,2371.05,France,Marseille,2.7
0,0.13295257610074904,Do Not Intervene,1088.71,USA,Los Angeles,7.6
0,0.3031739229942341,Trigger Retention Campaign (15% Discount),549.74,India,Delhi,0.6
1,0.8304674800548036,Trigger Retention Campaign (15% Discount),749.93,India,Mumbai,2.1
0,0.3130304473544968,Trigger Retention Campaign (15% Discount),546.69,UK,Birmingham,1.3
1,0.6477739223327836,Trigger Retention Campaign (15% Discount),688.61,USA,Los Angeles,2.9
1,0.930220344912605,Trigger Retention Campaign (15% Discount),2920.18,India,Hyderabad,3.9
0,0.11490546816930777,Do Not Intervene,2561.66,USA,Houston,1.9
0,0.31076276336896597,Trigger Retention Campaign (15% Discount),1457.12,USA,Phoenix,1.6
0,0.11050556605890144,Do Not Intervene,1383.82,USA,Houston,3.2
1,0.8472771739676384,Trigger Retention Campaign (15% Discount),2159.65,Canada,Ottawa,1.5
0,0.3315528382460697,Trigger Retention Campaign (15% Discount),1391.7,USA,Houston,1.9
0,0.16178498919623796,Do Not Intervene,1400.12,India,Chennai,0.9
1,0.8970695095774147,Trigger Retention Campaign (15% Discount),524.4,USA,Chicago,4.1
0,0.33551441105969537,Trigger Retention Campaign (15% Discount),631.2,USA,Houston,2.2
0,0.14183022984602467,Do Not Intervene,1767.24,UK,Birmingham,3.6
0,0.37409773357159004,Trigger Retention Campaign (15% Discount),716.7,France,Nice,5.2
0,0.1789783128922874,Do Not Intervene,927.68,UK,Birmingham,1.5
0,0.23843695304644227,Do Not Intervene,1202.7,USA,Houston,2.5
1,0.09511184170953553,Do Not Intervene,1073.63,USA,Houston,3.0
1,0.13300294425791098,Do Not Intervene,2596.85,Canada,Toronto,1.3
1,0.6514946587266003,Trigger Retention Campaign (15% Discount),766.03,USA,New York,7.1
0,0.14953675699145605,Do Not Intervene,2519.74,USA,Los Angeles,3.1
0,0.1607786950908039,Do Not Intervene,1136.91,USA,Phoenix,1.1
1,0.8922374887464943,Trigger Retention Campaign (15% Discount),2498.0,Canada,Vancouver,6.1
1,0.9091441680886488,Trigger Retention Campaign (15% Discount),2265.1,India,Hyderabad,2.0
0,0.184433733628133,Do Not Intervene,449.61,USA,Phoenix,1.0
0,0.11434201621019546,Do Not Intervene,1481.72,USA,Los Angeles,1.0
0,0.21957174837347038,Do Not Intervene,1165.06,USA,Los Angeles,1.7
1,0.40450269471663725,Trigger Retention Campaign (15% Discount),710.08,USA,Phoenix,3.2
0,0.11472249903633816,Do Not Intervene,1209.57,Japan,Yokohama,1.6
1,0.3273342848277832,Trigger Retention Campaign (15% Discount),1089.81,Australia,Adelaide,7.7
0,0.1691453140376711,Do Not Intervene,1208.31,France,Lyon,0.7
0,0.15682297222326355,Do Not Intervene,2329.77,India,Mumbai,2.8
0,0.17986277089855146,Do Not Intervene,3681.24,Japan,Yokohama,2.8
0,0.1184639671108659,Do Not Intervene,1591.25,Australia,Brisbane,2.5
0,0.16671434829281234,Do Not Intervene,388.39,Australia,Sydney,0.9
0,0.10380006782485098,Do Not Intervene,1522.83,UK,Birmingham,1.3
0,0.2142533595639132,Do Not Intervene,625.55,USA,Chicago,1.5
1,0.37189870858017166,Trigger Retention Campaign (15% Discount),2573.74,Canada,Vancouver,4.7
0,0.3172395015938619,Trigger Retention Campaign (15% Discount),1031.67,USA,Los Angeles,8.8
0,0.09867540647472385,Do Not Intervene,828.35,Canada,Calgary,3.3
0,0.1529627294986472,Do Not Intervene,2362.89,Canada,Vancouver,2.3
0,0.36819238473515087,Trigger Retention Campaign (15% Discount),578.02,Germany,Cologne,2.2
0,0.14554888394855853,Do Not Intervene,1841.96,UK,Leeds,2.5
0,0.23169620137042624,Do Not Intervene,856.8,Canada,Calgary,1.4
0,0.09231911108905709,Do Not Intervene,878.87,France,Lyon,0.7
1,0.6469523636948267,Trigger Retention Campaign (15% Discount),1469.25,UK,Birmingham,4.0
0,0.10982262784645429,Do Not Intervene,2079.68,Canada,Vancouver,6.9
0,0.13639540809560338,Do Not Intervene,1368.7,USA,Houston,1.3
1,0.8386831734077065,Trigger Retention Campaign (15% Discount),2854.91,Canada,Vancouver,2.0
0,0.1305226572878685,Do Not Intervene,1584.58,USA,Houston,7.2
0,0.2225865258342337,Do Not Intervene,564.4,USA,New York,5.5
0,0.7101138116131556,Trigger Retention Campaign (15% Discount),623.31,UK,Leeds,1.9
0,0.11845380410658848,Do Not Intervene,1417.18,Canada,Calgary,0.9
0,0.14508811401993824,Do Not Intervene,1022.85,Germany,Hamburg,2.2
0,0.11166036178942157,Do Not Intervene,1353.75,Australia,Melbourne,0.8
1,0.673438728264487,Trigger Retention Campaign (15% Discount),231.07,USA,Los Angeles,0.8
0,0.12300047821151315,Do Not Intervene,1106.43,UK,Birmingham,1.9
0,0.15393559146413388,Do Not Intervene,2936.47,USA,Los Angeles,2.6
1,0.1731351958732928,Do Not Intervene,622.27,USA,Chicago,5.1
0,0.12741792924416256,Do Not Intervene,1220.27,USA,Phoenix,4.5
0,0.12416038075529118,Do Not Intervene,1633.16,Germany,Hamburg,4.9
0,0.1834651293996836,Do Not Intervene,1262.02,USA,Los Angeles,5.9
0,0.0967042660636691,Do Not Intervene,2243.78,India,Mumbai,2.5
1,0.921370313621681,Trigger Retention Campaign (15% Discount),2367.82,UK,Leeds,1.5
0,0.19977076525807405,Do Not Intervene,1745.89,France,Marseille,5.4
0,0.19197967201375868,Do Not Intervene,3376.46,USA,Chicago,0.4
0,0.1904024948469123,Do Not Intervene,637.35,Canada,Montreal,4.5
1,0.8567176818511157,Trigger Retention Campaign (15% Discount),1995.74,Australia,Perth,1.8
0,0.10213530313586422,Do Not Intervene,1270.16,Canada,Toronto,3.5
0,0.6138147810266787,Trigger Retention Campaign (15% Discount),381.14,Japan,Nagoya,4.8
0,0.09691339971966947,Do Not Intervene,1206.89,Germany,Berlin,4.5
0,0.17757851348812237,Do Not Intervene,712.35,Australia,Adelaide,1.8
1,0.814923368780845,Trigger Retention Campaign (15% Discount),599.84,UK,London,3.0
1,0.9304172258132087,Trigger Retention Campaign (15% Discount),410.18,Australia,Brisbane,2.4
1,0.1485417099178485,Do Not Intervene,660.08,UK,Glasgow,4.9
0,0.1373038086072682,Do Not Intervene,3858.02,UK,Leeds,4.5
0,0.11399298180312378,Do Not Intervene,1122.73,Australia,Sydney,3.6
0,0.16169314598252263,Do Not Intervene,2066.27,Germany,Munich,5.7
0,0.3449973903786174,Trigger Retention Campaign (15% Discount),1340.22,Australia,Perth,0.7
0,0.13646047625413685,Do Not Intervene,538.69,Germany,Berlin,5.3
0,0.15274527886246317,Do Not Intervene,2100.17,India,Chennai,0.5
0,0.39277330912171693,Trigger Retention Campaign (15% Discount),1330.83,Canada,Calgary,3.3
0,0.10800815363152977,Do Not Intervene,1274.77,USA,Phoenix,4.1
1,0.7843315975528821,Trigger Retention Campaign (15% Discount),1979.85,USA,New York,0.9
1,0.375567389495251,Trigger Retention Campaign (15% Discount),1389.99,Japan,Osaka,1.5
0,0.1861536863799147,Do Not Intervene,4074.21,UK,London,1.5
0,0.14843637520801886,Do Not Intervene,1991.16,India,Mumbai,1.6
1,0.10778971616312162,Do Not Intervene,1485.82,USA,Phoenix,2.3
0,0.14964102690917977,Do Not Intervene,1359.78,UK,Leeds,4.6
1,0.8269305866344309,Trigger Retention Campaign (15% Discount),1213.85,Japan,Nagoya,3.9
0,0.09515617056799408,Do Not Intervene,897.72,USA,Houston,5.3
0,0.14784034273192512,Do Not Intervene,678.3,USA,Phoenix,4.7
1,0.7682831388423648,Trigger Retention Campaign (15% Discount),822.85,Canada,Vancouver,5.5
0,0.11328455977378445,Do Not Intervene,2452.48,France,Toulouse,7.1
1,0.41369868885555056,Trigger Retention Campaign (15% Discount),877.34,India,Delhi,0.7
0,0.11270949259107522,Do Not Intervene,1048.69,USA,New York,6.8
0,0.16527307988541604,Do Not Intervene,1270.58,USA,New York,1.4
0,0.11820499679364788,Do Not Intervene,1554.84,India,Mumbai,3.0
0,0.4491480069719564,Trigger Retention Campaign (15% Discount),1046.93,Canada,Toronto,9.1
0,0.1746301135063883,Do Not Intervene,3389.57,Germany,Berlin,1.8
1,0.7571394850569471,Trigger Retention Campaign (15% Discount),333.49,Germany,Berlin,2.4
0,0.14454779825861136,Do Not Intervene,1485.92,USA,New York,6.1
0,0.1380647248839038,Do Not Intervene,728.04,Australia,Perth,4.2
1,0.5648480496713325,Trigger Retention Campaign (15% Discount),581.57,USA,Los Angeles,1.9
1,0.3606824433989459,Trigger Retention Campaign (15% Discount),1948.12,USA,Los Angeles,0.4
0,0.17672629820741928,Do Not Intervene,898.33,USA,Los Angeles,3.9
1,0.8612210410038236,Trigger Retention Campaign (15% Discount),100.09,Germany,Hamburg,3.3
0,0.17253855973160356,Do Not Intervene,2347.93,USA,New York,3.9
0,0.13760926711166352,Do Not Intervene,3411.29,Australia,Melbourne,0.9
0,0.14957860361367684,Do Not Intervene,1843.4,Canada,Toronto,2.3
0,0.34205203042913046,Trigger Retention Campaign (15% Discount),611.33,USA,Los Angeles,2.4
1,0.9031884921031653,Trigger Retention Campaign (15% Discount),3239.36,USA,Los Angeles,5.5
1,0.8414683347814014,Trigger Retention Campaign (15% Discount),2498.9,Australia,Perth,4.5
0,0.1618706610886357,Do Not Intervene,604.31,UK,Glasgow,2.4
1,0.614565720353962,Trigger Retention Campaign (15% Discount),1358.87,Canada,Ottawa,4.0
0,0.11185761538286804,Do Not Intervene,2746.54,France,Nice,4.5
1,0.9471498921954132,Trigger Retention Campaign (15% Discount),2673.77,Australia,Sydney,3.4
0,0.5076590947508538,Trigger Retention Campaign (15% Discount),2476.99,Australia,Brisbane,3.5
0,0.14725138963162496,Do Not Intervene,1264.76,USA,Chicago,5.7
0,0.13561050838367902,Do Not Intervene,1292.25,UK,Leeds,2.2
0,0.5801604618735084,Trigger Retention Campaign (15% Discount),1200.82,India,Mumbai,2.5
0,0.1019080020907537,Do Not Intervene,1198.31,UK,Birmingham,5.0
0,0.24764420696863748,Do Not Intervene,237.14,Germany,Cologne,1.8
1,0.6725012252810795,Trigger Retention Campaign (15% Discount),2509.92,USA,Houston,2.0
0,0.09785222676453359,Do Not Intervene,1272.33,UK,Birmingham,1.8
0,0.12929419043629556,Do Not Intervene,2552.74,Canada,Montreal,1.1
0,0.12938534275471997,Do Not Intervene,423.46,USA,New York,1.7
0,0.15394561418228808,Do Not Intervene,2061.31,UK,Glasgow,9.0
0,0.6882548726785077,Trigger Retention Campaign (15% Discount),637.74,India,Mumbai,1.2
0,0.11115158605755936,Do Not Intervene,1257.46,UK,London,6.5
0,0.11377834055573817,Do Not Intervene,757.15,Australia,Perth,0.5
0,0.2671947175522764,Do Not Intervene,1847.78,USA,Los Angeles,0.9
0,0.1459321092225079,Do Not Intervene,857.35,Canada,Ottawa,5.2
1,0.11587671020560993,Do Not Intervene,943.92,Canada,Calgary,2.7
1,0.37961874018894876,Trigger Retention Campaign (15% Discount),817.86,USA,New York,1.6
1,0.8169704020697343,Trigger Retention Campaign (15% Discount),1342.14,France,Paris,2.1
1,0.731921505187837,Trigger Retention Campaign (15% Discount),319.36,France,Marseille,3.9
0,0.2029328606098865,Do Not Intervene,1440.64,India,Chennai,1.7
1,0.2838581678366735,Trigger Retention Campaign (15% Discount),1862.59,UK,Leeds,3.7
0,0.13484886983966432,Do Not Intervene,3182.03,USA,Chicago,3.8
0,0.1349546933340008,Do Not Intervene,1698.51,USA,Phoenix,2.7
0,0.19337561583022314,Do Not Intervene,1021.66,France,Nice,0.9
0,0.1272349378670601,Do Not Intervene,826.84,USA,Phoenix,0.4
0,0.14349207272302603,Do Not Intervene,802.77,USA,Los Angeles,0.9
1,0.6230207698591966,Trigger Retention Campaign (15% Discount),1707.63,UK,Glasgow,1.5
0,0.1382266648897515,Do Not Intervene,609.21,Japan,Nagoya,0.3
0,0.34623409957362095,Trigger Retention Campaign (15% Discount),410.95,Germany,Munich,1.8
0,0.19709225201925423,Do Not Intervene,431.74,UK,Leeds,0.6
0,0.292917575425094,Trigger Retention Campaign (15% Discount),618.18,USA,New York,3.8
0,0.19320876877194457,Do Not Intervene,1335.81,France,Nice,8.9
0,0.17018783585853167,Do Not Intervene,1457.4,USA,Houston,1.6
0,0.16000785564561537,Do Not Intervene,1223.63,France,Toulouse,1.5
1,0.22996284641255083,Do Not Intervene,1685.14,Canada,Calgary,0.1
0,0.07319849220517777,Do Not Intervene,779.78,Australia,Brisbane,3.2
0,0.1885461784020651,Do Not Intervene,705.11,USA,Houston,7.4
1,0.902269003381144,Trigger Retention Campaign (15% Discount),2153.38,Germany,Frankfurt,2.0
0,0.49873919308236,Trigger Retention Campaign (15% Discount),487.11,Germany,Frankfurt,0.8
0,0.10573480892401989,Do Not Intervene,852.26,Germany,Cologne,2.1
0,0.11115963836442026,Do Not Intervene,1700.56,UK,Manchester,0.8
0,0.21359939764856425,Do Not Intervene,961.15,USA,New York,4.1
0,0.09477228040368577,Do Not Intervene,1346.0,UK,Glasgow,2.5
0,0.13680904110853354,Do Not Intervene,3993.07,USA,Chicago,6.1
0,0.31266579204381534,Trigger Retention Campaign (15% Discount),1277.74,Germany,Munich,0.9
1,0.7221930495466584,Trigger Retention Campaign (15% Discount),1491.37,USA,New York,4.4
0,0.22779038853933412,Do Not Intervene,1424.34,India,Chennai,2.1
0,0.22627520095220127,Do Not Intervene,1868.54,UK,Glasgow,2.2
0,0.5388657843327503,Trigger Retention Campaign (15% Discount),836.4,USA,Los Angeles,5.7
0,0.14316592997243785,Do Not Intervene,1257.22,India,Mumbai,2.7
1,0.6851934174878653,Trigger Retention Campaign (15% Discount),652.41,Germany,Hamburg,1.2
0,0.11087730595279437,Do Not Intervene,445.38,Japan,Nagoya,3.4
1,0.895784248058866,Trigger Retention Campaign (15% Discount),278.2,Canada,Montreal,5.3
1,0.508459865771467,Trigger Retention Campaign (15% Discount),1115.12,USA,Chicago,1.5
1,0.9381413312260908,Trigger Retention Campaign (15% Discount),2475.83,Canada,Montreal,1.9
0,0.12239212711813584,Do Not Intervene,3754.96,UK,Manchester,6.6
1,0.7645846952899223,Trigger Retention Campaign (15% Discount),503.04,USA,Los Angeles,1.0
0,0.20790005159334082,Do Not Intervene,1194.37,UK,Manchester,2.3
0,0.38386968603308025,Trigger Retention Campaign (15% Discount),448.15,USA,Los Angeles,8.1
1,0.7979099504467483,Trigger Retention Campaign (15% Discount),378.12,USA,Houston,4.3
0,0.12073721718116842,Do Not Intervene,1277.14,UK,Birmingham,2.8
1,0.948746580662237,Trigger Retention Campaign (15% Discount),4681.28,Canada,Montreal,2.5
0,0.16846364711167147,Do Not Intervene,3251.4,France,Marseille,1.7
0,0.13791975590592073,Do Not Intervene,1079.3,UK,Birmingham,1.0
0,0.3964825967626816,Trigger Retention Campaign (15% Discount),1922.78,Canada,Ottawa,0.9
0,0.13406080527857964,Do Not Intervene,554.81,France,Lyon,1.7
1,0.6915755057298308,Trigger Retention Campaign (15% Discount),3287.37,USA,Phoenix,3.7
0,0.13490601399857427,Do Not Intervene,2735.5,Canada,Calgary,1.5
0,0.1661769676066986,Do Not Intervene,4896.46,USA,Chicago,0.5
0,0.28372089846529447,Trigger Retention Campaign (15% Discount),2012.96,Australia,Adelaide,0.9
0,0.21648415577692584,Do Not Intervene,1812.94,USA,Houston,3.8
0,0.7381384225229906,Trigger Retention Campaign (15% Discount),830.92,Germany,Berlin,4.1
0,0.10175342452477076,Do Not Intervene,1937.8,Canada,Calgary,0.8
0,0.22319841366635018,Do Not Intervene,562.88,Canada,Vancouver,1.5
1,0.7195254450348112,Trigger Retention Campaign (15% Discount),518.89,Australia,Melbourne,5.1
1,0.8259190709835306,Trigger Retention Campaign (15% Discount),1955.59,Germany,Frankfurt,3.4
0,0.2130367952553311,Do Not Intervene,1014.8,Japan,Osaka,4.1
1,0.5268462222229531,Trigger Retention Campaign (15% Discount),338.59,Germany,Munich,0.4
0,0.08787785433230917,Do Not Intervene,486.56,Canada,Ottawa,5.3
0,0.14010802337935535,Do Not Intervene,1050.69,Canada,Ottawa,6.8
1,0.5367792743978627,Trigger Retention Campaign (15% Discount),1756.19,UK,London,1.6
1,0.9109463181649596,Trigger Retention Campaign (15% Discount),3098.63,France,Paris,0.4
0,0.10316500685596892,Do Not Intervene,1182.57,Canada,Calgary,5.9
0,0.23865215081992716,Do Not Intervene,1712.78,USA,Chicago,4.0
1,0.8032294205835153,Trigger Retention Campaign (15% Discount),2758.31,USA,New York,0.8
0,0.15755673919400037,Do Not Intervene,3094.23,USA,New York,2.5
0,0.10669555943851318,Do Not Intervene,1870.79,UK,Manchester,1.3
0,0.18922948885728919,Do Not Intervene,2026.48,Germany,Berlin,0.9
0,0.30594979896509505,Trigger Retention Campaign (15% Discount),1728.44,Germany,Berlin,1.9
1,0.627934785127668,Trigger Retention Campaign (15% Discount),1077.28,USA,Chicago,2.0
1,0.970916550555488,Trigger Retention Campaign (15% Discount),2207.29,UK,Leeds,5.0
0,0.11560210884278221,Do Not Intervene,2864.86,USA,Chicago,2.6
1,0.7241312130026523,Trigger Retention Campaign (15% Discount),808.85,USA,New York,1.3
0,0.13093173934221689,Do Not Intervene,2891.69,Canada,Ottawa,0.4
0,0.13574725612451008,Do Not Intervene,963.34,UK,Birmingham,1.8
0,0.11931082403591393,Do Not Intervene,1893.01,UK,Manchester,0.5
1,0.7342201615397685,Trigger Retention Campaign (15% Discount),1050.27,UK,Glasgow,0.8
0,0.1789911215193249,Do Not Intervene,1033.29,Canada,Toronto,3.0
0,0.0799023148203336,Do Not Intervene,863.03,USA,Houston,5.4
0,0.12928133500911795,Do Not Intervene,1928.5,Germany,Berlin,4.4
1,0.8833213723805139,Trigger Retention Campaign (15% Discount),309.79,UK,Manchester,1.6
1,0.9374139646729372,Trigger Retention Campaign (15% Discount),346.16,USA,Houston,8.3
0,0.40201502660477323,Trigger Retention Campaign (15% Discount),994.24,USA,Phoenix,1.9
0,0.14176863734854656,Do Not Intervene,737.04,Australia,Sydney,3.0
0,0.3682507443149663,Trigger Retention Campaign (15% Discount),1811.63,Germany,Cologne,4.2
0,0.1256394329703176,Do Not Intervene,2009.92,USA,Phoenix,3.9
1,0.9563515303825875,Trigger Retention Campaign (15% Discount),689.66,Japan,Tokyo,0.5
0,0.41420069743546306,Trigger Retention Campaign (15% Discount),356.68,India,Chennai,0.5
0,0.1231366626725095,Do Not Intervene,1545.81,USA,Los Angeles,1.9
0,0.12380039461747223,Do Not Intervene,1248.22,USA,Phoenix,3.7
1,0.8986821474620134,Trigger Retention Campaign (15% Discount),2967.97,Germany,Berlin,3.6
0,0.177998187831888,Do Not Intervene,3712.92,USA,Chicago,3.8
1,0.5558215159004891,Trigger Retention Campaign (15% Discount),907.99,India,Mumbai,1.6
1,0.8169576709092135,Trigger Retention Campaign (15% Discount),2099.35,India,Delhi,2.3
1,0.6201270754425675,Trigger Retention Campaign (15% Discount),1348.17,India,Chennai,0.2
0,0.16509909192577063,Do Not Intervene,1743.21,UK,Birmingham,1.9
0,0.10266343629537651,Do Not Intervene,3718.69,India,Delhi,0.1
1,0.9215068449384163,Trigger Retention Campaign (15% Discount),2352.61,France,Toulouse,6.0
0,0.16814270196585146,Do Not Intervene,1304.35,Australia,Brisbane,6.0
0,0.38652660067905975,Trigger Retention Campaign (15% Discount),380.1,Japan,Yokohama,1.4
0,0.16920119053788113,Do Not Intervene,849.4,Canada,Ottawa,3.4
0,0.11507809063645974,Do Not Intervene,733.01,France,Paris,5.9
0,0.12311888028982143,Do Not Intervene,1282.39,USA,New York,4.9
1,0.839598522390537,Trigger Retention Campaign (15% Discount),419.72,Germany,Berlin,2.1
1,0.8973197725803496,Trigger Retention Campaign (15% Discount),2439.62,France,Nice,6.5
0,0.2847443842266209,Trigger Retention Campaign (15% Discount),1672.61,India,Delhi,3.8
0,0.10959423300883275,Do Not Intervene,893.14,Japan,Kyoto,3.7
1,0.9301977116041512,Trigger Retention Campaign (15% Discount),969.85,Australia,Melbourne,5.6
0,0.10276307634933962,Do Not Intervene,711.61,Germany,Hamburg,2.5
0,0.1994325803008707,Do Not Intervene,972.31,UK,Birmingham,6.8
0,0.4603043606503929,Trigger Retention Campaign (15% Discount),647.09,UK,Manchester,5.2
1,0.6788042853486328,Trigger Retention Campaign (15% Discount),1086.33,Germany,Hamburg,2.0
1,0.38180452630156453,Trigger Retention Campaign (15% Discount),1209.27,UK,Birmingham,6.0
0,0.18979406211729088,Do Not Intervene,2260.76,France,Nice,3.1
0,0.17721789337427565,Do Not Intervene,3118.61,UK,Leeds,3.2
0,0.16377397323749845,Do Not Intervene,611.15,USA,New York,2.0
0,0.567037904811133,Trigger Retention Campaign (15% Discount),1069.26,USA,Phoenix,0.9
0,0.108454404821804,Do Not Intervene,1129.75,Canada,Calgary,1.2
0,0.11280355765645629,Do Not Intervene,953.78,Canada,Montreal,4.8
0,0.11005766075392293,Do Not Intervene,635.81,Canada,Ottawa,4.3
1,0.8897962142862724,Trigger Retention Campaign (15% Discount),853.65,France,Lyon,1.7
0,0.13276474450598988,Do Not Intervene,503.44,Canada,Toronto,0.2
0,0.6149614256294692,Trigger Retention Campaign (15% Discount),1242.45,UK,Leeds,0.6
0,0.38180957126681425,Trigger Retention Campaign (15% Discount),1411.11,UK,Birmingham,4.3
1,0.9016852510894925,Trigger Retention Campaign (15% Discount),2915.14,USA,Los Angeles,1.6
1,0.730518300994601,Trigger Retention Campaign (15% Discount),1938.95,Canada,Toronto,3.2
1,0.6376008076265633,Trigger Retention Campaign (15% Discount),533.59,UK,Birmingham,0.8
0,0.16088711199114186,Do Not Intervene,767.12,USA,Phoenix,1.7
0,0.38462502358885503,Trigger Retention Campaign (15% Discount),1184.14,Canada,Toronto,1.2
0,0.28532322017296746,Trigger Retention Campaign (15% Discount),903.99,Australia,Melbourne,2.2
1,0.5953350730979788,Trigger Retention Campaign (15% Discount),415.59,Australia,Sydney,4.3
0,0.10921669024641761,Do Not Intervene,1259.34,France,Lyon,1.3
1,0.8166925868280169,Trigger Retention Campaign (15% Discount),514.92,USA,New York,0.6
1,0.12197422108096839,Do Not Intervene,1582.33,USA,New York,0.9
1,0.7999218094791695,Trigger Retention Campaign (15% Discount),2237.79,USA,Phoenix,4.4
0,0.12519497408084648,Do Not Intervene,1473.7,Australia,Melbourne,6.9
0,0.1310168416386478,Do Not Intervene,2167.27,Australia,Brisbane,5.4
0,0.1257231620603408,Do Not Intervene,1753.38,UK,Birmingham,1.5
0,0.10231703226365445,Do Not Intervene,845.66,USA,New York,4.6
0,0.16985129214633252,Do Not Intervene,3943.97,Germany,Hamburg,5.1
1,0.7486155270550734,Trigger Retention Campaign (15% Discount),596.0,USA,Chicago,1.6
1,0.8587397921870807,Trigger Retention Campaign (15% Discount),655.99,Japan,Yokohama,1.0
0,0.2726912499611297,Do Not Intervene,792.02,Japan,Nagoya,2.3
0,0.09724082853221526,Do Not Intervene,731.19,UK,Birmingham,2.2
1,0.7635832846958384,Trigger Retention Campaign (15% Discount),2396.98,USA,Chicago,2.8
0,0.09395837860555525,Do Not Intervene,1099.22,USA,Houston,2.7
1,0.5548180171309094,Trigger Retention Campaign (15% Discount),1223.44,France,Toulouse,1.1
0,0.10162305712026219,Do Not Intervene,1820.82,USA,Chicago,3.3
0,0.24004427605285716,Do Not Intervene,1338.01,UK,London,3.2
0,0.18075005343113001,Do Not Intervene,639.04,USA,Chicago,4.3
0,0.16285101989029094,Do Not Intervene,1271.48,Australia,Perth,2.1
0,0.1457514518437875,Do Not Intervene,2777.31,USA,Chicago,3.1
1,0.12603821674533702,Do Not Intervene,1851.48,Germany,Berlin,3.0
0,0.17596190702763614,Do Not Intervene,1145.1,Canada,Calgary,0.3
0,0.1533343405698815,Do Not Intervene,2183.68,Canada,Calgary,6.0
0,0.19022778118492567,Do Not Intervene,831.24,UK,Leeds,2.8
0,0.2668076684122492,Do Not Intervene,972.85,USA,Phoenix,3.9
0,0.1551420322347275,Do Not Intervene,3862.35,USA,Los Angeles,7.3
0,0.1549911670786578,Do Not Intervene,575.3,Australia,Perth,2.4
1,0.8212095678028724,Trigger Retention Campaign (15% Discount),2481.62,Japan,Osaka,2.5
0,0.11194321217378686,Do Not Intervene,853.79,France,Lyon,1.3
1,0.9162337388907179,Trigger Retention Campaign (15% Discount),2260.42,USA,Houston,3.0
1,0.5668318825977472,Trigger Retention Campaign (15% Discount),1131.92,India,Delhi,1.3
0,0.15558272739681564,Do Not Intervene,849.76,USA,Los Angeles,3.2
1,0.4472377313766235,Trigger Retention Campaign (15% Discount),561.46,India,Delhi,4.4
0,0.17300650038843784,Do Not Intervene,3776.2,USA,Chicago,0.6
0,0.09675640483443354,Do Not Intervene,1721.08,France,Paris,2.8
1,0.9072318008225844,Trigger Retention Campaign (15% Discount),3097.85,UK,Leeds,4.0
0,0.08706403132837054,Do Not Intervene,882.52,France,Toulouse,3.0
0,0.17526593484599876,Do Not Intervene,1217.85,France,Nice,1.1
0,0.13187971792834774,Do Not Intervene,3338.73,USA,Chicago,0.8
1,0.9245933806804164,Trigger Retention Campaign (15% Discount),2660.32,UK,Glasgow,0.7
1,0.7363131481179406,Trigger Retention Campaign (15% Discount),518.44,Japan,Yokohama,5.6
0,0.08458182295913504,Do Not Intervene,1423.41,USA,New York,1.5
1,0.28104707007801577,Trigger Retention Campaign (15% Discount),426.69,UK,Glasgow,0.3
0,0.17332194480970783,Do Not Intervene,549.2,USA,Chicago,4.2
0,0.1306661407359803,Do Not Intervene,1008.57,France,Nice,1.6
0,0.1639890981545464,Do Not Intervene,2401.21,UK,Manchester,2.0
0,0.16186809900518123,Do Not Intervene,1606.12,India,Hyderabad,1.6
0,0.1817184862855936,Do Not Intervene,1214.3,UK,London,0.2
0,0.14171931880830355,Do Not Intervene,1592.88,UK,London,2.2
1,0.727105233706217,Trigger Retention Campaign (15% Discount),2597.37,USA,Phoenix,3.1
0,0.4448924710271667,Trigger Retention Campaign (15% Discount),1354.7,Germany,Hamburg,2.5
0,0.191131154621911,Do Not Intervene,1350.5,Canada,Toronto,6.1
0,0.10863962483545025,Do Not Intervene,1043.14,Germany,Hamburg,3.0
1,0.8723411829111989,Trigger Retention Campaign (15% Discount),299.98,Australia,Sydney,2.0
0,0.3230033542317275,Trigger Retention Campaign (15% Discount),1040.1,USA,Los Angeles,1.2
0,0.19649352964848588,Do Not Intervene,1119.95,France,Nice,5.4
1,0.8684879982799888,Trigger Retention Campaign (15% Discount),656.81,Australia,Brisbane,2.1
1,0.5642876209107949,Trigger Retention Campaign (15% Discount),1679.46,Australia,Adelaide,1.0
0,0.5289016129666686,Trigger Retention Campaign (15% Discount),486.4,UK,Leeds,5.2
0,0.1287158827467026,Do Not Intervene,2056.49,UK,Glasgow,2.1
0,0.15898542401063734,Do Not Intervene,4666.11,UK,Glasgow,7.1
1,0.5772006150974698,Trigger Retention Campaign (15% Discount),1788.19,USA,Chicago,0.8
0,0.21021026075408045,Do Not Intervene,1352.64,Australia,Sydney,3.4
1,0.8671692584334086,Trigger Retention Campaign (15% Discount),3236.81,Australia,Melbourne,3.0
0,0.12731534683768828,Do Not Intervene,555.0,USA,Los Angeles,10.0
0,0.07617711792118241,Do Not Intervene,672.24,Australia,Adelaide,2.9
1,0.5939531376971223,Trigger Retention Campaign (15% Discount),818.57,USA,New York,2.1
0,0.1758505298627356,Do Not Intervene,677.18,Australia,Melbourne,3.5
1,0.6197225974040076,Trigger Retention Campaign (15% Discount),394.77,USA,New York,4.7
0,0.3235799918451261,Trigger Retention Campaign (15% Discount),878.66,UK,Leeds,1.7
1,0.803212411821359,Trigger Retention Campaign (15% Discount),1918.47,USA,Los Angeles,3.7
0,0.4824714936705248,Trigger Retention Campaign (15% Discount),1407.36,UK,Birmingham,2.8
0,0.11802671939379775,Do Not Intervene,1180.65,USA,Phoenix,0.5
1,0.9462304522140523,Trigger Retention Campaign (15% Discount),192.1,UK,London,1.0
0,0.15425222897522714,Do Not Intervene,2271.81,Japan,Kyoto,2.4
1,0.341806639368904,Trigger Retention Campaign (15% Discount),653.19,France,Toulouse,6.5
0,0.19077062556291582,Do Not Intervene,972.64,USA,Los Angeles,2.5
0,0.19552505497653513,Do Not Intervene,1008.39,UK,London,1.0
0,0.7081683687020376,Trigger Retention Campaign (15% Discount),1531.77,Canada,Ottawa,0.3
1,0.5226969476651719,Trigger Retention Campaign (15% Discount),817.84,India,Hyderabad,5.8
0,0.20261802674147134,Do Not Intervene,2470.21,Canada,Montreal,2.0
0,0.14676361302693025,Do Not Intervene,514.24,Canada,Calgary,5.1
0,0.1295858604138142,Do Not Intervene,850.84,Canada,Toronto,2.1
0,0.14347717289337847,Do Not Intervene,2355.41,Japan,Kyoto,4.2
1,0.3065285989732754,Trigger Retention Campaign (15% Discount),1158.72,India,Bangalore,2.9
1,0.4919021381475158,Trigger Retention Campaign (15% Discount),1576.52,Canada,Calgary,1.9
0,0.14470692156712206,Do Not Intervene,809.5,Australia,Brisbane,1.9
0,0.12813018180249328,Do Not Intervene,538.48,USA,Houston,2.4
1,0.8857358781916806,Trigger Retention Campaign (15% Discount),1963.41,Germany,Hamburg,2.0
0,0.3587754698505726,Trigger Retention Campaign (15% Discount),1016.62,UK,Manchester,3.9
0,0.14825206247007927,Do Not Intervene,1012.13,USA,Chicago,0.7
0,0.18603643952017748,Do Not Intervene,555.86,UK,Leeds,3.5
0,0.24860947017184248,Do Not Intervene,726.83,Australia,Perth,1.2
0,0.4199102624777114,Trigger Retention Campaign (15% Discount),1180.32,USA,New York,1.7
0,0.09646617214709165,Do Not Intervene,1760.06,UK,Manchester,1.5
1,0.7851093066000427,Trigger Retention Campaign (15% Discount),2008.07,UK,Manchester,7.8
0,0.447471770326605,Trigger Retention Campaign (15% Discount),1197.96,Australia,Melbourne,1.1
1,0.12933716959184,Do Not Intervene,1271.52,USA,Chicago,2.2
1,0.14269772692123786,Do Not Intervene,1347.98,USA,New York,3.3
1,0.8958105513315148,Trigger Retention Campaign (15% Discount),2011.21,UK,Birmingham,2.4
0,0.09631022631558067,Do Not Intervene,1479.21,Japan,Kyoto,0.7
1,0.6845882930240188,Trigger Retention Campaign (15% Discount),633.45,Australia,Adelaide,4.3
0,0.20080696387989647,Do Not Intervene,1970.14,UK,Birmingham,8.2
1,0.7208015309725104,Trigger Retention Campaign (15% Discount),426.17,UK,Manchester,3.1
0,0.1189921883773254,Do Not Intervene,1231.45,USA,Phoenix,1.0
0,0.12914585401337003,Do Not Intervene,3472.43,UK,Birmingham,3.9
0,0.13935875324089894,Do Not Intervene,1037.01,Australia,Sydney,4.1
0,0.3126351774162163,Trigger Retention Campaign (15% Discount),957.31,USA,Chicago,3.3
0,0.12434486540784262,Do Not Intervene,2080.61,France,Nice,2.1
0,0.12204741855754367,Do Not Intervene,1470.26,India,Mumbai,2.3
0,0.13881153844832095,Do Not Intervene,2195.38,UK,London,3.1
1,0.8186325832610531,Trigger Retention Campaign (15% Discount),801.72,USA,Los Angeles,2.7
0,0.11028662251016165,Do Not Intervene,1354.13,Canada,Vancouver,4.2
1,0.8151648007426432,Trigger Retention Campaign (15% Discount),627.88,Canada,Toronto,2.6
0,0.16593225809551232,Do Not Intervene,1831.0,France,Nice,2.1
0,0.5604756457180334,Trigger Retention Campaign (15% Discount),158.18,USA,New York,2.0
0,0.14086750457202013,Do Not Intervene,3026.5,USA,New York,1.4
0,0.1625053503797961,Do Not Intervene,1394.97,USA,Los Angeles,2.1
1,0.2758300442690551,Do Not Intervene,1099.69,USA,Houston,1.5
0,0.12089334088918204,Do Not Intervene,2007.1,Germany,Frankfurt,2.1
1,0.8804062581731468,Trigger Retention Campaign (15% Discount),503.68,Australia,Perth,2.1
0,0.10481112856717624,Do Not Intervene,812.09,Canada,Vancouver,0.9
0,0.0925807800520655,Do Not Intervene,1242.95,Australia,Brisbane,0.7
1,0.7677288401632275,Trigger Retention Campaign (15% Discount),1948.94,Canada,Toronto,2.9
1,0.8126438336104669,Trigger Retention Campaign (15% Discount),297.09,USA,New York,4.6
0,0.14189935794535902,Do Not Intervene,1365.97,Germany,Munich,1.0
0,0.07664289638377157,Do Not Intervene,1170.22,USA,Los Angeles,2.8
0,0.14950981402357344,Do Not Intervene,1156.74,USA,Houston,2.5
0,0.1314525941880911,Do Not Intervene,1970.32,Canada,Ottawa,0.4
1,0.8423726418497757,Trigger Retention Campaign (15% Discount),934.6,Canada,Toronto,2.6
0,0.43403077592122286,Trigger Retention Campaign (15% Discount),1633.21,Japan,Osaka,4.0
0,0.16684147681243666,Do Not Intervene,1529.59,USA,Phoenix,3.0
0,0.09161549738262836,Do Not Intervene,1699.9,USA,Phoenix,1.8
0,0.09952616230620244,Do Not Intervene,2433.45,USA,Phoenix,2.4
1,0.6701993750663656,Trigger Retention Campaign (15% Discount),380.32,UK,Leeds,2.8
0,0.16175202199675195,Do Not Intervene,1375.59,Japan,Tokyo,3.9
0,0.11565795477168768,Do Not Intervene,1147.17,USA,Houston,6.5
1,0.8999493886675594,Trigger Retention Campaign (15% Discount),1926.17,India,Chennai,4.3
0,0.4296212200763307,Trigger Retention Campaign (15% Discount),441.64,USA,New York,0.7
0,0.20856223133596866,Do Not Intervene,392.68,USA,Los Angeles,1.1
0,0.11500764408160358,Do Not Intervene,1197.54,India,Hyderabad,1.5
1,0.6362065134994772,Trigger Retention Campaign (15% Discount),1414.92,USA,Phoenix,1.3
1,0.9358662038385599,Trigger Retention Campaign (15% Discount),2805.89,UK,London,2.4
0,0.0952162937104378,Do Not Intervene,1073.4,Australia,Melbourne,6.2
0,0.3299517445485144,Trigger Retention Campaign (15% Discount),1567.36,India,Chennai,2.5
0,0.14384977698743037,Do Not Intervene,1833.47,UK,Leeds,1.6
0,0.12991953688303085,Do Not Intervene,1630.38,UK,Glasgow,1.6
0,0.2840239690797885,Trigger Retention Campaign (15% Discount),720.33,Canada,Toronto,1.7
1,0.18475789558326303,Do Not Intervene,1308.41,USA,Chicago,1.3
1,0.4645531411692886,Trigger Retention Campaign (15% Discount),360.9,Australia,Brisbane,1.2
0,0.1188222341529831,Do Not Intervene,1562.97,USA,New York,1.8
0,0.36542718034781635,Trigger Retention Campaign (15% Discount),1451.08,USA,Chicago,5.0
1,0.39524088533080975,Trigger Retention Campaign (15% Discount),1073.85,UK,Manchester,5.9
0,0.3110130291547126,Trigger Retention Campaign (15% Discount),896.5,UK,London,1.0
0,0.11825911207117373,Do Not Intervene,1567.79,UK,Glasgow,8.3
0,0.21585628356473519,Do Not Intervene,577.58,USA,Houston,1.4
0,0.11981595215328535,Do Not Intervene,743.84,USA,Phoenix,1.8
1,0.7535996470203901,Trigger Retention Campaign (15% Discount),3299.79,USA,Los Angeles,2.0
0,0.3569283433431019,Trigger Retention Campaign (15% Discount),773.7,France,Marseille,6.1
1,0.5645118597899456,Trigger Retention Campaign (15% Discount),957.6,Australia,Perth,10.0
1,0.7325350689544479,Trigger Retention Campaign (15% Discount),218.49,Canada,Calgary,5.8
1,0.8304173083608856,Trigger Retention Campaign (15% Discount),2511.28,India,Bangalore,1.1
1,0.8488763206006565,Trigger Retention Campaign (15% Discount),285.7,UK,Birmingham,1.2
0,0.10680610371620557,Do Not Intervene,971.96,UK,Manchester,3.3
0,0.11494657330076301,Do Not Intervene,1214.15,Japan,Kyoto,1.4
0,0.12105419952251273,Do Not Intervene,1459.15,Canada,Ottawa,1.4
1,0.3561058648635153,Trigger Retention Campaign (15% Discount),371.0,France,Lyon,5.3
0,0.17374217383421595,Do Not Intervene,1097.95,UK,Glasgow,0.2
0,0.4370963025244092,Trigger Retention Campaign (15% Discount),576.53,UK,Glasgow,0.5
0,0.09350864767526225,Do Not Intervene,1397.66,Australia,Adelaide,3.2
0,0.09764789228756104,Do Not Intervene,856.06,USA,New York,1.5
0,0.1189167947557139,Do Not Intervene,1709.73,USA,Chicago,1.3
0,0.18798081679179746,Do Not Intervene,1181.0,USA,Phoenix,2.4
0,0.15258600546242784,Do Not Intervene,718.03,Germany,Cologne,4.9
0,0.4416503079913329,Trigger Retention Campaign (15% Discount),511.21,USA,Los Angeles,2.7
0,0.12607760695488612,Do Not Intervene,639.34,Japan,Kyoto,6.6
1,0.9203309596268937,Trigger Retention Campaign (15% Discount),3218.45,Australia,Melbourne,1.4
1,0.9232358938369716,Trigger Retention Campaign (15% Discount),301.3,Australia,Perth,1.6
1,0.9194408960635765,Trigger Retention Campaign (15% Discount),579.05,Canada,Ottawa,3.2
0,0.17755680524777098,Do Not Intervene,1192.3,Japan,Nagoya,5.0
0,0.13124825114357408,Do Not Intervene,1605.54,Canada,Ottawa,1.7
0,0.13024486404989757,Do Not Intervene,837.36,India,Mumbai,0.8
1,0.8962263672352462,Trigger Retention Campaign (15% Discount),3128.53,UK,Glasgow,1.4
0,0.24610311142079314,Do Not Intervene,1825.21,USA,Phoenix,2.7
0,0.09970374977416283,Do Not Intervene,1252.84,UK,Leeds,0.6
0,0.11228985136602151,Do Not Intervene,883.52,Canada,Vancouver,0.7
0,0.12777290427463467,Do Not Intervene,1369.72,USA,Phoenix,5.9
1,0.8310776211599098,Trigger Retention Campaign (15% Discount),1907.04,USA,Phoenix,0.4
0,0.28211489613897034,Trigger Retention Campaign (15% Discount),1194.84,France,Paris,7.1
0,0.27816746683354476,Do Not Intervene,676.48,USA,New York,3.9
1,0.6971230798117746,Trigger Retention Campaign (15% Discount),1176.11,USA,Los Angeles,3.6
0,0.23870969394393107,Do Not Intervene,1830.71,UK,Birmingham,1.2
0,0.11202873597477266,Do Not Intervene,1137.94,USA,Los Angeles,3.1
0,0.34825593054020126,Trigger Retention Campaign (15% Discount),1337.32,Canada,Vancouver,3.5
0,0.08892578396022563,Do Not Intervene,686.84,UK,Birmingham,1.5
0,0.3003698249352696,Trigger Retention Campaign (15% Discount),1380.71,Canada,Ottawa,10.0
0,0.1528756232681589,Do Not Intervene,1241.89,USA,Los Angeles,5.1
0,0.1127851746637264,Do Not Intervene,1426.39,Canada,Montreal,0.3
0,0.14775770378510006,Do Not Intervene,1487.68,France,Toulouse,5.0
1,0.8306252054271956,Trigger Retention Campaign (15% Discount),2512.71,USA,Los Angeles,1.4
0,0.1282365216674656,Do Not Intervene,2311.97,Canada,Ottawa,0.8
0,0.11742878880842746,Do Not Intervene,1410.0,Canada,Calgary,5.9
0,0.09800779190568035,Do Not Intervene,1294.52,USA,Los Angeles,2.7
0,0.09368634750961632,Do Not Intervene,1108.85,India,Delhi,7.5
1,0.11110487550635055,Do Not Intervene,1189.45,Australia,Perth,5.7
0,0.10853090830840317,Do Not Intervene,3299.72,USA,Los Angeles,7.6
0,0.501689506429338,Trigger Retention Campaign (15% Discount),504.14,UK,Leeds,4.0
0,0.1673007564423573,Do Not Intervene,659.89,France,Paris,2.0
1,0.18514563612298232,Do Not Intervene,1638.39,USA,Phoenix,3.9
1,0.6157734889931443,Trigger Retention Campaign (15% Discount),1206.54,UK,Birmingham,1.2
0,0.17386921423593282,Do Not Intervene,1357.55,USA,Los Angeles,0.9
1,0.4826147568136938,Trigger Retention Campaign (15% Discount),1001.15,USA,Phoenix,2.5
1,0.5551474895605325,Trigger Retention Campaign (15% Discount),917.38,France,Toulouse,0.3
0,0.09704329586786656,Do Not Intervene,1601.84,USA,Phoenix,3.9
0,0.18919071189805683,Do Not Intervene,1626.2,USA,Chicago,4.8
0,0.38795011249269307,Trigger Retention Campaign (15% Discount),594.92,USA,Chicago,2.5
1,0.7553782844710795,Trigger Retention Campaign (15% Discount),465.87,UK,Leeds,2.4
0,0.2068318809700713,Do Not Intervene,877.59,India,Bangalore,3.2
1,0.7257155251032644,Trigger Retention Campaign (15% Discount),712.84,USA,Phoenix,6.3
0,0.29793633836616107,Trigger Retention Campaign (15% Discount),628.65,USA,Houston,1.2
0,0.8959925090666206,Trigger Retention Campaign (15% Discount),149.17,USA,Chicago,6.8
1,0.71163952645202,Trigger Retention Campaign (15% Discount),550.79,India,Bangalore,0.9
0,0.13065774816259626,Do Not Intervene,483.11,India,Bangalore,1.0
0,0.13452693174246033,Do Not Intervene,1565.01,USA,Houston,0.5
0,0.18070057854374721,Do Not Intervene,1876.1,UK,London,6.2
0,0.13460007399397886,Do Not Intervene,1164.15,UK,Birmingham,6.0
1,0.6187530949026958,Trigger Retention Campaign (15% Discount),670.01,India,Bangalore,1.1
0,0.24800535967867685,Do Not Intervene,1542.27,UK,Leeds,1.8
0,0.15005492182111752,Do Not Intervene,575.4,USA,Los Angeles,2.4
1,0.948157883644202,Trigger Retention Campaign (15% Discount),140.98,USA,Chicago,2.7
0,0.5921554224068859,Trigger Retention Campaign (15% Discount),370.65,USA,Chicago,2.9
1,0.8503882780105262,Trigger Retention Campaign (15% Discount),400.6,Canada,Ottawa,3.6
0,0.08737764781448375,Do Not Intervene,1322.88,USA,New York,1.5
0,0.12669894803649412,Do Not Intervene,1401.54,India,Mumbai,1.8
1,0.6144369747569182,Trigger Retention Campaign (15% Discount),629.06,USA,Houston,4.6
0,0.17268020067132817,Do Not Intervene,1071.43,USA,Chicago,3.5
0,0.18939039240422406,Do Not Intervene,1419.09,India,Hyderabad,3.3
0,0.0947029754560449,Do Not Intervene,673.75,India,Bangalore,4.9
1,0.34943850315145086,Trigger Retention Campaign (15% Discount),786.55,Germany,Berlin,2.6
0,0.3683169648826216,Trigger Retention Campaign (15% Discount),3201.09,UK,Manchester,5.8
1,0.5287842988153212,Trigger Retention Campaign (15% Discount),1176.37,USA,Houston,3.0
0,0.10036958995200808,Do Not Intervene,1816.97,India,Chennai,3.8
1,0.9746214725528465,Trigger Retention Campaign (15% Discount),77.88,Canada,Ottawa,2.1
0,0.10238048689251221,Do Not Intervene,1875.97,Canada,Calgary,3.0
1,0.8298996819718577,Trigger Retention Campaign (15% Discount),2006.56,Germany,Frankfurt,3.4
1,0.5333126415961644,Trigger Retention Campaign (15% Discount),249.12,India,Mumbai,0.4
1,0.8513348965003219,Trigger Retention Campaign (15% Discount),2540.03,Germany,Berlin,0.5
1,0.7080910158207382,Trigger Retention Campaign (15% Discount),592.61,Australia,Melbourne,3.2
0,0.1436009761280083,Do Not Intervene,1263.66,USA,Chicago,3.7
0,0.14973492215494755,Do Not Intervene,859.59,Germany,Berlin,7.3
1,0.8743363890316536,Trigger Retention Campaign (15% Discount),2429.4,UK,London,5.4
1,0.1329226225778339,Do Not Intervene,1017.84,France,Paris,2.1
1,0.3493628450560094,Trigger Retention Campaign (15% Discount),969.94,India,Delhi,4.7
1,0.11185330022048737,Do Not Intervene,705.92,USA,Chicago,1.7
0,0.09502297321345297,Do Not Intervene,1995.6,Australia,Adelaide,0.8
1,0.828295753496295,Trigger Retention Campaign (15% Discount),2754.29,USA,Houston,4.0
0,0.11577606446105877,Do Not Intervene,5090.67,Germany,Berlin,4.6
1,0.8299447597807741,Trigger Retention Campaign (15% Discount),2076.94,USA,Houston,1.2
0,0.09162170691857315,Do Not Intervene,1324.63,Australia,Brisbane,0.6
0,0.09306791943918778,Do Not Intervene,1627.16,India,Hyderabad,0.7
1,0.9040631136239975,Trigger Retention Campaign (15% Discount),2226.57,France,Paris,4.3
0,0.21924826375757447,Do Not Intervene,767.07,USA,Los Angeles,10.0
0,0.1719081524281878,Do Not Intervene,1200.45,UK,Glasgow,2.5
0,0.1043281911125046,Do Not Intervene,635.58,USA,Chicago,3.0
0,0.10242709452695883,Do Not Intervene,679.75,India,Mumbai,5.5
0,0.25109014265001073,Do Not Intervene,3530.94,USA,Phoenix,2.3
1,0.8912258935730101,Trigger Retention Campaign (15% Discount),2139.16,France,Toulouse,1.6
0,0.13670915281918547,Do Not Intervene,1139.39,USA,Chicago,4.6
1,0.7438106395607801,Trigger Retention Campaign (15% Discount),610.63,UK,Leeds,7.9
1,0.9271082356272282,Trigger Retention Campaign (15% Discount),4132.9,Germany,Frankfurt,3.4
1,0.8662653800596811,Trigger Retention Campaign (15% Discount),2221.84,USA,Phoenix,2.3
0,0.1457174848344209,Do Not Intervene,1896.66,Australia,Adelaide,4.1
0,0.18058988591537173,Do Not Intervene,1902.63,USA,Phoenix,1.3
0,0.12702575349450676,Do Not Intervene,3654.34,Germany,Berlin,2.9
0,0.21066362114216722,Do Not Intervene,1571.92,Canada,Toronto,1.2
0,0.16418996525261942,Do Not Intervene,602.56,USA,Los Angeles,3.2
0,0.37134898162361646,Trigger Retention Campaign (15% Discount),957.9,Canada,Montreal,4.6
0,0.10199416389315828,Do Not Intervene,1079.04,USA,Houston,1.8
0,0.12411684786135703,Do Not Intervene,2107.67,Australia,Sydney,4.2
0,0.30080707711179716,Trigger Retention Campaign (15% Discount),502.61,Canada,Calgary,3.9
0,0.2850656576926237,Trigger Retention Campaign (15% Discount),1021.86,USA,Los Angeles,0.6
0,0.58635088396272,Trigger Retention Campaign (15% Discount),1873.36,USA,Chicago,1.2
0,0.11952055568938298,Do Not Intervene,918.62,USA,Houston,3.4
0,0.40885324998511696,Trigger Retention Campaign (15% Discount),1720.88,India,Mumbai,1.6
0,0.1274754692607595,Do Not Intervene,560.73,Australia,Perth,5.0
1,0.6223624990570602,Trigger Retention Campaign (15% Discount),1402.67,Canada,Vancouver,2.4
0,0.12613546139293116,Do Not Intervene,2156.31,Germany,Frankfurt,1.6
1,0.5180155131277481,Trigger Retention Campaign (15% Discount),832.66,Australia,Perth,3.4
0,0.29914868343343753,Trigger Retention Campaign (15% Discount),618.81,USA,Houston,8.3
1,0.9391408719495334,Trigger Retention Campaign (15% Discount),370.47,UK,Birmingham,2.2
1,0.6568429731118974,Trigger Retention Campaign (15% Discount),538.04,UK,Birmingham,4.1
1,0.8496623610576483,Trigger Retention Campaign (15% Discount),846.28,France,Nice,1.9
0,0.2507841229515989,Do Not Intervene,1829.48,UK,Manchester,5.1
0,0.152144663996885,Do Not Intervene,1089.8,USA,Houston,1.3
0,0.49646086533011813,Trigger Retention Campaign (15% Discount),495.52,UK,Leeds,1.3
1,0.9261810305733476,Trigger Retention Campaign (15% Discount),3282.69,UK,Birmingham,8.1
1,0.44735976860556137,Trigger Retention Campaign (15% Discount),407.56,UK,Leeds,0.4
1,0.7974304642415173,Trigger Retention Campaign (15% Discount),124.74,Japan,Nagoya,3.7
0,0.11612046271017226,Do Not Intervene,1360.68,Japan,Nagoya,2.1
0,0.1904911662585924,Do Not Intervene,3200.02,Canada,Vancouver,3.1
1,0.8205462208350858,Trigger Retention Campaign (15% Discount),606.74,USA,New York,4.3
1,0.5093498983097934,Trigger Retention Campaign (15% Discount),964.1,USA,Chicago,0.8
0,0.1341712043905507,Do Not Intervene,1321.69,Germany,Berlin,2.1
0,0.1270761003155153,Do Not Intervene,930.71,France,Lyon,1.5
1,0.841740018425962,Trigger Retention Campaign (15% Discount),1949.3,UK,London,4.8
1,0.864259823435029,Trigger Retention Campaign (15% Discount),171.19,Japan,Nagoya,7.2
0,0.12227758413598759,Do Not Intervene,1214.99,Canada,Montreal,2.1
0,0.07419776313191036,Do Not Intervene,771.89,USA,Houston,0.9
0,0.11984876512456012,Do Not Intervene,1803.48,India,Hyderabad,0.7
0,0.32970032235429936,Trigger Retention Campaign (15% Discount),893.63,USA,Chicago,1.9
1,0.7706598906375084,Trigger Retention Campaign (15% Discount),1511.53,UK,Birmingham,5.3
1,0.7320103767143895,Trigger Retention Campaign (15% Discount),184.64,France,Toulouse,1.9
0,0.22376714269780432,Do Not Intervene,857.69,Germany,Berlin,0.7
0,0.28914576885272025,Trigger Retention Campaign (15% Discount),2083.64,Canada,Ottawa,3.6
1,0.7583521545022914,Trigger Retention Campaign (15% Discount),600.02,USA,Phoenix,0.7
0,0.502556457204958,Trigger Retention Campaign (15% Discount),444.85,Australia,Brisbane,1.9
0,0.10257418575078059,Do Not Intervene,965.39,Japan,Yokohama,1.4
0,0.14909388931710144,Do Not Intervene,903.56,USA,Chicago,0.7
1,0.33371515220065723,Trigger Retention Campaign (15% Discount),954.27,Canada,Toronto,0.2
0,0.24773615125002807,Do Not Intervene,633.35,USA,Houston,2.8
0,0.07227726753410736,Do Not Intervene,873.78,USA,Houston,6.2
0,0.224257465085659,Do Not Intervene,979.95,USA,Los Angeles,6.5
0,0.2249516597687043,Do Not Intervene,1346.07,India,Hyderabad,0.6
0,0.2094128087322635,Do Not Intervene,1739.06,France,Toulouse,3.3
1,0.11239436575714283,Do Not Intervene,1197.32,USA,Phoenix,1.3
0,0.1368619762311736,Do Not Intervene,632.59,Australia,Perth,1.4
0,0.19850366790186627,Do Not Intervene,1476.98,Germany,Frankfurt,4.4
0,0.17548212853013212,Do Not Intervene,2020.03,UK,Leeds,1.1
1,0.16384917209713756,Do Not Intervene,1556.67,Canada,Montreal,5.3
0,0.4225866776037057,Trigger Retention Campaign (15% Discount),1069.37,India,Delhi,5.1
0,0.10479143168384546,Do Not Intervene,2681.56,USA,Chicago,1.4
1,0.7991630467614707,Trigger Retention Campaign (15% Discount),1935.14,Canada,Ottawa,0.9
0,0.11581980901353882,Do Not Intervene,1937.12,UK,Leeds,2.2
1,0.6118879263221955,Trigger Retention Campaign (15% Discount),345.95,Japan,Tokyo,2.0
1,0.6500916201553615,Trigger Retention Campaign (15% Discount),3347.23,Canada,Calgary,0.8
0,0.2003780422758215,Do Not Intervene,1180.32,USA,New York,6.6
1,0.899922130648571,Trigger Retention Campaign (15% Discount),238.12,UK,London,0.6
0,0.3185181054529827,Trigger Retention Campaign (15% Discount),944.61,Germany,Frankfurt,10.0
0,0.09421958855752913,Do Not Intervene,952.87,USA,New York,4.2
0,0.114389921814863,Do Not Intervene,1024.99,Germany,Frankfurt,5.9
1,0.8960589403509414,Trigger Retention Campaign (15% Discount),1972.45,France,Toulouse,1.9
0,0.19464872106590256,Do Not Intervene,2634.43,France,Toulouse,2.9
1,0.9428200252383452,Trigger Retention Campaign (15% Discount),533.43,USA,Chicago,1.5
0,0.5347224796396921,Trigger Retention Campaign (15% Discount),508.15,USA,New York,3.2
0,0.1918518815297333,Do Not Intervene,1759.3,USA,Phoenix,1.9
0,0.12790330554851376,Do Not Intervene,613.72,USA,Houston,1.3
0,0.22863225200539042,Do Not Intervene,533.22,Japan,Yokohama,2.6
0,0.10357789725983953,Do Not Intervene,1398.97,France,Marseille,2.5
1,0.6534043213752508,Trigger Retention Campaign (15% Discount),367.24,Canada,Vancouver,0.7
0,0.171409480801297,Do Not Intervene,3879.55,Germany,Hamburg,2.8
0,0.3152837090834886,Trigger Retention Campaign (15% Discount),1787.29,Canada,Montreal,3.1
0,0.19693279829826899,Do Not Intervene,2141.9,Germany,Cologne,3.6
0,0.11595320837813958,Do Not Intervene,1109.62,USA,New York,1.6
0,0.18650725547619953,Do Not Intervene,1926.31,USA,New York,8.1
0,0.12946031331796407,Do Not Intervene,2556.0,Germany,Frankfurt,6.2
0,0.10597775420476178,Do Not Intervene,953.87,USA,Chicago,4.4
0,0.09106075742073365,Do Not Intervene,1803.82,UK,London,3.3
0,0.14723874771001824,Do Not Intervene,1531.11,India,Mumbai,3.7
0,0.23720579507959652,Do Not Intervene,1863.51,USA,New York,3.5
0,0.11370494314739638,Do Not Intervene,2589.66,USA,Houston,1.1
0,0.38125603725514945,Trigger Retention Campaign (15% Discount),1788.89,Australia,Perth,0.5
0,0.2479242194324188,Do Not Intervene,1276.54,Australia,Melbourne,1.0
0,0.1353730799921078,Do Not Intervene,2316.02,Australia,Sydney,0.8
0,0.09759999257735034,Do Not Intervene,1823.88,UK,London,0.7
0,0.30191340198484745,Trigger Retention Campaign (15% Discount),1710.96,Japan,Tokyo,3.4
0,0.09300875182791561,Do Not Intervene,1349.05,USA,Los Angeles,3.8
1,0.8078058563179229,Trigger Retention Campaign (15% Discount),2314.41,USA,Houston,10.0
0,0.13131717780828994,Do Not Intervene,2089.82,Germany,Munich,3.4
0,0.2455038105768866,Do Not Intervene,715.96,UK,Glasgow,3.1
0,0.17401053427539012,Do Not Intervene,1850.5,Canada,Calgary,10.0
0,0.1424173432062675,Do Not Intervene,2435.99,UK,Leeds,4.7
0,0.11307837793722314,Do Not Intervene,1957.51,India,Hyderabad,0.9
0,0.18589691997611396,Do Not Intervene,1737.52,France,Marseille,1.0
1,0.6693036537722336,Trigger Retention Campaign (15% Discount),996.5,France,Nice,2.9
0,0.12377308788950886,Do Not Intervene,724.82,France,Lyon,1.4
1,0.2802869354136596,Trigger Retention Campaign (15% Discount),1848.13,Germany,Hamburg,3.3
1,0.8397825477124399,Trigger Retention Campaign (15% Discount),485.33,Germany,Berlin,1.7
0,0.11662557806204532,Do Not Intervene,1048.43,Canada,Vancouver,4.7
0,0.13707110659553265,Do Not Intervene,1193.31,USA,Los Angeles,1.6
1,0.5976599831116413,Trigger Retention Campaign (15% Discount),1430.56,Canada,Ottawa,3.8
0,0.08964197941131218,Do Not Intervene,1848.48,USA,New York,1.0
0,0.09266549356935877,Do Not Intervene,640.2,Canada,Ottawa,1.3
0,0.16671814977898095,Do Not Intervene,2213.3,USA,Los Angeles,2.2
0,0.15494950189354115,Do Not Intervene,2073.04,France,Lyon,4.4
0,0.08384465153260308,Do Not Intervene,1732.19,France,Nice,2.7
1,0.12330762300459785,Do Not Intervene,1649.08,Canada,Toronto,0.2
0,0.12148552417867524,Do Not Intervene,2004.18,India,Chennai,1.4
1,0.7096852539886196,Trigger Retention Campaign (15% Discount),472.42,France,Marseille,4.8
0,0.19329780511410782,Do Not Intervene,2347.95,Germany,Cologne,6.8
0,0.19406358579677374,Do Not Intervene,1277.19,UK,Glasgow,1.6
0,0.17406601593956586,Do Not Intervene,1558.32,France,Nice,2.0
1,0.34617472099960733,Trigger Retention Campaign (15% Discount),659.4,India,Chennai,7.9
0,0.20910690564695136,Do Not Intervene,1269.74,UK,Birmingham,1.5
0,0.2083548839384147,Do Not Intervene,294.14,UK,Manchester,2.9
0,0.1292671784565171,Do Not Intervene,1183.78,USA,Phoenix,0.3
0,0.13303102313527862,Do Not Intervene,1613.58,UK,Manchester,1.6
0,0.37456872994047535,Trigger Retention Campaign (15% Discount),1293.88,Canada,Toronto,4.3
1,0.8917074466113185,Trigger Retention Campaign (15% Discount),1890.81,USA,Phoenix,2.2
0,0.15762513477618068,Do Not Intervene,1246.92,UK,Glasgow,2.7
0,0.12675178486044208,Do Not Intervene,2351.19,France,Toulouse,1.0
0,0.20458015342369346,Do Not Intervene,1495.4,France,Marseille,1.4
1,0.8692043499909485,Trigger Retention Campaign (15% Discount),214.89,Canada,Calgary,1.8
1,0.42479923252995994,Trigger Retention Campaign (15% Discount),1721.83,Australia,Perth,1.4
0,0.11586700578993873,Do Not Intervene,849.51,Canada,Vancouver,2.7
0,0.15247846914775204,Do Not Intervene,1307.74,Australia,Brisbane,0.6
0,0.14710367224156704,Do Not Intervene,629.79,Germany,Berlin,3.9
0,0.10781375900852969,Do Not Intervene,1099.02,Canada,Ottawa,4.1
0,0.1860491836053351,Do Not Intervene,611.33,Germany,Berlin,5.4
0,0.13514517314327124,Do Not Intervene,1757.14,UK,London,1.6
1,0.8877193034531333,Trigger Retention Campaign (15% Discount),235.56,UK,Manchester,1.4
1,0.9504134899955615,Trigger Retention Campaign (15% Discount),2370.96,USA,Los Angeles,3.4
0,0.36273000395271865,Trigger Retention Campaign (15% Discount),960.22,Germany,Berlin,3.5
1,0.7818554717618672,Trigger Retention Campaign (15% Discount),2828.91,France,Nice,4.3
0,0.22314668923913164,Do Not Intervene,2090.35,USA,Phoenix,2.0
0,0.14332086367767063,Do Not Intervene,2564.83,UK,Birmingham,2.3
0,0.13554134026355474,Do Not Intervene,1828.88,USA,New York,1.0
0,0.13935030923458155,Do Not Intervene,3066.05,USA,Chicago,1.4
0,0.20986461215481583,Do Not Intervene,829.46,USA,Chicago,4.0
0,0.37287535338266303,Trigger Retention Campaign (15% Discount),1016.53,Germany,Munich,1.0
0,0.09289493082470517,Do Not Intervene,1315.33,USA,New York,0.5
1,0.4383002886465477,Trigger Retention Campaign (15% Discount),1093.49,UK,Manchester,3.6
0,0.4152013040367581,Trigger Retention Campaign (15% Discount),1136.53,USA,Phoenix,3.5
0,0.13788550258259366,Do Not Intervene,3386.97,UK,Manchester,4.9
1,0.3295404990018346,Trigger Retention Campaign (15% Discount),935.35,USA,Chicago,3.3
0,0.1523107807015078,Do Not Intervene,1110.76,India,Chennai,4.2
0,0.1306749815558657,Do Not Intervene,3062.47,USA,Chicago,2.3
0,0.14288773613400793,Do Not Intervene,2964.23,Germany,Hamburg,7.8
1,0.31617040221722337,Trigger Retention Campaign (15% Discount),1660.31,USA,Houston,1.8
0,0.20459599134349987,Do Not Intervene,941.91,USA,Los Angeles,1.7
1,0.7956234852519093,Trigger Retention Campaign (15% Discount),1954.0,USA,Houston,2.1
0,0.49105602202058984,Trigger Retention Campaign (15% Discount),403.41,Canada,Vancouver,0.7
0,0.1809152715087788,Do Not Intervene,3354.58,Canada,Vancouver,2.0
1,0.8543948028312086,Trigger Retention Campaign (15% Discount),1947.32,Canada,Vancouver,1.7
0,0.13783128616121254,Do Not Intervene,1610.17,USA,Phoenix,1.9
0,0.1928572739764558,Do Not Intervene,310.92,USA,Chicago,7.9
0,0.18331365400446767,Do Not Intervene,1004.35,Japan,Tokyo,3.2
1,0.7943060173565583,Trigger Retention Campaign (15% Discount),2064.75,Canada,Calgary,4.1
0,0.1374862795754124,Do Not Intervene,986.95,France,Marseille,2.1
0,0.09278095712428862,Do Not Intervene,1044.42,Canada,Toronto,3.1
1,0.7757484409472927,Trigger Retention Campaign (15% Discount),1472.06,UK,Birmingham,1.4
0,0.13980505183247702,Do Not Intervene,896.27,USA,Chicago,3.8
1,0.905733844967347,Trigger Retention Campaign (15% Discount),544.53,Germany,Hamburg,1.7
0,0.11836165881559442,Do Not Intervene,2382.07,UK,Leeds,6.2
0,0.09546434249965585,Do Not Intervene,1865.45,Australia,Brisbane,0.6
0,0.0908847047935261,Do Not Intervene,1248.73,Germany,Berlin,1.2
1,0.8928463116103502,Trigger Retention Campaign (15% Discount),2099.02,Canada,Ottawa,0.2
1,0.6735347545805651,Trigger Retention Campaign (15% Discount),595.57,USA,Houston,5.0
1,0.33251616753509794,Trigger Retention Campaign (15% Discount),1635.5,UK,Birmingham,4.4
1,0.8623954180773182,Trigger Retention Campaign (15% Discount),1082.0,Germany,Frankfurt,4.6
0,0.12827726016794513,Do Not Intervene,4013.54,USA,Chicago,3.4
0,0.23052418674598812,Do Not Intervene,319.88,UK,Manchester,2.3
0,0.36968187219643917,Trigger Retention Campaign (15% Discount),772.32,India,Hyderabad,2.5
0,0.23576748631114633,Do Not Intervene,843.53,India,Mumbai,1.6
1,0.863465223601196,Trigger Retention Campaign (15% Discount),2958.52,France,Paris,3.2
0,0.10183071638025487,Do Not Intervene,1305.68,Germany,Frankfurt,0.6
0,0.18633610951095236,Do Not Intervene,844.15,USA,Los Angeles,0.4
1,0.7779109296766991,Trigger Retention Campaign (15% Discount),264.22,India,Mumbai,1.4
0,0.07027216293131036,Do Not Intervene,766.91,USA,Los Angeles,1.6
0,0.10248886219154363,Do Not Intervene,1383.74,Germany,Hamburg,2.7
1,0.944483975229711,Trigger Retention Campaign (15% Discount),388.4,Canada,Calgary,1.3
0,0.14904694947155236,Do Not Intervene,1082.28,USA,Los Angeles,10.0
0,0.13750097857463178,Do Not Intervene,1342.76,UK,Birmingham,1.2
0,0.21276371653093712,Do Not Intervene,2558.71,USA,Phoenix,0.5
1,0.15648268851160188,Do Not Intervene,2623.73,USA,Houston,1.4
0,0.16520589217311277,Do Not Intervene,507.1,USA,Chicago,1.9
0,0.14471588145634282,Do Not Intervene,2677.28,France,Nice,0.4
1,0.7335242887954415,Trigger Retention Campaign (15% Discount),1794.33,USA,New York,1.8
0,0.270276935482179,Do Not Intervene,1462.23,UK,Leeds,2.3
0,0.30839998088446857,Trigger Retention Campaign (15% Discount),642.65,USA,Los Angeles,3.2
0,0.14125742565867155,Do Not Intervene,1817.28,USA,Los Angeles,2.7
1,0.21519325143662013,Do Not Intervene,820.35,Canada,Toronto,1.5
0,0.11340039120088351,Do Not Intervene,1265.72,USA,Houston,1.9
1,0.10894121611970693,Do Not Intervene,2374.09,India,Hyderabad,1.2
0,0.27478464893516724,Do Not Intervene,1436.56,USA,Phoenix,3.2
0,0.1442112246666729,Do Not Intervene,1528.74,UK,Manchester,2.1
1,0.30111378534701594,Trigger Retention Campaign (15% Discount),1967.37,Australia,Adelaide,3.1
0,0.1629793730921846,Do Not Intervene,4011.16,Australia,Sydney,6.6
0,0.19256041587541706,Do Not Intervene,1055.12,USA,Phoenix,2.8
0,0.23527129965012564,Do Not Intervene,1668.86,Germany,Berlin,3.9
1,0.8130483667000022,Trigger Retention Campaign (15% Discount),1518.21,UK,London,5.0
0,0.3303825785072905,Trigger Retention Campaign (15% Discount),1526.7,Germany,Frankfurt,4.8
1,0.40293192114473775,Trigger Retention Campaign (15% Discount),574.06,Australia,Adelaide,3.2
0,0.12360833302800556,Do Not Intervene,1223.42,Canada,Toronto,3.5
0,0.12583125110373275,Do Not Intervene,1686.78,Germany,Hamburg,1.9
0,0.14484179330566999,Do Not Intervene,1195.87,Canada,Vancouver,6.5
0,0.2916658657766482,Trigger Retention Campaign (15% Discount),763.84,USA,Houston,2.8
1,0.9474916906054888,Trigger Retention Campaign (15% Discount),2772.74,France,Lyon,3.8
1,0.6704895919285747,Trigger Retention Campaign (15% Discount),2830.58,USA,Chicago,1.9
0,0.09362363414651284,Do Not Intervene,1084.19,UK,Birmingham,2.4
1,0.8786650659691999,Trigger Retention Campaign (15% Discount),3831.27,Japan,Nagoya,0.6
0,0.09385316123247499,Do Not Intervene,1129.09,Germany,Berlin,5.1
0,0.1583254098668892,Do Not Intervene,1634.98,France,Marseille,3.2
0,0.09063832894870597,Do Not Intervene,2196.98,France,Marseille,4.7
1,0.7866926494956953,Trigger Retention Campaign (15% Discount),648.51,USA,Los Angeles,1.0
0,0.22552541123207626,Do Not Intervene,1112.66,Germany,Cologne,1.9
1,0.7720812050201719,Trigger Retention Campaign (15% Discount),1007.04,France,Toulouse,2.5
0,0.12235232834221577,Do Not Intervene,2502.81,France,Nice,2.5
0,0.13778767132728098,Do Not Intervene,1007.24,USA,Houston,1.3
0,0.14865759880872007,Do Not Intervene,1530.3,France,Toulouse,1.6
0,0.13492135656565732,Do Not Intervene,2497.39,Germany,Cologne,4.6
1,0.42170472584659613,Trigger Retention Campaign (15% Discount),804.75,UK,London,2.0
0,0.16416321564183697,Do Not Intervene,3192.5,Germany,Frankfurt,1.0
0,0.10915874188917218,Do Not Intervene,1794.12,Germany,Cologne,6.3
1,0.8959996726453409,Trigger Retention Campaign (15% Discount),3698.39,USA,Chicago,3.1
1,0.15079001529460417,Do Not Intervene,2950.33,USA,Chicago,1.9
0,0.11843673782145475,Do Not Intervene,2560.52,USA,Phoenix,4.9
0,0.12392539887858785,Do Not Intervene,1545.73,UK,London,4.9
0,0.13073404062448113,Do Not Intervene,512.99,USA,Houston,2.8
0,0.1041096413262644,Do Not Intervene,852.97,India,Chennai,4.6
1,0.8805469759060499,Trigger Retention Campaign (15% Discount),2079.24,Japan,Osaka,2.6
0,0.6539218716317972,Trigger Retention Campaign (15% Discount),1873.77,UK,Leeds,4.5
0,0.09043345523806316,Do Not Intervene,1596.97,USA,Houston,5.2
1,0.5847201139623955,Trigger Retention Campaign (15% Discount),443.28,Germany,Cologne,10.0
0,0.1523993782486056,Do Not Intervene,1803.13,USA,Chicago,1.8
0,0.10262910702933112,Do Not Intervene,732.47,UK,Glasgow,6.0
1,0.8396615420136736,Trigger Retention Campaign (15% Discount),1282.18,USA,Chicago,2.8
0,0.0723328379413436,Do Not Intervene,869.07,USA,New York,1.3
0,0.1464227187048812,Do Not Intervene,4059.46,France,Paris,2.7
0,0.27800478874127327,Do Not Intervene,757.19,Canada,Toronto,2.8
0,0.17800179793730014,Do Not Intervene,2390.75,USA,Houston,8.1
0,0.12531098611799116,Do Not Intervene,1113.66,Canada,Montreal,2.9
0,0.18404823653312427,Do Not Intervene,683.57,India,Chennai,4.5
1,0.7993287945827422,Trigger Retention Campaign (15% Discount),1556.66,India,Delhi,1.0
0,0.12524981193341567,Do Not Intervene,2633.2,France,Toulouse,2.3
1,0.7752810211898792,Trigger Retention Campaign (15% Discount),2141.85,India,Delhi,1.7
0,0.09884347757912504,Do Not Intervene,1642.63,India,Bangalore,1.5
0,0.6291887911425603,Trigger Retention Campaign (15% Discount),317.55,Australia,Adelaide,2.1
1,0.9318824196657414,Trigger Retention Campaign (15% Discount),3841.7,USA,New York,1.1
0,0.09675540863170007,Do Not Intervene,1256.49,Germany,Cologne,3.7
0,0.23260987291288035,Do Not Intervene,1633.03,Germany,Frankfurt,2.6
0,0.13917742873713232,Do Not Intervene,1662.86,USA,Chicago,2.1
1,0.7069525270810813,Trigger Retention Campaign (15% Discount),1964.89,USA,New York,2.5
0,0.08322554547610597,Do Not Intervene,1106.46,USA,Houston,5.6
0,0.13802825446920486,Do Not Intervene,1155.39,UK,Birmingham,0.6
0,0.17861883357801048,Do Not Intervene,581.82,UK,Glasgow,2.6
1,0.7020961308521629,Trigger Retention Campaign (15% Discount),1703.97,Canada,Ottawa,1.8
0,0.42015172061831974,Trigger Retention Campaign (15% Discount),726.18,India,Delhi,2.3
1,0.7077632973180213,Trigger Retention Campaign (15% Discount),823.44,UK,Glasgow,2.7
1,0.9076635881386105,Trigger Retention Campaign (15% Discount),191.7,USA,Houston,1.6
0,0.11728806202598988,Do Not Intervene,2370.23,Germany,Hamburg,0.5
0,0.13231096206766926,Do Not Intervene,816.7,USA,Houston,2.5
0,0.25241934247052517,Do Not Intervene,233.37,USA,Los Angeles,3.2
0,0.11476095609620533,Do Not Intervene,2247.08,Germany,Berlin,0.3
0,0.2072207085848721,Do Not Intervene,882.69,USA,Phoenix,3.0
0,0.1441460932573128,Do Not Intervene,637.05,USA,New York,1.0
0,0.11540128505883103,Do Not Intervene,1086.94,USA,Chicago,1.1
0,0.17387532009096313,Do Not Intervene,1772.77,USA,Chicago,5.1
1,0.7385272734591106,Trigger Retention Campaign (15% Discount),825.68,Canada,Calgary,8.7
0,0.1364881069807802,Do Not Intervene,2839.34,USA,New York,2.1
1,0.12957433468488397,Do Not Intervene,686.13,Australia,Adelaide,3.6
1,0.8055552787940147,Trigger Retention Campaign (15% Discount),751.64,Germany,Berlin,3.2
0,0.14155629285646723,Do Not Intervene,1448.1,France,Marseille,9.9
0,0.16827496369130465,Do Not Intervene,989.25,Germany,Hamburg,1.4
1,0.6588700387308646,Trigger Retention Campaign (15% Discount),305.49,UK,Glasgow,5.7
0,0.1707730411906761,Do Not Intervene,887.46,UK,London,0.4
0,0.11060808367674742,Do Not Intervene,874.29,USA,Houston,3.3
0,0.4192090441054412,Trigger Retention Campaign (15% Discount),513.82,Australia,Sydney,7.9
0,0.09065925937066643,Do Not Intervene,753.96,Australia,Perth,2.7
1,0.8509406276511977,Trigger Retention Campaign (15% Discount),3528.26,Canada,Montreal,3.5
0,0.1110911390933615,Do Not Intervene,1137.58,Australia,Perth,7.0
0,0.08432401919935673,Do Not Intervene,1200.62,France,Lyon,1.5
0,0.09158064670678921,Do Not Intervene,1606.24,UK,Manchester,2.7
0,0.4889168745771801,Trigger Retention Campaign (15% Discount),625.93,USA,Chicago,0.2
1,0.713379940664978,Trigger Retention Campaign (15% Discount),1933.89,UK,Birmingham,1.6
1,0.8925795334431333,Trigger Retention Campaign (15% Discount),286.82,UK,Leeds,6.9
0,0.40808753715835344,Trigger Retention Campaign (15% Discount),525.21,USA,Chicago,1.5
0,0.4206611881869513,Trigger Retention Campaign (15% Discount),326.06,Australia,Brisbane,1.9
0,0.1840375894311044,Do Not Intervene,309.43,USA,Los Angeles,4.3
1,0.8767366485151465,Trigger Retention Campaign (15% Discount),1965.95,USA,Phoenix,0.5
1,0.3749926100376416,Trigger Retention Campaign (15% Discount),1069.19,UK,Leeds,1.4
0,0.19120683578256933,Do Not Intervene,1247.25,USA,New York,3.1
1,0.6522932932790496,Trigger Retention Campaign (15% Discount),656.84,UK,Manchester,2.1
0,0.18055759459029738,Do Not Intervene,1652.08,USA,Los Angeles,0.3
1,0.5822857993548819,Trigger Retention Campaign (15% Discount),270.86,Australia,Perth,6.3
0,0.26107571950399977,Do Not Intervene,1016.44,Germany,Cologne,7.5
0,0.09467850600799627,Do Not Intervene,1396.96,USA,Houston,0.7
1,0.9511839153402157,Trigger Retention Campaign (15% Discount),2310.69,USA,Chicago,2.1
0,0.31500436753642613,Trigger Retention Campaign (15% Discount),605.0,USA,New York,1.8
0,0.14473883823641612,Do Not Intervene,1903.05,USA,Phoenix,2.6
0,0.22475579500989334,Do Not Intervene,873.68,Japan,Tokyo,4.3
1,0.6976183737342455,Trigger Retention Campaign (15% Discount),830.7,USA,New York,4.7
0,0.2693646424165855,Do Not Intervene,1338.72,France,Toulouse,4.9
0,0.1927003547544154,Do Not Intervene,2018.86,Germany,Munich,3.5
0,0.08473833323475376,Do Not Intervene,1037.01,India,Chennai,1.3
0,0.4304890046180433,Trigger Retention Campaign (15% Discount),427.28,USA,Phoenix,2.5
0,0.2665079659121906,Do Not Intervene,1541.0,France,Paris,2.4
0,0.11121726676833923,Do Not Intervene,527.84,India,Hyderabad,2.7
0,0.14651432414385734,Do Not Intervene,2344.99,USA,Phoenix,3.7
0,0.08278321578594251,Do Not Intervene,1191.96,Japan,Tokyo,1.5
0,0.2001902311213517,Do Not Intervene,889.19,USA,Los Angeles,1.2
0,0.4227831090453742,Trigger Retention Campaign (15% Discount),498.1,UK,London,0.9
0,0.2018783584781866,Do Not Intervene,4070.36,India,Delhi,0.7
1,0.6517843886753008,Trigger Retention Campaign (15% Discount),327.6,USA,Phoenix,4.2
0,0.10448150662292695,Do Not Intervene,746.36,UK,Leeds,2.3
0,0.11074655790392851,Do Not Intervene,1274.82,Japan,Tokyo,2.8
0,0.11274469164004115,Do Not Intervene,957.76,UK,Leeds,1.5
1,0.8168198652628382,Trigger Retention Campaign (15% Discount),524.96,USA,Phoenix,7.9
0,0.11214705776765264,Do Not Intervene,975.42,UK,London,3.4
1,0.8806704335208261,Trigger Retention Campaign (15% Discount),1258.62,India,Mumbai,1.8
1,0.9067957655313027,Trigger Retention Campaign (15% Discount),3295.14,Japan,Osaka,2.6
1,0.4924209739824971,Trigger Retention Campaign (15% Discount),360.92,USA,Houston,1.6
0,0.1772495508599163,Do Not Intervene,645.41,Canada,Ottawa,0.5
1,0.84738704740395,Trigger Retention Campaign (15% Discount),1845.89,Australia,Adelaide,1.2
0,0.24808181380226238,Do Not Intervene,1280.56,Canada,Vancouver,2.1
1,0.38720524135033524,Trigger Retention Campaign (15% Discount),731.27,UK,Leeds,4.4
1,0.14801773851989533,Do Not Intervene,1843.07,UK,Manchester,7.6
0,0.3457822052584049,Trigger Retention Campaign (15% Discount),988.83,India,Hyderabad,3.5
1,0.6687051057338629,Trigger Retention Campaign (15% Discount),819.37,USA,Houston,1.9
0,0.16078764090595177,Do Not Intervene,1011.9,USA,New York,2.7
0,0.13857767510759178,Do Not Intervene,3104.54,Germany,Frankfurt,1.5
1,0.9220563771576645,Trigger Retention Campaign (15% Discount),2312.34,USA,New York,1.6
1,0.5616068951264763,Trigger Retention Campaign (15% Discount),1266.23,India,Chennai,2.1
1,0.9060597446731503,Trigger Retention Campaign (15% Discount),2598.42,USA,Houston,2.3
1,0.916887397626798,Trigger Retention Campaign (15% Discount),2211.41,Canada,Toronto,1.8
0,0.10051692262642799,Do Not Intervene,1086.58,USA,New York,0.3
0,0.09550066388275383,Do Not Intervene,1039.5,UK,Birmingham,0.2
0,0.10617236118378184,Do Not Intervene,1462.6,Australia,Brisbane,2.7
0,0.2785888980714207,Do Not Intervene,1575.03,USA,Chicago,2.9
0,0.21117265086502252,Do Not Intervene,1356.83,USA,New York,4.8
0,0.19550468881391855,Do Not Intervene,712.12,UK,Manchester,1.9
0,0.22059824752475343,Do Not Intervene,444.1,Germany,Cologne,5.2
0,0.4016857503481305,Trigger Retention Campaign (15% Discount),1247.63,France,Paris,6.3
1,0.10463119135920698,Do Not Intervene,989.03,France,Nice,7.3
0,0.1914742312721736,Do Not Intervene,944.54,Germany,Hamburg,2.6
0,0.10937112387982967,Do Not Intervene,1484.08,Canada,Ottawa,3.6
1,0.102053461690696,Do Not Intervene,953.55,India,Chennai,4.3
1,0.38699677779831826,Trigger Retention Campaign (15% Discount),1188.04,USA,New York,3.5
1,0.9133070636142837,Trigger Retention Campaign (15% Discount),464.17,Australia,Adelaide,3.3
0,0.05989434748535892,Do Not Intervene,1023.94,USA,Houston,0.5
1,0.7734727520947798,Trigger Retention Campaign (15% Discount),495.5,USA,Los Angeles,5.2
0,0.12421662937247006,Do Not Intervene,3063.29,India,Bangalore,1.2
0,0.21953788469872862,Do Not Intervene,1549.61,USA,Chicago,0.7
1,0.9699811076925342,Trigger Retention Campaign (15% Discount),172.33,Australia,Perth,2.8
1,0.8993732895628486,Trigger Retention Campaign (15% Discount),2730.16,Australia,Brisbane,2.1
1,0.4106252573414865,Trigger Retention Campaign (15% Discount),429.68,UK,Manchester,0.1
1,0.8291882515351038,Trigger Retention Campaign (15% Discount),1929.61,USA,Chicago,0.7
1,0.9179970784262679,Trigger Retention Campaign (15% Discount),1935.41,USA,Houston,3.5
1,0.6836023837608813,Trigger Retention Campaign (15% Discount),1711.01,USA,Chicago,0.8
1,0.9174624082993644,Trigger Retention Campaign (15% Discount),211.89,USA,Los Angeles,1.2
0,0.18131666074189035,Do Not Intervene,1281.98,USA,Los Angeles,4.8
0,0.13968139913273453,Do Not Intervene,1653.85,Canada,Vancouver,3.6
0,0.1365733215981266,Do Not Intervene,3271.21,USA,Houston,1.6
0,0.16246435230783707,Do Not Intervene,2219.84,Canada,Vancouver,1.4
1,0.821861242862878,Trigger Retention Campaign (15% Discount),3555.52,UK,Manchester,1.2
1,0.9239308153952114,Trigger Retention Campaign (15% Discount),1894.12,USA,Houston,3.2
0,0.3692614973990265,Trigger Retention Campaign (15% Discount),930.8,UK,Birmingham,1.1
1,0.776278150184354,Trigger Retention Campaign (15% Discount),2011.53,Canada,Ottawa,10.0
0,0.13345537877243882,Do Not Intervene,2143.79,Canada,Ottawa,2.4
0,0.09787619128098284,Do Not Intervene,949.63,France,Marseille,2.4
0,0.11822645862748189,Do Not Intervene,1708.73,Canada,Toronto,4.4
0,0.17514304180148177,Do Not Intervene,1071.02,Japan,Tokyo,2.0
0,0.08456674392740897,Do Not Intervene,2113.28,France,Nice,3.9
1,0.7288783745150288,Trigger Retention Campaign (15% Discount),428.71,UK,Glasgow,2.3
0,0.09991549924342795,Do Not Intervene,671.39,India,Delhi,0.4
1,0.9405928100647926,Trigger Retention Campaign (15% Discount),2163.28,India,Chennai,1.4
0,0.3270070824890163,Trigger Retention Campaign (15% Discount),762.39,USA,New York,1.1
0,0.12429479844990561,Do Not Intervene,1931.36,USA,New York,5.4
1,0.9059388705496444,Trigger Retention Campaign (15% Discount),389.99,UK,Leeds,2.8
1,0.15520269144296414,Do Not Intervene,1564.87,USA,Chicago,2.5
1,0.7593598540554483,Trigger Retention Campaign (15% Discount),2019.86,Australia,Sydney,0.9
1,0.6326234478988747,Trigger Retention Campaign (15% Discount),528.16,USA,New York,3.8
0,0.13420801534357307,Do Not Intervene,2274.43,Germany,Munich,3.8
0,0.2590573001710998,Do Not Intervene,1128.49,USA,Los Angeles,5.1
0,0.14133048128639059,Do Not Intervene,676.46,UK,Leeds,4.1
0,0.10335279411099849,Do Not Intervene,2437.47,USA,Chicago,3.0
0,0.16170030364910037,Do Not Intervene,1586.38,Canada,Vancouver,7.3
0,0.2405578578541667,Do Not Intervene,5469.1,Germany,Hamburg,2.0
0,0.18757304590318863,Do Not Intervene,1019.97,USA,Houston,4.9
0,0.1066954353934298,Do Not Intervene,1271.69,India,Mumbai,3.4
0,0.3792996021377182,Trigger Retention Campaign (15% Discount),1088.61,USA,Los Angeles,1.0
0,0.44342320871494356,Trigger Retention Campaign (15% Discount),919.96,USA,New York,1.8
1,0.7118432209704639,Trigger Retention Campaign (15% Discount),808.98,UK,Manchester,4.8
0,0.0985463174932572,Do Not Intervene,1738.62,France,Marseille,3.0
0,0.0897884270580395,Do Not Intervene,1440.72,USA,Chicago,3.0
1,0.9322048469346109,Trigger Retention Campaign (15% Discount),3069.79,USA,New York,3.9
0,0.7150089125340621,Trigger Retention Campaign (15% Discount),627.93,India,Bangalore,3.3
0,0.38006452410176084,Trigger Retention Campaign (15% Discount),441.78,France,Lyon,1.2
0,0.08809327806619606,Do Not Intervene,1619.91,India,Mumbai,0.9
0,0.12234260186401937,Do Not Intervene,921.69,Canada,Toronto,1.6
0,0.09229538458198372,Do Not Intervene,1235.83,Canada,Calgary,3.8
0,0.12262738253389863,Do Not Intervene,2347.12,USA,Los Angeles,2.2
0,0.0970006445718357,Do Not Intervene,1196.66,UK,Birmingham,1.8
0,0.17181835787223068,Do Not Intervene,2377.97,USA,Chicago,4.4
0,0.22528274781937796,Do Not Intervene,2816.93,India,Mumbai,1.8
1,0.8793952186639905,Trigger Retention Campaign (15% Discount),3586.79,USA,Phoenix,1.1
1,0.9135779625354539,Trigger Retention Campaign (15% Discount),3306.57,USA,Houston,4.7
0,0.4646323426870758,Trigger Retention Campaign (15% Discount),611.42,Australia,Adelaide,1.9
0,0.12428907381847648,Do Not Intervene,667.5,Australia,Adelaide,0.8
0,0.08206063185734443,Do Not Intervene,592.22,USA,New York,3.3
0,0.12611096331585792,Do Not Intervene,2900.18,UK,Glasgow,6.8
0,0.07809157786762136,Do Not Intervene,766.02,France,Nice,1.1
1,0.3227535198604692,Trigger Retention Campaign (15% Discount),688.99,USA,Chicago,4.4
0,0.1750425345934005,Do Not Intervene,1256.5,Japan,Osaka,0.7
0,0.3776307383298107,Trigger Retention Campaign (15% Discount),1595.84,France,Toulouse,7.5
0,0.11244314789347883,Do Not Intervene,1682.95,France,Lyon,1.4
0,0.14034783674245196,Do Not Intervene,3421.61,India,Bangalore,1.2
0,0.16509328545804214,Do Not Intervene,1914.15,USA,Houston,0.6
1,0.5814178615982654,Trigger Retention Campaign (15% Discount),157.74,India,Hyderabad,1.4
1,0.12114638287692117,Do Not Intervene,6329.86,India,Mumbai,4.5
0,0.30719278030795566,Trigger Retention Campaign (15% Discount),1155.27,USA,Los Angeles,2.5
0,0.17451716138556933,Do Not Intervene,727.91,USA,Houston,5.7
0,0.1086963885110884,Do Not Intervene,895.39,Canada,Toronto,3.9
1,0.9107958088391692,Trigger Retention Campaign (15% Discount),3470.03,France,Paris,1.8
0,0.08880574358327299,Do Not Intervene,1853.52,UK,Birmingham,2.5
0,0.09719343264039158,Do Not Intervene,1026.09,Australia,Perth,1.4
0,0.18624605486799553,Do Not Intervene,2142.58,Germany,Munich,5.4
1,0.8349137037421605,Trigger Retention Campaign (15% Discount),747.89,Japan,Tokyo,1.4
0,0.10802371928255888,Do Not Intervene,710.97,Germany,Munich,5.6
0,0.7273171452015659,Trigger Retention Campaign (15% Discount),296.14,Canada,Ottawa,0.7
0,0.09760614274428692,Do Not Intervene,1447.9,USA,Chicago,1.0
0,0.2626058838474237,Do Not Intervene,1117.4,UK,Birmingham,0.7
0,0.14428967403067733,Do Not Intervene,2835.91,USA,New York,0.7
0,0.21898950872082854,Do Not Intervene,2007.51,USA,New York,2.6
1,0.8060449410043585,Trigger Retention Campaign (15% Discount),3119.37,Japan,Tokyo,2.2
1,0.6407613450921906,Trigger Retention Campaign (15% Discount),848.88,USA,Houston,3.3
0,0.10600110474440935,Do Not Intervene,1002.61,USA,Chicago,6.0
0,0.10672598224758063,Do Not Intervene,1167.77,Canada,Montreal,4.0
0,0.15990420483776493,Do Not Intervene,2360.13,USA,Phoenix,7.6
1,0.7776324344635343,Trigger Retention Campaign (15% Discount),1574.14,UK,Manchester,2.5
0,0.8106383058688543,Trigger Retention Campaign (15% Discount),1297.0,Canada,Calgary,4.2
0,0.16776880577514966,Do Not Intervene,671.77,UK,Manchester,2.9
0,0.2129995182803325,Do Not Intervene,825.49,UK,Birmingham,4.8
0,0.10590813458207154,Do Not Intervene,1362.59,Australia,Melbourne,1.0
0,0.3907815998132703,Trigger Retention Campaign (15% Discount),739.31,Japan,Nagoya,2.6
0,0.1690210399210342,Do Not Intervene,1268.89,USA,New York,1.6
1,0.8047591117846654,Trigger Retention Campaign (15% Discount),2139.42,USA,New York,4.2
0,0.10269203900429433,Do Not Intervene,2866.51,USA,New York,1.0
0,0.16095203714601652,Do Not Intervene,2104.4,Canada,Toronto,6.5
0,0.22974185701207325,Do Not Intervene,748.47,UK,London,4.2
0,0.10482554638760046,Do Not Intervene,1273.87,India,Chennai,5.1
1,0.5807397565360066,Trigger Retention Campaign (15% Discount),1097.12,Germany,Cologne,9.1
1,0.921672704250283,Trigger Retention Campaign (15% Discount),3487.08,India,Delhi,1.5
1,0.7680861215275199,Trigger Retention Campaign (15% Discount),1526.54,Canada,Calgary,2.5
0,0.327000804002935,Trigger Retention Campaign (15% Discount),1161.32,Canada,Montreal,6.5
1,0.9280416542350703,Trigger Retention Campaign (15% Discount),2911.19,Canada,Toronto,1.7
1,0.19945871334645965,Do Not Intervene,2641.88,Germany,Frankfurt,5.5
1,0.8282644564883487,Trigger Retention Campaign (15% Discount),2022.14,USA,Phoenix,1.0
0,0.14530456479367923,Do Not Intervene,1690.1,Canada,Calgary,1.2
1,0.42966104833338536,Trigger Retention Campaign (15% Discount),1044.55,USA,Houston,2.1
0,0.2797817829166917,Trigger Retention Campaign (15% Discount),836.14,Germany,Munich,3.7
1,0.7601410435181627,Trigger Retention Campaign (15% Discount),1304.03,USA,Los Angeles,5.2
1,0.7814491305939235,Trigger Retention Campaign (15% Discount),1142.67,Canada,Toronto,1.6
0,0.25331427247476557,Do Not Intervene,1869.94,USA,Houston,2.1
0,0.09352164881998912,Do Not Intervene,1789.07,USA,Houston,1.5
0,0.3556418559028473,Trigger Retention Campaign (15% Discount),1514.0,Germany,Frankfurt,1.8
1,0.22290293403626416,Do Not Intervene,1408.44,UK,Glasgow,4.3
0,0.09171640657001724,Do Not Intervene,923.31,USA,Phoenix,4.3
0,0.11202920970874596,Do Not Intervene,2375.51,Germany,Berlin,4.5
0,0.1415741167985257,Do Not Intervene,2249.58,USA,Houston,5.9
0,0.1331428474273385,Do Not Intervene,2267.17,USA,New York,10.0
0,0.18767401773054293,Do Not Intervene,1977.89,India,Chennai,2.8
1,0.8656640954886133,Trigger Retention Campaign (15% Discount),2248.45,USA,Los Angeles,2.6
0,0.168695306536936,Do Not Intervene,465.37,Canada,Vancouver,3.7
0,0.3793277217099791,Trigger Retention Campaign (15% Discount),1081.44,France,Nice,2.1
0,0.24222028144256336,Do Not Intervene,795.22,UK,Manchester,2.4
0,0.1412579207702401,Do Not Intervene,1232.04,USA,Chicago,1.6
0,0.37546637029931645,Trigger Retention Campaign (15% Discount),1371.44,Japan,Tokyo,3.5
1,0.948475835566839,Trigger Retention Campaign (15% Discount),2432.99,USA,New York,6.8
1,0.869184934668916,Trigger Retention Campaign (15% Discount),342.07,USA,Los Angeles,7.4
0,0.19780526193599296,Do Not Intervene,661.52,UK,London,4.4
0,0.10954258166052461,Do Not Intervene,979.66,Canada,Montreal,5.3
0,0.08702839035383034,Do Not Intervene,1002.85,USA,Chicago,1.9
0,0.2963894098660719,Trigger Retention Campaign (15% Discount),959.71,Germany,Hamburg,4.3
0,0.13728658409869582,Do Not Intervene,3155.43,France,Paris,1.0
1,0.518676020042326,Trigger Retention Campaign (15% Discount),886.85,USA,Houston,1.6
0,0.1424316665464573,Do Not Intervene,1602.08,USA,Chicago,1.4
1,0.9285606846423532,Trigger Retention Campaign (15% Discount),2843.91,UK,London,2.6
0,0.16428310219042072,Do Not Intervene,1849.12,USA,Los Angeles,3.8
1,0.6075620615143483,Trigger Retention Campaign (15% Discount),1549.65,India,Bangalore,2.7
0,0.2770442250757041,Do Not Intervene,766.0,USA,Houston,2.0
0,0.16167941156111149,Do Not Intervene,1341.96,UK,Leeds,6.2
0,0.11202193842468472,Do Not Intervene,708.43,Germany,Munich,5.7
1,0.9005745105216747,Trigger Retention Campaign (15% Discount),4134.7,USA,Chicago,5.8
0,0.14482876128107536,Do Not Intervene,4219.88,Germany,Berlin,0.5
0,0.08561075380059208,Do Not Intervene,1619.61,India,Delhi,4.5
0,0.1083300491665184,Do Not Intervene,1372.42,Canada,Vancouver,3.4
0,0.16191288530365458,Do Not Intervene,2191.62,France,Toulouse,2.3
0,0.1679181309164047,Do Not Intervene,2204.89,India,Delhi,5.1
1,0.7781118174085124,Trigger Retention Campaign (15% Discount),3759.67,Japan,Yokohama,1.3
0,0.12187054369855826,Do Not Intervene,4172.22,USA,Los Angeles,1.8
0,0.11868254465232422,Do Not Intervene,1186.72,Canada,Vancouver,0.6
0,0.1154569669220625,Do Not Intervene,1668.88,Germany,Cologne,4.1
0,0.21432000299848994,Do Not Intervene,899.04,India,Hyderabad,1.6
1,0.952192827262936,Trigger Retention Campaign (15% Discount),1210.36,USA,Chicago,3.5
0,0.23755396662947426,Do Not Intervene,1579.77,India,Delhi,1.8
1,0.826047776576644,Trigger Retention Campaign (15% Discount),1884.72,USA,Los Angeles,3.0
0,0.14680415924403614,Do Not Intervene,3026.02,India,Mumbai,1.4
0,0.5251629138039691,Trigger Retention Campaign (15% Discount),772.55,Germany,Cologne,1.3
0,0.28566773979482146,Trigger Retention Campaign (15% Discount),1557.93,USA,Chicago,8.5
1,0.1523196316247427,Do Not Intervene,813.22,Germany,Berlin,2.6
0,0.17167028177578023,Do Not Intervene,1470.41,USA,Chicago,0.6
0,0.17840118374366992,Do Not Intervene,3071.8,USA,New York,6.1
0,0.15466566838323398,Do Not Intervene,1662.27,USA,New York,3.8
0,0.17700901980818626,Do Not Intervene,1495.46,Australia,Adelaide,4.6
0,0.08224939618454327,Do Not Intervene,653.14,UK,London,1.1
0,0.1851630070375732,Do Not Intervene,1772.7,USA,Los Angeles,1.5
0,0.16643124064834694,Do Not Intervene,2120.51,UK,London,3.5
0,0.17239465994278166,Do Not Intervene,778.69,Germany,Frankfurt,1.5
0,0.13463032421658108,Do Not Intervene,2960.73,USA,New York,1.5
0,0.3897848896522956,Trigger Retention Campaign (15% Discount),600.64,USA,Houston,1.0
0,0.08452711347421944,Do Not Intervene,3045.57,France,Marseille,2.3
1,0.7729626014772765,Trigger Retention Campaign (15% Discount),1097.27,Germany,Munich,0.5
0,0.33651314055770476,Trigger Retention Campaign (15% Discount),709.81,Germany,Hamburg,4.6
0,0.566855852001314,Trigger Retention Campaign (15% Discount),343.38,USA,Chicago,2.0
0,0.10204045205727712,Do Not Intervene,978.09,India,Mumbai,1.1
1,0.9199099700482084,Trigger Retention Campaign (15% Discount),326.26,France,Toulouse,2.0
1,0.8132106625957732,Trigger Retention Campaign (15% Discount),528.02,Canada,Calgary,3.4
1,0.8544204142679374,Trigger Retention Campaign (15% Discount),2466.14,Canada,Ottawa,6.0
0,0.2069304163564019,Do Not Intervene,749.0,USA,Los Angeles,1.4
1,0.8551852424953517,Trigger Retention Campaign (15% Discount),1929.14,France,Toulouse,1.2
0,0.15861947570851448,Do Not Intervene,890.89,India,Chennai,1.0
0,0.33474483426979035,Trigger Retention Campaign (15% Discount),1048.7,Canada,Calgary,3.2
0,0.25682105951290035,Do Not Intervene,2718.08,Germany,Cologne,5.5
0,0.16388369341713419,Do Not Intervene,1711.65,UK,Manchester,5.8
0,0.2612939005746704,Do Not Intervene,1731.4,India,Chennai,0.5
0,0.24010422934958572,Do Not Intervene,2045.8,USA,Houston,3.2
1,0.7554126495533312,Trigger Retention Campaign (15% Discount),1054.47,Germany,Hamburg,3.9
0,0.2088954595275527,Do Not Intervene,644.99,USA,Phoenix,1.6
0,0.10795825042756586,Do Not Intervene,1084.39,USA,Los Angeles,2.7
0,0.1586450900410046,Do Not Intervene,1496.48,Canada,Calgary,2.0
0,0.14147604421482385,Do Not Intervene,3560.17,Canada,Ottawa,1.2
0,0.3061488720377314,Trigger Retention Campaign (15% Discount),653.59,USA,New York,4.8
0,0.09944651333476667,Do Not Intervene,1143.86,USA,Chicago,1.4
1,0.8979057959763572,Trigger Retention Campaign (15% Discount),2627.32,India,Hyderabad,5.4
1,0.49927531776298884,Trigger Retention Campaign (15% Discount),721.98,USA,Phoenix,0.9
1,0.9263165208501597,Trigger Retention Campaign (15% Discount),3267.99,India,Mumbai,1.4
1,0.7808710551850427,Trigger Retention Campaign (15% Discount),1860.77,UK,Manchester,0.7
0,0.13178442121033146,Do Not Intervene,1754.27,USA,Chicago,1.0
0,0.23526375490368115,Do Not Intervene,486.75,India,Hyderabad,3.3
0,0.1355828721472504,Do Not Intervene,1199.36,Japan,Tokyo,0.8
0,0.16400614372596928,Do Not Intervene,1359.6,USA,Chicago,5.9
1,0.8977057347161066,Trigger Retention Campaign (15% Discount),2387.1,USA,Houston,1.2
1,0.11937789380929202,Do Not Intervene,981.34,USA,Phoenix,3.7
0,0.10514080848602882,Do Not Intervene,1008.47,Australia,Brisbane,1.4
1,0.9058151270256286,Trigger Retention Campaign (15% Discount),2483.43,Germany,Cologne,0.8
1,0.9307037898457915,Trigger Retention Campaign (15% Discount),2941.69,USA,Chicago,2.4
0,0.32484141223210267,Trigger Retention Campaign (15% Discount),774.26,USA,New York,2.9
0,0.1723176892151351,Do Not Intervene,1709.7,Germany,Cologne,5.5
1,0.27765818985878266,Do Not Intervene,1255.54,Canada,Toronto,1.4
0,0.1014588498394159,Do Not Intervene,3502.24,Canada,Vancouver,2.9
0,0.09671371785553949,Do Not Intervene,2343.47,USA,Houston,6.8
0,0.40093894302780714,Trigger Retention Campaign (15% Discount),1125.42,USA,Los Angeles,2.5
0,0.34337436368801105,Trigger Retention Campaign (15% Discount),760.05,UK,Leeds,1.8
0,0.13109196919535537,Do Not Intervene,1862.3,USA,Phoenix,5.2
1,0.9201239691751488,Trigger Retention Campaign (15% Discount),2441.63,Japan,Osaka,2.6
1,0.5116825621065183,Trigger Retention Campaign (15% Discount),1448.84,USA,Los Angeles,2.0
0,0.1846640472280633,Do Not Intervene,302.52,Australia,Brisbane,0.1
0,0.2822512760578985,Trigger Retention Campaign (15% Discount),668.95,France,Toulouse,0.6
0,0.2751721617115825,Do Not Intervene,653.71,Japan,Tokyo,1.9
0,0.15276773558265713,Do Not Intervene,2165.77,Australia,Sydney,3.0
1,0.7352093284618628,Trigger Retention Campaign (15% Discount),720.77,USA,New York,2.3
0,0.14492370764479512,Do Not Intervene,3957.11,Canada,Vancouver,1.3
0,0.08845747356513395,Do Not Intervene,1071.35,France,Paris,3.5
0,0.12405439945938078,Do Not Intervene,981.54,USA,Chicago,1.9
0,0.07963991939036794,Do Not Intervene,1543.0,UK,Manchester,1.1
1,0.8060608983035658,Trigger Retention Campaign (15% Discount),911.65,India,Hyderabad,0.9
0,0.09770765208533572,Do Not Intervene,1550.57,USA,New York,5.2
0,0.27034676384726675,Do Not Intervene,580.11,USA,Houston,2.4
0,0.10374372768606537,Do Not Intervene,1248.14,Japan,Yokohama,0.6
0,0.2545421455157981,Do Not Intervene,6381.99,Germany,Cologne,1.9
1,0.7739304538344962,Trigger Retention Campaign (15% Discount),1674.66,USA,Los Angeles,2.6
0,0.24378237732317876,Do Not Intervene,471.62,Canada,Calgary,3.4
0,0.1508853044691955,Do Not Intervene,1238.18,USA,Chicago,2.6
0,0.1288228530960446,Do Not Intervene,1290.87,Germany,Berlin,1.4
1,0.899271048475436,Trigger Retention Campaign (15% Discount),1988.09,France,Toulouse,1.6
0,0.5907466362013322,Trigger Retention Campaign (15% Discount),289.67,Japan,Tokyo,2.2
0,0.3856847692039189,Trigger Retention Campaign (15% Discount),1178.91,Japan,Yokohama,3.0
0,0.12778732947034072,Do Not Intervene,753.08,USA,Houston,0.9
0,0.1366497710313812,Do Not Intervene,1347.43,USA,Phoenix,4.0
0,0.15129353096724027,Do Not Intervene,991.75,Japan,Osaka,2.9
0,0.11507342108773566,Do Not Intervene,411.8,France,Lyon,0.7
0,0.11595466401399941,Do Not Intervene,870.1,USA,Chicago,4.3
0,0.08875349348298427,Do Not Intervene,989.5,USA,Chicago,3.2
0,0.28886105429549697,Trigger Retention Campaign (15% Discount),513.75,India,Delhi,5.1
1,0.0900947882300099,Do Not Intervene,1250.91,USA,Los Angeles,2.8
0,0.32999637359600414,Trigger Retention Campaign (15% Discount),637.18,France,Paris,10.0
0,0.11521754461119142,Do Not Intervene,1011.16,USA,Los Angeles,10.0
1,0.21563292540601292,Do Not Intervene,419.8,USA,Phoenix,1.8
0,0.1496239188669625,Do Not Intervene,497.92,Canada,Vancouver,4.9
0,0.18064534389947107,Do Not Intervene,600.26,France,Marseille,4.7
0,0.16329570368004748,Do Not Intervene,2899.54,USA,Chicago,3.3
0,0.11576959114390775,Do Not Intervene,1023.6,USA,Los Angeles,1.9
0,0.16037827240069633,Do Not Intervene,4095.27,USA,New York,4.2
0,0.07907945306747002,Do Not Intervene,689.25,UK,Birmingham,1.5
0,0.13872248768524237,Do Not Intervene,1008.12,Australia,Perth,0.6
0,0.1268072469844573,Do Not Intervene,1539.48,UK,Leeds,2.9
1,0.8121751202404153,Trigger Retention Campaign (15% Discount),504.03,USA,Houston,3.7
0,0.09758347513298327,Do Not Intervene,1319.03,USA,New York,1.7
0,0.39210045465933474,Trigger Retention Campaign (15% Discount),338.86,UK,Birmingham,1.7
0,0.34208446806760834,Trigger Retention Campaign (15% Discount),1332.51,UK,Leeds,7.1
0,0.13484916711440864,Do Not Intervene,1533.8,Canada,Vancouver,8.9
0,0.2057935098324866,Do Not Intervene,913.62,USA,Chicago,4.2
0,0.25524990483315224,Do Not Intervene,718.12,UK,Birmingham,2.8
0,0.1263369471408088,Do Not Intervene,1448.79,Canada,Montreal,4.0
0,0.14676440231179425,Do Not Intervene,681.87,USA,Los Angeles,3.6
0,0.11038924042441213,Do Not Intervene,1118.52,USA,Phoenix,4.9
0,0.09605533695376747,Do Not Intervene,2633.54,UK,London,0.7
1,0.7853920780610317,Trigger Retention Campaign (15% Discount),179.66,Canada,Vancouver,0.6
1,0.889078288237866,Trigger Retention Campaign (15% Discount),2163.97,USA,Phoenix,2.9
0,0.08251726999215066,Do Not Intervene,1457.04,Canada,Vancouver,2.2
1,0.8300991949338195,Trigger Retention Campaign (15% Discount),1927.73,Germany,Cologne,1.2
1,0.9321572025888055,Trigger Retention Campaign (15% Discount),3079.12,UK,Birmingham,3.0
1,0.9604012071569196,Trigger Retention Campaign (15% Discount),477.82,Australia,Brisbane,1.8
0,0.18065190819692503,Do Not Intervene,2622.99,Germany,Cologne,2.8
0,0.10197437787276616,Do Not Intervene,1078.73,UK,Birmingham,5.8
0,0.12028310893298673,Do Not Intervene,1083.88,Canada,Ottawa,2.4
1,0.5106980779701866,Trigger Retention Campaign (15% Discount),419.0,Japan,Osaka,1.9
0,0.1688614899110917,Do Not Intervene,847.83,France,Nice,0.7
1,0.7632973471242208,Trigger Retention Campaign (15% Discount),1991.86,Germany,Munich,1.6
0,0.15572543376863876,Do Not Intervene,836.05,UK,Manchester,7.1
0,0.22075607382403917,Do Not Intervene,865.72,UK,Manchester,1.7
0,0.4265747699084191,Trigger Retention Campaign (15% Discount),602.35,Canada,Ottawa,6.0
0,0.1630174661273566,Do Not Intervene,1189.95,France,Toulouse,2.2
0,0.13256906247799796,Do Not Intervene,3287.63,USA,Los Angeles,0.9
0,0.15157787756669205,Do Not Intervene,1420.51,USA,Chicago,6.2
0,0.13011299528497283,Do Not Intervene,1005.41,Canada,Calgary,3.6
0,0.13842585714802808,Do Not Intervene,3456.23,UK,Manchester,5.2
0,0.3677329626716153,Trigger Retention Campaign (15% Discount),541.48,Germany,Hamburg,4.8
0,0.19542634356738262,Do Not Intervene,1196.01,Japan,Kyoto,1.5
0,0.10633510186458171,Do Not Intervene,605.44,Canada,Toronto,2.0
1,0.7414487105838797,Trigger Retention Campaign (15% Discount),313.27,Canada,Toronto,0.1
1,0.6194348209984374,Trigger Retention Campaign (15% Discount),297.27,Canada,Ottawa,2.9
0,0.10187370714165843,Do Not Intervene,1402.41,USA,Phoenix,4.5
0,0.3588740384117773,Trigger Retention Campaign (15% Discount),634.62,France,Nice,3.0
1,0.2935363168913678,Trigger Retention Campaign (15% Discount),452.02,USA,Phoenix,6.0
0,0.168876885619825,Do Not Intervene,2379.61,Germany,Hamburg,6.9
0,0.4039346095564123,Trigger Retention Campaign (15% Discount),667.4,UK,Birmingham,3.4
1,0.7363583094224393,Trigger Retention Campaign (15% Discount),1191.66,India,Hyderabad,1.4
0,0.40978686092983874,Trigger Retention Campaign (15% Discount),429.23,USA,Phoenix,2.3
0,0.08942661596225747,Do Not Intervene,1176.0,USA,Los Angeles,4.0
1,0.09840446262731727,Do Not Intervene,1363.55,Germany,Munich,5.0
0,0.16222446074061891,Do Not Intervene,2066.11,Canada,Vancouver,1.4
0,0.10550590615943334,Do Not Intervene,1034.71,UK,Glasgow,2.9
0,0.21788865974742325,Do Not Intervene,2095.61,USA,Phoenix,7.4
0,0.16039303780376918,Do Not Intervene,2059.61,Germany,Hamburg,4.6
1,0.552873085622625,Trigger Retention Campaign (15% Discount),1442.46,Japan,Tokyo,2.6
0,0.2550788041045107,Do Not Intervene,735.52,USA,Houston,3.7
1,0.7100757413942486,Trigger Retention Campaign (15% Discount),1519.59,USA,New York,0.2
0,0.3140637646583645,Trigger Retention Campaign (15% Discount),488.44,UK,Manchester,6.9
0,0.2581270044319359,Do Not Intervene,1494.04,India,Delhi,1.2
0,0.17010450774857372,Do Not Intervene,1028.89,USA,Los Angeles,4.9
0,0.14676714954770673,Do Not Intervene,750.49,Japan,Nagoya,1.0
1,0.785068426880922,Trigger Retention Campaign (15% Discount),1951.51,Australia,Adelaide,1.2
0,0.213825229490047,Do Not Intervene,1369.31,USA,Los Angeles,0.6
0,0.2068586826979252,Do Not Intervene,1258.07,UK,Manchester,10.0
0,0.14293250542247438,Do Not Intervene,3935.6,UK,Birmingham,6.4
0,0.40404664827103426,Trigger Retention Campaign (15% Discount),665.75,Canada,Vancouver,3.5
0,0.36441345362470434,Trigger Retention Campaign (15% Discount),884.05,USA,Houston,1.8
1,0.8123223565870318,Trigger Retention Campaign (15% Discount),461.31,France,Lyon,3.2
0,0.12386370397086885,Do Not Intervene,2580.38,UK,Manchester,1.5
0,0.1616078123444438,Do Not Intervene,2388.02,India,Delhi,4.2
1,0.7243332538915565,Trigger Retention Campaign (15% Discount),1901.4,USA,New York,3.7
1,0.26090287116666355,Do Not Intervene,754.84,USA,Houston,1.6
0,0.1261815786332692,Do Not Intervene,777.42,USA,Los Angeles,1.0
1,0.6841300196353918,Trigger Retention Campaign (15% Discount),1520.31,USA,Los Angeles,0.7
0,0.18400792452753365,Do Not Intervene,547.69,India,Bangalore,2.4
0,0.12377229485627807,Do Not Intervene,1933.63,Germany,Cologne,0.7
0,0.12652090607850688,Do Not Intervene,3644.4,Australia,Brisbane,2.7
0,0.11530811555352816,Do Not Intervene,1085.72,UK,Birmingham,1.9
0,0.10960217069905895,Do Not Intervene,1465.84,USA,Chicago,1.3
0,0.10297945636241844,Do Not Intervene,1488.21,USA,Chicago,1.6
1,0.8629750413500177,Trigger Retention Campaign (15% Discount),319.68,Australia,Brisbane,3.0
1,0.1415464376422319,Do Not Intervene,1550.31,India,Bangalore,2.1
0,0.1705388841309461,Do Not Intervene,3418.28,Australia,Perth,1.4
1,0.9058409645696899,Trigger Retention Campaign (15% Discount),3192.28,USA,Phoenix,0.9
0,0.14449994894513243,Do Not Intervene,2701.16,USA,New York,1.7
0,0.1893557965315849,Do Not Intervene,2102.3,USA,Phoenix,2.7
1,0.7866867042327023,Trigger Retention Campaign (15% Discount),3789.69,Australia,Perth,3.7
1,0.6422107719525204,Trigger Retention Campaign (15% Discount),552.9,Japan,Nagoya,1.5
0,0.22092172590764125,Do Not Intervene,5430.21,Canada,Vancouver,0.4127421496624978
0,0.14384242940670913,Do Not Intervene,3706.05,UK,Birmingham,5.4
1,0.44572558716184807,Trigger Retention Campaign (15% Discount),1203.74,Germany,Cologne,1.8
0,0.17502810278384662,Do Not Intervene,1344.56,UK,Birmingham,2.0
1,0.9448536037820665,Trigger Retention Campaign (15% Discount),289.0,USA,New York,6.4
1,0.8297988061390115,Trigger Retention Campaign (15% Discount),335.61,USA,Chicago,4.9
1,0.9622951988412263,Trigger Retention Campaign (15% Discount),91.22,UK,Birmingham,3.3
0,0.3025444608598773,Trigger Retention Campaign (15% Discount),652.86,USA,Phoenix,7.0
1,0.8024561088979947,Trigger Retention Campaign (15% Discount),2965.25,Canada,Toronto,1.4
1,0.7398305418126817,Trigger Retention Campaign (15% Discount),733.84,Canada,Toronto,5.2
1,0.7665278043389523,Trigger Retention Campaign (15% Discount),594.3,UK,London,4.9
0,0.25960690760996136,Do Not Intervene,1310.99,Canada,Toronto,1.3
0,0.3639896661198514,Trigger Retention Campaign (15% Discount),532.05,India,Hyderabad,2.8
0,0.16652489765922499,Do Not Intervene,868.36,UK,Glasgow,6.8
0,0.13152107793292045,Do Not Intervene,863.73,USA,Houston,2.9
0,0.318174938256437,Trigger Retention Campaign (15% Discount),984.53,UK,Birmingham,0.9
0,0.14660780416854696,Do Not Intervene,1807.29,USA,Houston,1.2
1,0.8573299871273082,Trigger Retention Campaign (15% Discount),350.12,UK,Birmingham,0.2
0,0.11063885316664812,Do Not Intervene,2417.09,USA,Chicago,3.3
0,0.21417721868746184,Do Not Intervene,1076.1,USA,Houston,2.1
1,0.29983074221713324,Trigger Retention Campaign (15% Discount),432.25,Canada,Toronto,1.1
0,0.19714589099788588,Do Not Intervene,1741.54,UK,Leeds,10.0
0,0.1456290669844591,Do Not Intervene,2434.48,Japan,Nagoya,4.7
1,0.5914967409608402,Trigger Retention Campaign (15% Discount),616.79,Japan,Osaka,0.8
0,0.16259257784643896,Do Not Intervene,1533.36,Germany,Hamburg,2.4
0,0.2296192838476882,Do Not Intervene,440.17,Canada,Montreal,7.3
0,0.08004099758707559,Do Not Intervene,1617.89,USA,Chicago,1.5
0,0.29156446920822704,Trigger Retention Campaign (15% Discount),657.78,India,Mumbai,2.9
1,0.744316411413596,Trigger Retention Campaign (15% Discount),1326.03,UK,Leeds,6.2
1,0.6638289301061449,Trigger Retention Campaign (15% Discount),458.36,Australia,Adelaide,2.8
0,0.14658396831315554,Do Not Intervene,1093.47,India,Delhi,4.4
0,0.11319088362975849,Do Not Intervene,1320.45,Australia,Perth,1.6
0,0.12629165136743478,Do Not Intervene,4415.7,Canada,Calgary,3.4
0,0.1484722053548126,Do Not Intervene,2323.1,Germany,Hamburg,2.7
1,0.911885211587014,Trigger Retention Campaign (15% Discount),2061.99,USA,Houston,1.6
1,0.6238712225194631,Trigger Retention Campaign (15% Discount),1074.04,USA,Phoenix,1.8
1,0.7570202218926023,Trigger Retention Campaign (15% Discount),1984.01,UK,Birmingham,3.5
0,0.11990373916607093,Do Not Intervene,431.11,UK,London,3.6
0,0.4267129721006495,Trigger Retention Campaign (15% Discount),1059.1,UK,Manchester,3.1
0,0.513122643393231,Trigger Retention Campaign (15% Discount),379.23,Australia,Sydney,5.4
0,0.08659001483080903,Do Not Intervene,1333.03,UK,Leeds,9.9
1,0.3607970212868916,Trigger Retention Campaign (15% Discount),676.13,USA,Phoenix,1.7
0,0.1401675156490107,Do Not Intervene,3391.69,UK,Birmingham,1.2
0,0.20520415156966285,Do Not Intervene,260.18,USA,Phoenix,3.7
0,0.5842886066235364,Trigger Retention Campaign (15% Discount),521.0,USA,Phoenix,3.6
0,0.08373362845588916,Do Not Intervene,1123.75,USA,New York,1.5
1,0.838165758098375,Trigger Retention Campaign (15% Discount),266.82,Germany,Hamburg,3.3
0,0.2124880826312346,Do Not Intervene,636.91,USA,Chicago,0.3
0,0.1306060451528576,Do Not Intervene,1044.16,Canada,Montreal,2.7
0,0.14594393015911433,Do Not Intervene,1970.2,India,Chennai,1.0
0,0.07880702642179568,Do Not Intervene,834.59,USA,Houston,0.6
0,0.09292483994050206,Do Not Intervene,1495.92,Canada,Montreal,4.3
0,0.11705902323841169,Do Not Intervene,2199.94,USA,New York,1.1
0,0.30604419482053646,Trigger Retention Campaign (15% Discount),739.56,Japan,Kyoto,2.9
1,0.16634897721939854,Do Not Intervene,1288.31,USA,Los Angeles,2.3
0,0.1699738131198526,Do Not Intervene,2195.56,UK,Manchester,3.9
0,0.12832461554591604,Do Not Intervene,5282.58,Australia,Sydney,4.2
0,0.10473544030978506,Do Not Intervene,4664.21,USA,Phoenix,3.3
0,0.13239070097103095,Do Not Intervene,2272.67,UK,London,3.3
0,0.47105832194867814,Trigger Retention Campaign (15% Discount),906.76,USA,New York,3.4
0,0.18815114333193395,Do Not Intervene,1380.39,UK,London,3.2
0,0.1807531135910353,Do Not Intervene,1461.9,Canada,Vancouver,1.1
0,0.09379082260386117,Do Not Intervene,887.46,Germany,Cologne,2.3
0,0.1372064348665745,Do Not Intervene,3174.92,Australia,Perth,6.1
1,0.6238338709495251,Trigger Retention Campaign (15% Discount),838.89,UK,Birmingham,2.8
0,0.2295387587871693,Do Not Intervene,1254.19,USA,Los Angeles,2.5
0,0.25935316063070846,Do Not Intervene,1746.18,Canada,Vancouver,0.3
0,0.31667552785067526,Trigger Retention Campaign (15% Discount),1243.46,UK,Birmingham,0.5
0,0.7755988536419294,Trigger Retention Campaign (15% Discount),338.82,France,Nice,2.4
1,0.875024005654367,Trigger Retention Campaign (15% Discount),2136.72,Germany,Cologne,5.3
0,0.1920310038991835,Do Not Intervene,4844.69,Canada,Calgary,6.2
0,0.3203322328579406,Trigger Retention Campaign (15% Discount),1229.51,Canada,Calgary,1.7
0,0.1503504326008023,Do Not Intervene,923.91,UK,Manchester,1.6
0,0.24722407355994305,Do Not Intervene,1132.17,India,Chennai,1.4
0,0.15535214197530048,Do Not Intervene,1338.1,France,Nice,9.0
1,0.8963414621902043,Trigger Retention Campaign (15% Discount),2924.36,Canada,Montreal,3.3
1,0.24225770728471463,Do Not Intervene,3026.08,USA,Houston,1.6
1,0.8402752816895955,Trigger Retention Campaign (15% Discount),3902.28,USA,New York,2.8
0,0.12416214552799022,Do Not Intervene,2807.64,Australia,Sydney,3.9
1,0.24885747998340627,Do Not Intervene,5121.43,USA,Chicago,2.4
0,0.11796453701619607,Do Not Intervene,1440.29,Canada,Montreal,6.2
1,0.903766417755319,Trigger Retention Campaign (15% Discount),880.71,USA,Phoenix,2.2
0,0.1599266427877611,Do Not Intervene,550.26,USA,New York,7.9
1,0.6713759523645387,Trigger Retention Campaign (15% Discount),486.84,Australia,Adelaide,0.7
0,0.5348124848904413,Trigger Retention Campaign (15% Discount),225.15,Germany,Cologne,3.4
0,0.2089807053821575,Do Not Intervene,857.81,USA,New York,5.4
1,0.6341292159409598,Trigger Retention Campaign (15% Discount),348.49,UK,Birmingham,3.0
0,0.141880222949627,Do Not Intervene,961.05,Germany,Cologne,7.2
0,0.12877656515976055,Do Not Intervene,1428.74,USA,Phoenix,1.6
1,0.4384537586854364,Trigger Retention Campaign (15% Discount),622.45,Germany,Cologne,1.0
1,0.4953009873095513,Trigger Retention Campaign (15% Discount),1453.41,USA,New York,3.2
0,0.11151059300279868,Do Not Intervene,856.5,India,Hyderabad,2.3
0,0.3706850394513068,Trigger Retention Campaign (15% Discount),1492.76,Australia,Brisbane,3.4
1,0.47573405565836674,Trigger Retention Campaign (15% Discount),836.44,France,Toulouse,0.9
0,0.2153631323373771,Do Not Intervene,1526.71,Canada,Vancouver,2.0
0,0.1001735745192635,Do Not Intervene,1015.02,USA,Phoenix,1.4
0,0.12915833521795958,Do Not Intervene,1324.97,USA,New York,2.7
0,0.13257121233937127,Do Not Intervene,1172.2,India,Delhi,1.0
0,0.16740873693853928,Do Not Intervene,3492.89,Canada,Toronto,2.9
0,0.42831627266727934,Trigger Retention Campaign (15% Discount),465.46,Germany,Berlin,1.0
0,0.44815932475374326,Trigger Retention Campaign (15% Discount),1278.09,UK,Manchester,1.6
0,0.13782318721632783,Do Not Intervene,1080.05,USA,Houston,2.0
0,0.153836181413629,Do Not Intervene,2363.81,USA,Phoenix,2.7
1,0.7915340356248151,Trigger Retention Campaign (15% Discount),1504.06,Japan,Nagoya,1.9
0,0.1752221177692745,Do Not Intervene,2004.77,Australia,Brisbane,2.7
0,0.19633977485337528,Do Not Intervene,810.5,UK,Birmingham,5.1
0,0.1051822052273469,Do Not Intervene,1401.65,France,Toulouse,0.8
1,0.7957617159967385,Trigger Retention Campaign (15% Discount),3046.94,Germany,Munich,0.1
0,0.1896750632080948,Do Not Intervene,2191.83,USA,Los Angeles,5.8
0,0.2497781076546648,Do Not Intervene,1646.38,Canada,Vancouver,2.7
1,0.8374911374956191,Trigger Retention Campaign (15% Discount),2388.57,UK,Glasgow,4.8
0,0.1903271696127976,Do Not Intervene,471.19,USA,Los Angeles,5.7
0,0.14696119731297164,Do Not Intervene,2122.98,UK,Glasgow,3.3
0,0.09930108550289331,Do Not Intervene,1419.37,UK,Manchester,0.6
0,0.22432658167327577,Do Not Intervene,2156.41,India,Mumbai,2.5
0,0.412346009099754,Trigger Retention Campaign (15% Discount),507.83,Germany,Munich,1.2
0,0.13446295362527433,Do Not Intervene,1603.82,Canada,Vancouver,4.0
1,0.8875474344339451,Trigger Retention Campaign (15% Discount),3186.22,UK,Glasgow,0.5
0,0.07897224727242301,Do Not Intervene,2219.41,UK,Glasgow,1.5
0,0.10892889313282327,Do Not Intervene,1175.81,India,Bangalore,4.1
1,0.8853734683412681,Trigger Retention Campaign (15% Discount),102.88,Canada,Calgary,3.1
0,0.15255183435077624,Do Not Intervene,2731.36,Canada,Toronto,10.0
1,0.773671890180058,Trigger Retention Campaign (15% Discount),3748.37,Canada,Ottawa,4.1
0,0.17069919575874726,Do Not Intervene,758.0,UK,Manchester,3.8
0,0.18679983988271132,Do Not Intervene,650.49,UK,London,5.7
0,0.08943083779613753,Do Not Intervene,1861.72,USA,Los Angeles,7.6
0,0.1901927511826109,Do Not Intervene,1103.61,UK,Glasgow,2.6
1,0.7565959219000044,Trigger Retention Campaign (15% Discount),1975.37,USA,Chicago,2.4
0,0.20178024606567557,Do Not Intervene,1638.69,UK,London,2.6
0,0.09316238002245775,Do Not Intervene,1140.25,USA,Los Angeles,2.8
0,0.12934147024884377,Do Not Intervene,1506.02,UK,Glasgow,2.9
0,0.18064145079078434,Do Not Intervene,2787.34,USA,Chicago,2.1
0,0.22733270909062697,Do Not Intervene,2028.07,UK,Leeds,1.8
0,0.08820682524916401,Do Not Intervene,1509.76,USA,New York,5.3
0,0.27277620618145354,Do Not Intervene,1194.85,UK,London,2.0
0,0.09623018003954106,Do Not Intervene,988.0,Germany,Frankfurt,2.4
1,0.943428678838977,Trigger Retention Campaign (15% Discount),2945.94,USA,New York,7.1
0,0.11468390746421185,Do Not Intervene,1539.28,USA,Phoenix,0.2
0,0.1251866730722477,Do Not Intervene,1012.83,USA,Houston,7.5
0,0.1397968467507399,Do Not Intervene,1583.19,UK,Glasgow,0.3
0,0.1336684340687585,Do Not Intervene,778.7,Japan,Osaka,4.4
0,0.08272995549442147,Do Not Intervene,1332.24,Canada,Montreal,2.2
0,0.14275216386835798,Do Not Intervene,1388.67,Japan,Osaka,1.0
1,0.33012551914118693,Trigger Retention Campaign (15% Discount),810.85,France,Lyon,3.0
0,0.11364867063923752,Do Not Intervene,1215.25,USA,New York,1.7
1,0.6942153851512614,Trigger Retention Campaign (15% Discount),1107.27,Germany,Hamburg,5.9
0,0.1346517605497699,Do Not Intervene,444.71,Canada,Montreal,1.7
1,0.5077547559037757,Trigger Retention Campaign (15% Discount),495.77,USA,Chicago,4.2
0,0.19755015182604369,Do Not Intervene,1464.79,UK,London,0.5
1,0.9289617698729247,Trigger Retention Campaign (15% Discount),4519.4,France,Nice,1.1
0,0.21697851367277793,Do Not Intervene,477.13,Canada,Ottawa,6.7
0,0.10216149605714092,Do Not Intervene,941.68,USA,Phoenix,1.3
0,0.1860707053983629,Do Not Intervene,1035.37,UK,Birmingham,1.0
0,0.10993067333062707,Do Not Intervene,1665.49,France,Nice,2.9
0,0.37633890335688297,Trigger Retention Campaign (15% Discount),614.09,India,Delhi,3.3
0,0.10225006786927317,Do Not Intervene,2502.51,USA,Phoenix,4.8
0,0.12891502717853018,Do Not Intervene,1513.82,USA,Chicago,2.8
0,0.10840104492187834,Do Not Intervene,1139.93,USA,Chicago,3.5
1,0.8762443622200375,Trigger Retention Campaign (15% Discount),107.85,Canada,Montreal,7.2
1,0.7643972992738141,Trigger Retention Campaign (15% Discount),790.16,USA,Chicago,1.9
0,0.3250093254960519,Trigger Retention Campaign (15% Discount),1693.94,UK,Leeds,5.0
0,0.5507892223418127,Trigger Retention Campaign (15% Discount),1053.96,Canada,Montreal,1.2
0,0.12091436795111665,Do Not Intervene,1840.23,USA,Los Angeles,2.3
0,0.10204081565494415,Do Not Intervene,1246.97,Germany,Hamburg,4.0
1,0.45806253126072355,Trigger Retention Campaign (15% Discount),1088.33,Australia,Sydney,2.8
0,0.10795501716552898,Do Not Intervene,1104.14,UK,Manchester,2.0
0,0.17558492140685542,Do Not Intervene,647.63,France,Nice,2.5
0,0.12127613238273578,Do Not Intervene,1520.92,Germany,Munich,0.3
0,0.12685634518896374,Do Not Intervene,1801.68,Canada,Montreal,0.4
0,0.24447162313694423,Do Not Intervene,1579.52,USA,Chicago,2.8
1,0.7704931942094122,Trigger Retention Campaign (15% Discount),777.64,USA,Phoenix,2.2
1,0.5020025859148054,Trigger Retention Campaign (15% Discount),1170.96,UK,Birmingham,2.7
0,0.2483037011936435,Do Not Intervene,1125.16,UK,Manchester,2.4
0,0.3736095739586489,Trigger Retention Campaign (15% Discount),1224.66,Germany,Hamburg,1.8
1,0.6088071659103808,Trigger Retention Campaign (15% Discount),1193.52,UK,Leeds,2.6
0,0.11777861852253264,Do Not Intervene,1196.71,France,Nice,2.1
1,0.6835861252363726,Trigger Retention Campaign (15% Discount),531.6,Australia,Melbourne,4.0
1,0.6345634941808496,Trigger Retention Campaign (15% Discount),1475.19,Germany,Cologne,4.2
0,0.12972769937191572,Do Not Intervene,2946.82,USA,Los Angeles,2.1
0,0.0828842815810123,Do Not Intervene,718.23,Australia,Melbourne,1.0
0,0.11922564528891388,Do Not Intervene,1170.99,USA,Chicago,4.5
0,0.118972325150763,Do Not Intervene,2606.68,USA,Los Angeles,3.0
1,0.9174032099705015,Trigger Retention Campaign (15% Discount),1177.36,France,Paris,1.6
0,0.16593693140958188,Do Not Intervene,810.38,USA,Chicago,1.9
1,0.8356430144808198,Trigger Retention Campaign (15% Discount),1014.07,USA,New York,3.2
0,0.5656564985738386,Trigger Retention Campaign (15% Discount),798.01,USA,Houston,5.4
0,0.13957415184455507,Do Not Intervene,668.42,USA,Phoenix,4.5
0,0.37071587909915643,Trigger Retention Campaign (15% Discount),357.16,USA,Houston,2.5
0,0.11194377105837919,Do Not Intervene,1041.15,Canada,Ottawa,3.4
0,0.1193134997934593,Do Not Intervene,1721.3,USA,Houston,7.8
0,0.1182623240298218,Do Not Intervene,739.66,USA,Los Angeles,3.7
0,0.5209367082385914,Trigger Retention Campaign (15% Discount),1734.2,Germany,Munich,4.6
1,0.8198657720825427,Trigger Retention Campaign (15% Discount),798.38,Germany,Berlin,9.3
1,0.616550270953112,Trigger Retention Campaign (15% Discount),1028.49,UK,Glasgow,5.3
0,0.3319438548569595,Trigger Retention Campaign (15% Discount),1086.27,Canada,Toronto,2.2
0,0.14330534683468485,Do Not Intervene,1475.11,Canada,Vancouver,6.7
0,0.11987074888188999,Do Not Intervene,2528.28,UK,Birmingham,0.7
0,0.21923828172411244,Do Not Intervene,2317.7,USA,Los Angeles,2.0
0,0.1651519943214453,Do Not Intervene,1200.42,Australia,Melbourne,3.7
1,0.8000465512183144,Trigger Retention Campaign (15% Discount),1041.41,Germany,Cologne,1.0
0,0.1162052570034735,Do Not Intervene,1796.43,USA,Chicago,2.0
1,0.5292027815977987,Trigger Retention Campaign (15% Discount),1264.63,Japan,Tokyo,1.7
0,0.21470676441411768,Do Not Intervene,1208.38,France,Marseille,1.9
0,0.11574564337131912,Do Not Intervene,1843.02,India,Bangalore,2.4
1,0.7854419379388545,Trigger Retention Campaign (15% Discount),2558.33,Canada,Vancouver,3.4
0,0.278831460349798,Do Not Intervene,1220.19,USA,Houston,3.6
0,0.25009626021033154,Do Not Intervene,1700.43,Australia,Melbourne,0.9
0,0.2603428197528315,Do Not Intervene,504.06,Japan,Kyoto,2.9
0,0.13745535968645223,Do Not Intervene,2594.55,Japan,Osaka,2.5
1,0.8168118248290388,Trigger Retention Campaign (15% Discount),1930.46,UK,Birmingham,0.3
0,0.11710616353411027,Do Not Intervene,1097.19,USA,Houston,1.4
0,0.10080630425968529,Do Not Intervene,1769.71,UK,Birmingham,2.0
0,0.10943263950855014,Do Not Intervene,887.51,Australia,Melbourne,1.7
0,0.22533922930564568,Do Not Intervene,282.92,USA,Phoenix,3.8
0,0.12662603017289975,Do Not Intervene,3514.7,USA,Phoenix,1.7
1,0.7835681110978452,Trigger Retention Campaign (15% Discount),1681.32,USA,Houston,2.7
0,0.19307818039291033,Do Not Intervene,1518.52,Japan,Osaka,5.9
0,0.1806729576477878,Do Not Intervene,1097.96,Australia,Brisbane,3.3
0,0.09021414475848077,Do Not Intervene,1174.84,Germany,Munich,0.8
0,0.19694079762764846,Do Not Intervene,3209.91,UK,Glasgow,0.2274279390234642
0,0.36997655497701565,Trigger Retention Campaign (15% Discount),1274.43,Germany,Hamburg,5.8
1,0.6088453304407342,Trigger Retention Campaign (15% Discount),420.99,UK,Leeds,4.3
0,0.08796897865708947,Do Not Intervene,2049.97,UK,Leeds,1.2
1,0.5868125509156651,Trigger Retention Campaign (15% Discount),1428.83,USA,New York,1.5
0,0.11039335950434279,Do Not Intervene,1141.79,UK,Glasgow,0.8
0,0.3338216911854663,Trigger Retention Campaign (15% Discount),1274.69,Canada,Vancouver,4.7
0,0.12332713864931605,Do Not Intervene,1335.26,Canada,Calgary,2.7
0,0.3802174958791539,Trigger Retention Campaign (15% Discount),810.42,Germany,Munich,6.9
0,0.12086268765203925,Do Not Intervene,750.05,Japan,Osaka,2.7
0,0.3411824514771432,Trigger Retention Campaign (15% Discount),283.89,USA,Chicago,2.1
1,0.6241631419376398,Trigger Retention Campaign (15% Discount),517.45,UK,London,1.5
1,0.5710916575145972,Trigger Retention Campaign (15% Discount),438.57,USA,Chicago,3.8
1,0.8425083138425998,Trigger Retention Campaign (15% Discount),619.85,India,Mumbai,2.1
0,0.2891378073178361,Trigger Retention Campaign (15% Discount),1783.88,UK,Manchester,3.8
0,0.17386057126313492,Do Not Intervene,1191.64,Canada,Calgary,5.5
0,0.4510827439426571,Trigger Retention Campaign (15% Discount),268.71,Germany,Cologne,4.1
1,0.6931835691951153,Trigger Retention Campaign (15% Discount),1027.19,France,Paris,1.9
0,0.09658346807454053,Do Not Intervene,1177.67,Canada,Calgary,4.2
1,0.7035020998094987,Trigger Retention Campaign (15% Discount),548.8,Canada,Toronto,0.3
0,0.202026006650599,Do Not Intervene,1559.17,USA,Los Angeles,1.9
0,0.1319930480702824,Do Not Intervene,1725.46,Australia,Perth,0.1
0,0.16189840591874127,Do Not Intervene,1225.35,USA,Los Angeles,1.5
0,0.13902191930811958,Do Not Intervene,1299.94,USA,Houston,2.4
0,0.1046798637315042,Do Not Intervene,1442.18,USA,Houston,3.0
0,0.2842055673667155,Trigger Retention Campaign (15% Discount),558.95,USA,Phoenix,1.1
0,0.14555169566471968,Do Not Intervene,2073.61,Canada,Ottawa,4.1
0,0.41965516899220434,Trigger Retention Campaign (15% Discount),1650.78,France,Nice,0.6
1,0.14673753230484501,Do Not Intervene,1945.91,USA,New York,1.1
0,0.13650314029569507,Do Not Intervene,1996.35,Germany,Munich,4.1
1,0.6468912721641614,Trigger Retention Campaign (15% Discount),1725.08,Japan,Osaka,5.8
0,0.1713286690530231,Do Not Intervene,1194.13,France,Toulouse,2.9
1,0.8782563123403517,Trigger Retention Campaign (15% Discount),3874.16,USA,New York,2.6
0,0.1385833537762389,Do Not Intervene,2050.67,USA,New York,2.3
1,0.9401391312839196,Trigger Retention Campaign (15% Discount),2750.53,France,Marseille,1.6
0,0.24123665837886837,Do Not Intervene,1853.85,Japan,Osaka,6.2
1,0.7187852223653327,Trigger Retention Campaign (15% Discount),296.69,France,Marseille,2.7
0,0.21469697404349847,Do Not Intervene,2182.71,UK,Birmingham,0.8
1,0.8967411094652138,Trigger Retention Campaign (15% Discount),1839.64,Japan,Kyoto,2.3
1,0.895769320640433,Trigger Retention Campaign (15% Discount),1303.81,USA,Houston,0.9
1,0.35604575653002685,Trigger Retention Campaign (15% Discount),1776.3,France,Lyon,1.9
0,0.1473032182976977,Do Not Intervene,906.04,USA,Los Angeles,0.8
0,0.1298886883572096,Do Not Intervene,1473.1,India,Bangalore,2.4
1,0.7778619157459468,Trigger Retention Campaign (15% Discount),817.36,USA,Houston,5.5
0,0.13791875446747578,Do Not Intervene,2086.88,France,Nice,6.2
0,0.1888096982578896,Do Not Intervene,1124.96,USA,Phoenix,8.9
0,0.6667033733512828,Trigger Retention Campaign (15% Discount),461.85,USA,New York,2.1
0,0.17187678542896556,Do Not Intervene,1099.61,USA,Chicago,2.5
0,0.15828142943960008,Do Not Intervene,1150.65,France,Toulouse,5.9
0,0.19132722110226902,Do Not Intervene,1448.86,Australia,Brisbane,7.7
0,0.18489422153894836,Do Not Intervene,3458.95,Germany,Munich,3.3
0,0.182339823223721,Do Not Intervene,582.52,India,Chennai,2.9
0,0.1552370180073855,Do Not Intervene,3839.91,Japan,Yokohama,5.9
0,0.13911652223511786,Do Not Intervene,642.07,Australia,Sydney,2.2
0,0.24037281014681114,Do Not Intervene,1557.94,USA,Phoenix,1.1
0,0.18433544522096654,Do Not Intervene,660.97,USA,New York,2.1
0,0.31113538080217507,Trigger Retention Campaign (15% Discount),1719.37,USA,Chicago,0.6
1,0.5749016721957464,Trigger Retention Campaign (15% Discount),72.08,Canada,Montreal,4.9
0,0.3190856415391317,Trigger Retention Campaign (15% Discount),578.39,USA,Chicago,1.1
0,0.15168926399318447,Do Not Intervene,1475.3,USA,Phoenix,1.4
0,0.10941115503092984,Do Not Intervene,1865.3,France,Nice,2.8
1,0.9476062147170927,Trigger Retention Campaign (15% Discount),650.05,Canada,Vancouver,4.2
0,0.13644112403071623,Do Not Intervene,1379.88,Canada,Montreal,1.5
1,0.9158548674099104,Trigger Retention Campaign (15% Discount),465.49,USA,Chicago,1.5
0,0.08796327266451243,Do Not Intervene,1513.95,France,Paris,1.2
1,0.8887518278967829,Trigger Retention Campaign (15% Discount),182.97,USA,Houston,3.7
0,0.09547598124039873,Do Not Intervene,1215.12,UK,Birmingham,1.7
1,0.9661494205639317,Trigger Retention Campaign (15% Discount),3989.7,USA,Phoenix,3.5
1,0.7046944921326735,Trigger Retention Campaign (15% Discount),550.88,Australia,Perth,1.5
0,0.22675545424596366,Do Not Intervene,483.48,UK,Leeds,0.9
0,0.1990088457390097,Do Not Intervene,2599.29,UK,Birmingham,3.3
0,0.16776705523961177,Do Not Intervene,993.78,USA,Los Angeles,2.9
0,0.0879700599928424,Do Not Intervene,647.93,Germany,Munich,2.2
1,0.8631674144228814,Trigger Retention Campaign (15% Discount),2045.78,Canada,Vancouver,3.8
0,0.4557325337286398,Trigger Retention Campaign (15% Discount),454.77,USA,Houston,6.4
0,0.1323688828194425,Do Not Intervene,1574.86,France,Nice,1.8
0,0.21482233991526273,Do Not Intervene,1147.47,USA,Houston,10.0
0,0.5061266904339452,Trigger Retention Campaign (15% Discount),1266.3,Australia,Melbourne,2.6
0,0.2123801007481559,Do Not Intervene,272.23,UK,Leeds,5.2
0,0.17259600140819809,Do Not Intervene,1073.05,USA,Chicago,2.9
0,0.10508192816426423,Do Not Intervene,1384.98,Germany,Frankfurt,1.8
1,0.14897648531185015,Do Not Intervene,557.95,Canada,Calgary,3.4
0,0.6015898539495732,Trigger Retention Campaign (15% Discount),226.83,UK,Leeds,0.3
1,0.6972063632234385,Trigger Retention Campaign (15% Discount),1348.23,UK,Birmingham,2.8
0,0.11761577717116423,Do Not Intervene,1000.23,USA,Phoenix,2.0
0,0.949186048252137,Trigger Retention Campaign (15% Discount),628.75,Australia,Adelaide,3.9
0,0.31915286722094216,Trigger Retention Campaign (15% Discount),1503.41,USA,Houston,1.7
0,0.09978272834813567,Do Not Intervene,1626.69,USA,New York,1.2
0,0.07828767697717723,Do Not Intervene,523.07,France,Paris,0.7
0,0.11359858833112446,Do Not Intervene,2667.12,UK,Glasgow,2.6
1,0.8261756256181979,Trigger Retention Campaign (15% Discount),375.55,Germany,Hamburg,1.2
1,0.2159209085197161,Do Not Intervene,832.84,USA,New York,2.0
1,0.825520109674508,Trigger Retention Campaign (15% Discount),518.71,UK,Manchester,8.4
0,0.2254216279591423,Do Not Intervene,605.39,India,Mumbai,0.8
0,0.18296553537745297,Do Not Intervene,1726.24,Germany,Munich,2.4
0,0.24549778914802142,Do Not Intervene,1893.91,USA,Houston,7.2
1,0.9238896155190406,Trigger Retention Campaign (15% Discount),2028.63,USA,Los Angeles,2.5
0,0.15225809601204912,Do Not Intervene,2036.85,UK,London,2.4
0,0.1198808903438862,Do Not Intervene,1053.99,France,Marseille,7.8
0,0.17811206194288864,Do Not Intervene,1618.17,Germany,Frankfurt,2.1
1,0.9219065269149823,Trigger Retention Campaign (15% Discount),4328.02,France,Nice,5.0
0,0.11625669569723239,Do Not Intervene,1211.18,Germany,Cologne,0.9
0,0.2949088443148055,Trigger Retention Campaign (15% Discount),1856.49,Germany,Munich,4.3
0,0.09683543605990617,Do Not Intervene,1573.93,USA,Los Angeles,1.9
0,0.2183299787465656,Do Not Intervene,847.93,USA,Los Angeles,3.6
0,0.11766910977689715,Do Not Intervene,1729.44,USA,Los Angeles,2.7
0,0.18372811552852575,Do Not Intervene,934.36,UK,Manchester,1.5
1,0.7448271092589962,Trigger Retention Campaign (15% Discount),1677.94,UK,Birmingham,3.3
0,0.11655485738264482,Do Not Intervene,1528.48,USA,New York,2.9
0,0.299942398724574,Trigger Retention Campaign (15% Discount),590.65,Australia,Adelaide,3.7
1,0.9110048668229218,Trigger Retention Campaign (15% Discount),2656.14,India,Chennai,5.6
1,0.6365399801778593,Trigger Retention Campaign (15% Discount),1265.22,USA,Houston,1.3
0,0.09296850095097926,Do Not Intervene,1765.2,France,Marseille,3.5
0,0.14637383953806252,Do Not Intervene,1826.46,USA,Phoenix,1.1
0,0.7375304289263197,Trigger Retention Campaign (15% Discount),782.75,India,Hyderabad,1.0
0,0.13253024072569017,Do Not Intervene,2621.68,India,Delhi,4.3
0,0.18967703105558137,Do Not Intervene,2079.14,UK,Manchester,3.6
0,0.12165482062964102,Do Not Intervene,1680.91,India,Bangalore,3.5
0,0.862084322486482,Trigger Retention Campaign (15% Discount),221.97,USA,Los Angeles,6.1
1,0.8725291247878197,Trigger Retention Campaign (15% Discount),2031.63,USA,Phoenix,4.9
1,0.7022762522763828,Trigger Retention Campaign (15% Discount),627.78,India,Chennai,2.2
0,0.10558953244665245,Do Not Intervene,1380.73,USA,Houston,4.5
0,0.21898541942150523,Do Not Intervene,1327.94,USA,Chicago,2.0
0,0.23195206262648277,Do Not Intervene,2602.05,Japan,Yokohama,3.0
1,0.6841519026041166,Trigger Retention Campaign (15% Discount),1228.5,Canada,Calgary,2.9
1,0.9089708458606506,Trigger Retention Campaign (15% Discount),407.01,UK,Birmingham,0.7
0,0.10330250080244698,Do Not Intervene,1235.91,UK,Glasgow,1.9
0,0.08637549624701232,Do Not Intervene,1279.65,UK,Manchester,1.4
0,0.10541892068086894,Do Not Intervene,5190.24,UK,Glasgow,3.3
0,0.10511272283422195,Do Not Intervene,1544.48,USA,Phoenix,4.6
1,0.7639794690087091,Trigger Retention Campaign (15% Discount),1386.33,USA,New York,0.2
0,0.19929236059466174,Do Not Intervene,990.9,Canada,Vancouver,2.3
0,0.49550157456448546,Trigger Retention Campaign (15% Discount),469.51,UK,Glasgow,3.6
0,0.10410864958766658,Do Not Intervene,1605.9,India,Bangalore,0.4
0,0.26257850641617864,Do Not Intervene,1335.46,Australia,Sydney,1.0
0,0.19803975010661698,Do Not Intervene,799.35,USA,Chicago,2.6
0,0.10417986474904012,Do Not Intervene,1123.48,India,Hyderabad,2.1
0,0.08013068969252592,Do Not Intervene,1196.0,UK,Manchester,6.4
0,0.17559230162466488,Do Not Intervene,1878.04,UK,Glasgow,0.6
0,0.13354445282001884,Do Not Intervene,335.38,USA,Los Angeles,0.6
1,0.46307288671021923,Trigger Retention Campaign (15% Discount),486.16,Canada,Vancouver,4.7
1,0.4733690024319321,Trigger Retention Campaign (15% Discount),1761.68,France,Lyon,5.9
0,0.11380533646784301,Do Not Intervene,723.97,Canada,Calgary,0.9
0,0.33498090931799984,Trigger Retention Campaign (15% Discount),922.42,Germany,Frankfurt,0.5
0,0.09555232781559762,Do Not Intervene,1409.26,USA,Houston,0.3
0,0.63155794749723,Trigger Retention Campaign (15% Discount),1070.64,Japan,Nagoya,6.0
0,0.1359383866466057,Do Not Intervene,1443.97,USA,New York,1.8
1,0.7927296785618975,Trigger Retention Campaign (15% Discount),2092.39,Canada,Vancouver,2.9
0,0.08676745238951548,Do Not Intervene,1713.84,USA,Los Angeles,2.9
0,0.12784004008534378,Do Not Intervene,2198.9,India,Chennai,7.3
0,0.13485685580783066,Do Not Intervene,1650.88,USA,Chicago,5.1
0,0.3017524639749266,Trigger Retention Campaign (15% Discount),1310.05,Germany,Munich,2.2
0,0.15559961669951902,Do Not Intervene,1027.13,UK,Birmingham,1.5
0,0.1552864399555306,Do Not Intervene,1877.26,USA,Houston,2.5
0,0.09098721047268463,Do Not Intervene,982.7,Japan,Tokyo,3.9
0,0.15302487531503778,Do Not Intervene,1108.52,USA,Phoenix,5.2
0,0.2255622462045612,Do Not Intervene,520.55,USA,Los Angeles,1.8
1,0.9343021665014739,Trigger Retention Campaign (15% Discount),2734.05,USA,Houston,0.7
0,0.7662180671578623,Trigger Retention Campaign (15% Discount),506.74,France,Lyon,3.8
0,0.5828418860974297,Trigger Retention Campaign (15% Discount),946.93,India,Mumbai,3.4
0,0.15333488146449875,Do Not Intervene,3310.84,USA,Houston,4.3
0,0.29378647549160525,Trigger Retention Campaign (15% Discount),1145.21,USA,Phoenix,2.4
0,0.3606210343563274,Trigger Retention Campaign (15% Discount),166.53,USA,Houston,0.6
0,0.13516391791523227,Do Not Intervene,1011.49,Canada,Ottawa,1.9
0,0.16465095480623243,Do Not Intervene,2034.91,Canada,Montreal,4.2
0,0.3385518277124105,Trigger Retention Campaign (15% Discount),379.35,USA,New York,1.2
0,0.11470942619402201,Do Not Intervene,1311.28,Germany,Cologne,0.9
0,0.14050321818175646,Do Not Intervene,2041.83,Canada,Ottawa,3.0
0,0.2420120737986317,Do Not Intervene,1853.36,UK,Glasgow,2.2
0,0.44987995293227134,Trigger Retention Campaign (15% Discount),773.9,Japan,Kyoto,4.7
0,0.11667961897332947,Do Not Intervene,1857.21,USA,Los Angeles,0.9
0,0.11699938414121616,Do Not Intervene,837.25,USA,Phoenix,4.9
0,0.6497893270147655,Trigger Retention Campaign (15% Discount),483.61,Germany,Munich,2.6
0,0.17734326886146373,Do Not Intervene,2051.68,Japan,Kyoto,3.9
1,0.561944258390599,Trigger Retention Campaign (15% Discount),381.45,France,Toulouse,2.7
0,0.4351755624409652,Trigger Retention Campaign (15% Discount),800.72,Canada,Vancouver,5.5
0,0.09937599189772067,Do Not Intervene,1431.54,USA,Phoenix,2.7
0,0.09216055859082978,Do Not Intervene,746.05,USA,Chicago,1.5
0,0.10063448852187187,Do Not Intervene,975.21,UK,Birmingham,2.7
0,0.11824310345500817,Do Not Intervene,1210.06,Germany,Berlin,1.2
0,0.19598099545863362,Do Not Intervene,1672.91,USA,Los Angeles,1.1
0,0.08944641986930249,Do Not Intervene,1025.08,UK,Manchester,1.7
0,0.15388502118726793,Do Not Intervene,2251.34,Australia,Perth,1.0
1,0.8279181472749034,Trigger Retention Campaign (15% Discount),969.59,UK,Manchester,6.3
0,0.1096897825875413,Do Not Intervene,1332.59,France,Lyon,3.0
0,0.09943124180567053,Do Not Intervene,1123.48,USA,Chicago,2.6
0,0.2379928646053305,Do Not Intervene,646.41,USA,Los Angeles,5.0
0,0.13097656894281065,Do Not Intervene,1709.03,USA,New York,6.1
0,0.11435640441164868,Do Not Intervene,1154.12,Germany,Hamburg,3.4
0,0.12850461837762658,Do Not Intervene,1015.09,Germany,Munich,8.1
0,0.08952592612316676,Do Not Intervene,897.52,Canada,Toronto,2.5
0,0.14211054187213298,Do Not Intervene,1368.36,UK,Manchester,1.6
1,0.5091786909199374,Trigger Retention Campaign (15% Discount),1766.3,Canada,Vancouver,2.7
1,0.4659528768478753,Trigger Retention Campaign (15% Discount),909.0,France,Lyon,1.5
1,0.6344878724043991,Trigger Retention Campaign (15% Discount),972.65,UK,Birmingham,5.6
0,0.3023431282267742,Trigger Retention Campaign (15% Discount),886.84,USA,Los Angeles,8.3
0,0.5505489686379289,Trigger Retention Campaign (15% Discount),1046.17,Australia,Brisbane,2.8
0,0.15069594321898466,Do Not Intervene,2176.27,Germany,Munich,3.3
1,0.45775919217757155,Trigger Retention Campaign (15% Discount),819.41,USA,Chicago,1.8
0,0.6828854266923373,Trigger Retention Campaign (15% Discount),770.27,USA,Phoenix,4.0
1,0.9464338361988225,Trigger Retention Campaign (15% Discount),2485.63,Australia,Perth,1.9
0,0.16509120245077238,Do Not Intervene,2327.74,UK,Leeds,1.6
0,0.08725312026469745,Do Not Intervene,1193.8,Australia,Melbourne,1.3
0,0.11250380949065164,Do Not Intervene,2684.99,Japan,Nagoya,3.2
0,0.12083732572363413,Do Not Intervene,1784.48,Australia,Brisbane,3.0
0,0.09050894578876964,Do Not Intervene,1570.94,France,Toulouse,3.3
0,0.09573427984747468,Do Not Intervene,1867.62,Canada,Vancouver,1.7
0,0.15072109872257622,Do Not Intervene,3101.84,Germany,Munich,1.7
0,0.11076141226448283,Do Not Intervene,795.49,UK,Leeds,10.0
0,0.1662893669990898,Do Not Intervene,959.61,India,Bangalore,1.4
0,0.09352661287471067,Do Not Intervene,1052.54,USA,Houston,4.3
0,0.10114120302847361,Do Not Intervene,1492.9,UK,Glasgow,2.3
0,0.12476585983699927,Do Not Intervene,1384.27,USA,Phoenix,6.1
0,0.12576483233582855,Do Not Intervene,1267.75,USA,Chicago,1.2
0,0.14734314594876236,Do Not Intervene,1311.98,Germany,Hamburg,1.3
1,0.8787657349596245,Trigger Retention Campaign (15% Discount),277.78,Germany,Cologne,1.8
0,0.09168587708974388,Do Not Intervene,1306.68,USA,Los Angeles,3.5
0,0.12021143572208055,Do Not Intervene,1353.33,USA,Chicago,2.8
0,0.14215263100747433,Do Not Intervene,1333.02,USA,Phoenix,3.8
1,0.8312596759778081,Trigger Retention Campaign (15% Discount),1366.57,India,Delhi,3.4
1,0.855692000372305,Trigger Retention Campaign (15% Discount),319.19,India,Bangalore,1.0
0,0.15252193488661678,Do Not Intervene,2006.39,Australia,Brisbane,1.9
0,0.46348938726465455,Trigger Retention Campaign (15% Discount),551.16,India,Mumbai,3.4
0,0.19174267445837373,Do Not Intervene,944.2,Germany,Berlin,1.1
1,0.664130887707301,Trigger Retention Campaign (15% Discount),565.06,USA,Los Angeles,3.6
0,0.13489972532250585,Do Not Intervene,1546.66,UK,Leeds,5.5
1,0.9044195558556669,Trigger Retention Campaign (15% Discount),3642.19,UK,Birmingham,2.9
0,0.9692305450816334,Trigger Retention Campaign (15% Discount),427.98,USA,Los Angeles,0.7
1,0.8302919751716173,Trigger Retention Campaign (15% Discount),952.13,Australia,Brisbane,2.2
0,0.11800593748740272,Do Not Intervene,847.23,USA,New York,0.7
0,0.5755159386713056,Trigger Retention Campaign (15% Discount),517.37,Germany,Berlin,3.4
0,0.12210966616936123,Do Not Intervene,1445.86,Canada,Calgary,2.0
0,0.09796773048598267,Do Not Intervene,570.53,India,Chennai,1.5
0,0.28241715782539256,Trigger Retention Campaign (15% Discount),1417.32,USA,Los Angeles,4.9
0,0.14640329372951089,Do Not Intervene,507.51,Australia,Adelaide,0.6
0,0.08647277229141354,Do Not Intervene,1458.34,UK,London,1.7
1,0.7349809194642108,Trigger Retention Campaign (15% Discount),933.17,Japan,Osaka,2.5
0,0.18747854613425205,Do Not Intervene,3021.24,Canada,Toronto,5.3
1,0.3725186625686564,Trigger Retention Campaign (15% Discount),397.14,France,Lyon,3.1
0,0.16345488573311914,Do Not Intervene,891.04,France,Lyon,6.0
0,0.1596992333929642,Do Not Intervene,2019.73,Australia,Perth,1.0
1,0.8294701677064722,Trigger Retention Campaign (15% Discount),2034.94,Canada,Toronto,2.5
0,0.11916287954977403,Do Not Intervene,1394.73,USA,Phoenix,0.7
1,0.7895506986425717,Trigger Retention Campaign (15% Discount),380.21,UK,Leeds,6.9
0,0.12016421863532051,Do Not Intervene,1566.47,UK,Birmingham,2.4
1,0.882393543249154,Trigger Retention Campaign (15% Discount),2546.24,USA,Los Angeles,9.6
1,0.7888679772107611,Trigger Retention Campaign (15% Discount),275.91,USA,New York,1.4
0,0.16564830353155602,Do Not Intervene,648.2,UK,Birmingham,4.8
0,0.4084767004496265,Trigger Retention Campaign (15% Discount),1329.6,UK,Leeds,1.3
1,0.8861583123196032,Trigger Retention Campaign (15% Discount),2398.14,Japan,Osaka,3.5
1,0.8655962830721093,Trigger Retention Campaign (15% Discount),2262.64,USA,Chicago,2.7
0,0.11300353010278584,Do Not Intervene,1692.2,USA,Chicago,2.7
0,0.2750088908895213,Do Not Intervene,959.45,India,Mumbai,3.4
1,0.8512245400983907,Trigger Retention Campaign (15% Discount),956.63,France,Marseille,1.3
0,0.1095695657850329,Do Not Intervene,772.32,Germany,Munich,4.4
0,0.4067985711680795,Trigger Retention Campaign (15% Discount),841.05,UK,Glasgow,3.7
0,0.10445883539861793,Do Not Intervene,1326.2,USA,Phoenix,4.0
0,0.33340721749001306,Trigger Retention Campaign (15% Discount),207.83,Canada,Ottawa,2.5
0,0.18470641049345138,Do Not Intervene,3532.85,USA,Chicago,4.6
0,0.1514368380332004,Do Not Intervene,2119.56,UK,Leeds,1.3
0,0.27321606147851374,Do Not Intervene,657.15,UK,London,2.0
1,0.11747183453437181,Do Not Intervene,1067.79,France,Toulouse,4.0
0,0.2894312425643968,Trigger Retention Campaign (15% Discount),1161.25,Canada,Toronto,1.4
0,0.09206841732647812,Do Not Intervene,1046.87,USA,New York,0.5
0,0.13705908106579393,Do Not Intervene,2278.14,USA,New York,1.8
1,0.5813056043006604,Trigger Retention Campaign (15% Discount),1031.23,Japan,Tokyo,2.4
0,0.13274576532346816,Do Not Intervene,661.23,USA,Phoenix,5.9
0,0.10560263403944976,Do Not Intervene,1135.52,Germany,Cologne,4.7
0,0.25705410280817825,Do Not Intervene,926.96,Canada,Vancouver,3.9
0,0.095851599656284,Do Not Intervene,1355.51,France,Paris,3.3
0,0.11021003111989415,Do Not Intervene,1259.26,Canada,Montreal,0.7
1,0.8874063694125925,Trigger Retention Campaign (15% Discount),1894.18,USA,Phoenix,0.4
0,0.14352250224531393,Do Not Intervene,3735.3,USA,New York,1.4
1,0.4950209406389972,Trigger Retention Campaign (15% Discount),566.29,Australia,Perth,1.8
1,0.6134048597504879,Trigger Retention Campaign (15% Discount),681.33,UK,Manchester,4.0
0,0.09382036043856772,Do Not Intervene,1290.45,France,Toulouse,4.4
1,0.7636126409055463,Trigger Retention Campaign (15% Discount),1887.77,Germany,Munich,3.0
0,0.10651773744302014,Do Not Intervene,983.02,UK,Birmingham,2.9
0,0.1923692607781039,Do Not Intervene,1693.39,USA,Phoenix,2.1
0,0.25494775670663616,Do Not Intervene,1857.07,Germany,Frankfurt,0.6
0,0.10333622664343825,Do Not Intervene,1479.35,Canada,Calgary,1.2
0,0.16013465880578884,Do Not Intervene,1667.11,France,Toulouse,1.8
0,0.3716507535667633,Trigger Retention Campaign (15% Discount),1668.23,Japan,Nagoya,1.0
0,0.1443705053565304,Do Not Intervene,979.16,Australia,Melbourne,0.5
0,0.10611506564101454,Do Not Intervene,824.88,Canada,Ottawa,2.4
0,0.18193166699521035,Do Not Intervene,1341.79,India,Bangalore,2.2
0,0.09415634047578474,Do Not Intervene,1474.53,USA,Phoenix,4.4
0,0.1964905103173298,Do Not Intervene,825.21,UK,Birmingham,1.6
0,0.16019121008687864,Do Not Intervene,1142.31,UK,Glasgow,0.5
0,0.20071536806271217,Do Not Intervene,1410.48,Canada,Montreal,2.2
0,0.18919658240113243,Do Not Intervene,697.16,Japan,Kyoto,3.5
0,0.09099283976863422,Do Not Intervene,738.27,USA,Houston,2.8
0,0.32048785304379523,Trigger Retention Campaign (15% Discount),561.46,Germany,Hamburg,3.5
0,0.11742187684838115,Do Not Intervene,2132.02,USA,Houston,2.8
1,0.35483561099973565,Trigger Retention Campaign (15% Discount),1334.93,USA,Los Angeles,0.8
0,0.16145332411235178,Do Not Intervene,1479.83,Germany,Cologne,2.1
0,0.12498825909977221,Do Not Intervene,1187.43,Germany,Munich,4.3
0,0.35691136255726286,Trigger Retention Campaign (15% Discount),673.11,Germany,Cologne,5.2
0,0.41318764401767555,Trigger Retention Campaign (15% Discount),1512.29,Australia,Adelaide,1.4
0,0.12287770233548237,Do Not Intervene,924.03,USA,Los Angeles,2.6
0,0.21051990539824295,Do Not Intervene,3168.59,Australia,Brisbane,5.7
0,0.1541588932509065,Do Not Intervene,1020.7,UK,London,5.0
1,0.7932627057834257,Trigger Retention Campaign (15% Discount),1885.57,France,Lyon,5.4
0,0.3540950187641696,Trigger Retention Campaign (15% Discount),997.28,Germany,Hamburg,3.3
0,0.1366540593053827,Do Not Intervene,1358.1,Japan,Osaka,2.6
0,0.24314484114083132,Do Not Intervene,297.68,UK,Manchester,1.5
0,0.10428040164340872,Do Not Intervene,1161.44,UK,Leeds,5.5
1,0.6260771356237087,Trigger Retention Campaign (15% Discount),697.18,Australia,Brisbane,1.7
1,0.9379424070595141,Trigger Retention Campaign (15% Discount),3128.78,Australia,Sydney,6.8
0,0.08532402872891882,Do Not Intervene,1385.62,USA,Phoenix,0.6
0,0.10222296968673295,Do Not Intervene,950.49,Germany,Frankfurt,4.1
0,0.2417166143440161,Do Not Intervene,1561.63,UK,London,0.2
0,0.10989468267449415,Do Not Intervene,2480.89,Germany,Berlin,5.8
1,0.37816387831884074,Trigger Retention Campaign (15% Discount),389.92,France,Toulouse,1.7
0,0.09139912309517605,Do Not Intervene,1298.78,UK,Manchester,4.8
1,0.934777755483442,Trigger Retention Campaign (15% Discount),2876.11,Canada,Calgary,3.5
1,0.8902163007808133,Trigger Retention Campaign (15% Discount),2667.49,USA,Houston,1.9
0,0.308541370138874,Trigger Retention Campaign (15% Discount),970.06,Germany,Cologne,3.0
1,0.9109697779625457,Trigger Retention Campaign (15% Discount),2512.99,India,Bangalore,2.6
0,0.18846655676793414,Do Not Intervene,4023.54,USA,Los Angeles,2.1
0,0.1638924410624333,Do Not Intervene,667.96,Canada,Ottawa,5.7
0,0.1459570751828522,Do Not Intervene,568.87,Japan,Osaka,1.8
0,0.12357394917726794,Do Not Intervene,1508.06,India,Bangalore,2.4
0,0.14572540498372638,Do Not Intervene,2584.57,USA,Los Angeles,3.1
1,0.749517144441101,Trigger Retention Campaign (15% Discount),703.39,USA,New York,0.7
0,0.09427519903820385,Do Not Intervene,946.84,USA,Chicago,10.0
1,0.49518912043005875,Trigger Retention Campaign (15% Discount),1311.59,USA,Houston,2.4
1,0.839779108451086,Trigger Retention Campaign (15% Discount),2112.75,USA,Phoenix,1.6
1,0.7843074172682478,Trigger Retention Campaign (15% Discount),178.09,Japan,Tokyo,2.1
0,0.21937648466372375,Do Not Intervene,1812.33,India,Mumbai,8.9
0,0.7885710099995201,Trigger Retention Campaign (15% Discount),358.37,Australia,Sydney,1.8
0,0.18507684628571944,Do Not Intervene,2127.18,UK,Glasgow,1.2
0,0.12676796409483018,Do Not Intervene,1313.11,France,Marseille,3.7
1,0.7098031831801066,Trigger Retention Campaign (15% Discount),286.5,Germany,Berlin,0.8
1,0.9354056949700822,Trigger Retention Campaign (15% Discount),3082.12,USA,Los Angeles,4.3
0,0.14671212373434742,Do Not Intervene,6065.82,India,Delhi,1.3
0,0.2729627955264966,Do Not Intervene,810.75,USA,Houston,1.4
1,0.8886168530657668,Trigger Retention Campaign (15% Discount),2272.6,UK,London,2.8
1,0.9042532190426017,Trigger Retention Campaign (15% Discount),1923.54,USA,New York,2.6
0,0.09949837602302299,Do Not Intervene,1693.06,USA,Chicago,3.1
0,0.23249618469304192,Do Not Intervene,2216.34,Canada,Montreal,4.2
0,0.22575544906061518,Do Not Intervene,1468.15,Germany,Berlin,3.8
0,0.1277310479617103,Do Not Intervene,980.56,India,Delhi,2.4
0,0.16144137925392602,Do Not Intervene,2252.35,Australia,Adelaide,3.3
0,0.1592861667685642,Do Not Intervene,837.46,USA,Chicago,0.3
0,0.20958382235695894,Do Not Intervene,1766.95,UK,Leeds,1.1
0,0.14255901382356798,Do Not Intervene,914.03,Canada,Calgary,2.1
0,0.6445790681178752,Trigger Retention Campaign (15% Discount),1690.32,USA,Chicago,2.9
1,0.08303676981417382,Do Not Intervene,1455.18,USA,Los Angeles,1.0
0,0.13009123625161825,Do Not Intervene,1607.04,Canada,Calgary,3.0
1,0.23937713866909927,Do Not Intervene,1313.36,USA,Chicago,2.6
1,0.9383795826707078,Trigger Retention Campaign (15% Discount),2425.44,USA,New York,2.0
1,0.7461322776687624,Trigger Retention Campaign (15% Discount),778.47,France,Toulouse,3.6
0,0.16065549580395047,Do Not Intervene,3034.79,Canada,Ottawa,0.1
0,0.1332553021732816,Do Not Intervene,1188.27,Canada,Calgary,3.6
0,0.13489454901719067,Do Not Intervene,852.22,Japan,Kyoto,5.6
0,0.12470379293261917,Do Not Intervene,1099.93,USA,New York,0.3
0,0.11527084383076543,Do Not Intervene,1064.46,Japan,Yokohama,3.0
0,0.7413440816751218,Trigger Retention Campaign (15% Discount),394.1,France,Nice,3.3
1,0.8946475946501623,Trigger Retention Campaign (15% Discount),185.32,Japan,Osaka,1.4
1,0.1100212634406793,Do Not Intervene,896.22,UK,Leeds,4.7
0,0.11072313158024662,Do Not Intervene,2310.25,Canada,Calgary,2.9
0,0.19542824098183204,Do Not Intervene,1561.18,Canada,Ottawa,0.9
0,0.2542160085844453,Do Not Intervene,625.22,USA,Chicago,2.5
0,0.15429671552810517,Do Not Intervene,1743.1,USA,Phoenix,2.8
0,0.09970353505693565,Do Not Intervene,1077.67,Germany,Frankfurt,1.5
0,0.13577644301912983,Do Not Intervene,3180.59,USA,Phoenix,1.6
1,0.6207031478715408,Trigger Retention Campaign (15% Discount),299.64,France,Nice,5.4
0,0.10006291511046189,Do Not Intervene,1316.61,Canada,Calgary,1.0
0,0.3584452845611835,Trigger Retention Campaign (15% Discount),469.91,India,Mumbai,0.6
0,0.20327108466711408,Do Not Intervene,663.06,Australia,Melbourne,3.1
0,0.1028498111213271,Do Not Intervene,1628.63,UK,London,1.3
0,0.1342379355089365,Do Not Intervene,1402.2,Australia,Adelaide,3.1
1,0.6291262671568907,Trigger Retention Campaign (15% Discount),528.86,USA,Houston,5.9
0,0.19859447023121019,Do Not Intervene,2115.14,UK,Birmingham,2.6
0,0.12877877541767666,Do Not Intervene,4350.87,Australia,Brisbane,5.4
1,0.40221367474225334,Trigger Retention Campaign (15% Discount),2008.36,Japan,Nagoya,5.5
0,0.1780179267152189,Do Not Intervene,3172.99,Germany,Hamburg,5.5
0,0.10142454654477166,Do Not Intervene,2700.48,Canada,Toronto,6.7
0,0.21892243866366976,Do Not Intervene,3183.61,Japan,Nagoya,1.0
0,0.09715899207101385,Do Not Intervene,1389.08,USA,Houston,2.7
0,0.2500703215230074,Do Not Intervene,589.87,France,Nice,7.2
0,0.15251320862712628,Do Not Intervene,564.04,France,Marseille,6.3
0,0.31983887834802177,Trigger Retention Campaign (15% Discount),1126.5,Germany,Frankfurt,2.6
0,0.33712571296325755,Trigger Retention Campaign (15% Discount),201.02,USA,New York,2.4
0,0.1372793928992004,Do Not Intervene,707.47,USA,Los Angeles,1.5
1,0.7228716609144411,Trigger Retention Campaign (15% Discount),545.7,Canada,Montreal,0.3
0,0.10022824479697937,Do Not Intervene,1677.23,USA,Chicago,2.7
1,0.13997586244619661,Do Not Intervene,927.87,Australia,Sydney,5.1
1,0.3065842658984642,Trigger Retention Campaign (15% Discount),2160.65,UK,Glasgow,1.5
0,0.46949045868503575,Trigger Retention Campaign (15% Discount),1230.97,Germany,Hamburg,3.7
1,0.6312403092904928,Trigger Retention Campaign (15% Discount),912.76,UK,Manchester,2.0
0,0.0867132805758227,Do Not Intervene,717.47,India,Bangalore,0.4
1,0.24579477229109262,Do Not Intervene,1582.34,Germany,Cologne,4.8
1,0.8458081393029456,Trigger Retention Campaign (15% Discount),2670.02,USA,Chicago,3.4
0,0.5128990024314054,Trigger Retention Campaign (15% Discount),222.74,Canada,Vancouver,2.3
1,0.6724855213653947,Trigger Retention Campaign (15% Discount),499.44,India,Chennai,3.0
0,0.2697051579052425,Do Not Intervene,831.16,Australia,Sydney,2.7
0,0.10674595016425086,Do Not Intervene,1393.26,France,Lyon,2.1
0,0.19255012976580516,Do Not Intervene,1970.41,Canada,Toronto,6.8
0,0.5324322683421802,Trigger Retention Campaign (15% Discount),385.61,UK,Birmingham,2.6
0,0.15461159793426493,Do Not Intervene,1362.02,USA,Los Angeles,2.0
0,0.08523989015733516,Do Not Intervene,1050.6,USA,New York,4.8
0,0.1046461510613619,Do Not Intervene,1763.16,UK,Manchester,4.8
0,0.12810226996773125,Do Not Intervene,517.27,UK,Glasgow,2.6
0,0.16458456919986753,Do Not Intervene,1618.67,USA,New York,1.3
1,0.49107560674415973,Trigger Retention Campaign (15% Discount),1124.91,Canada,Toronto,6.4
0,0.2169714280682954,Do Not Intervene,593.86,USA,Los Angeles,10.0
1,0.682196543509187,Trigger Retention Campaign (15% Discount),1700.24,Canada,Montreal,0.9
0,0.1725407609413236,Do Not Intervene,663.43,Germany,Frankfurt,2.9
0,0.11338557921935837,Do Not Intervene,1650.78,USA,Chicago,0.7
0,0.10561459678552942,Do Not Intervene,1047.85,USA,Los Angeles,6.4
0,0.17314897939087154,Do Not Intervene,858.2,UK,Leeds,2.7
0,0.11817134260646023,Do Not Intervene,1434.28,Australia,Perth,6.2
1,0.9573678621331869,Trigger Retention Campaign (15% Discount),3139.31,Japan,Kyoto,2.8
0,0.09161360195183428,Do Not Intervene,1535.14,USA,New York,6.0
1,0.8308872504086889,Trigger Retention Campaign (15% Discount),486.29,Canada,Montreal,5.1
0,0.14166657378590078,Do Not Intervene,843.76,Japan,Yokohama,2.7
0,0.10310503848402919,Do Not Intervene,1050.79,USA,Phoenix,4.3
0,0.13009554632467357,Do Not Intervene,670.91,Japan,Nagoya,3.2
0,0.09570675059004712,Do Not Intervene,1234.47,Germany,Frankfurt,0.9
0,0.21483446872478723,Do Not Intervene,1022.0,Australia,Brisbane,7.9
0,0.1007054083387075,Do Not Intervene,763.02,Canada,Montreal,0.9
0,0.1228570814666702,Do Not Intervene,1376.55,Australia,Adelaide,1.5
0,0.5210223344662461,Trigger Retention Campaign (15% Discount),837.42,USA,Phoenix,6.0
1,0.36480852562749916,Trigger Retention Campaign (15% Discount),906.34,USA,New York,2.2
0,0.18332746413882187,Do Not Intervene,1643.89,Australia,Adelaide,1.8
0,0.10662655812443449,Do Not Intervene,2606.55,USA,Phoenix,2.5
0,0.09852108010789332,Do Not Intervene,920.47,India,Delhi,2.4
0,0.1612619741667045,Do Not Intervene,1333.12,USA,New York,1.4
0,0.3511710538739185,Trigger Retention Campaign (15% Discount),781.25,Australia,Brisbane,0.9
1,0.44963347402772963,Trigger Retention Campaign (15% Discount),592.84,UK,Birmingham,3.0
1,0.8629805823696125,Trigger Retention Campaign (15% Discount),1927.6,USA,Phoenix,2.4
1,0.9282773595257268,Trigger Retention Campaign (15% Discount),453.02,Canada,Montreal,1.4
1,0.8779367515995152,Trigger Retention Campaign (15% Discount),474.38,France,Lyon,10.0
0,0.2468981921030406,Do Not Intervene,1212.16,France,Toulouse,0.4
0,0.29301514531911566,Trigger Retention Campaign (15% Discount),694.95,USA,Phoenix,3.9
0,0.1012594178923205,Do Not Intervene,697.96,France,Nice,3.4
0,0.11248024202130441,Do Not Intervene,2899.77,USA,Houston,0.9
1,0.8669573246476585,Trigger Retention Campaign (15% Discount),756.92,India,Hyderabad,2.9
1,0.8572075371753805,Trigger Retention Campaign (15% Discount),631.5,India,Chennai,0.9
1,0.9166580391505821,Trigger Retention Campaign (15% Discount),2297.06,USA,Los Angeles,2.8
1,0.8445981182135539,Trigger Retention Campaign (15% Discount),1308.06,USA,Los Angeles,0.3
0,0.09045884032596833,Do Not Intervene,1312.65,UK,Birmingham,2.9
1,0.8771581868227001,Trigger Retention Campaign (15% Discount),1916.47,USA,Phoenix,1.6
0,0.1403617627814733,Do Not Intervene,635.57,Canada,Toronto,0.6
0,0.08214547389777392,Do Not Intervene,594.1,Australia,Perth,2.3
1,0.8571259346466537,Trigger Retention Campaign (15% Discount),2371.11,USA,Phoenix,3.4
0,0.3458708643587131,Trigger Retention Campaign (15% Discount),929.27,Canada,Calgary,5.4
1,0.8334970054425236,Trigger Retention Campaign (15% Discount),330.53,Australia,Brisbane,3.5
1,0.7399011791777416,Trigger Retention Campaign (15% Discount),2310.85,USA,New York,1.9
0,0.1528011836614592,Do Not Intervene,2009.01,USA,Houston,2.3
0,0.11319513263144809,Do Not Intervene,889.4,France,Paris,7.3
0,0.2022243332085381,Do Not Intervene,985.17,France,Lyon,0.3
0,0.21697546172244753,Do Not Intervene,944.25,USA,Houston,6.2
0,0.09282987347687413,Do Not Intervene,1071.48,USA,Los Angeles,1.2
0,0.17498837179326288,Do Not Intervene,1660.86,USA,Chicago,2.7
0,0.20049665675388342,Do Not Intervene,917.79,Canada,Montreal,1.0
0,0.23270139470381632,Do Not Intervene,627.64,USA,New York,2.9
0,0.11052376181595559,Do Not Intervene,1347.85,USA,Houston,1.2
0,0.191917716557259,Do Not Intervene,1563.97,Australia,Brisbane,4.4
0,0.135058853008188,Do Not Intervene,408.84,Japan,Kyoto,2.0
0,0.13001926135591865,Do Not Intervene,3969.69,Australia,Sydney,5.4
0,0.14493984770953042,Do Not Intervene,1055.17,Canada,Ottawa,0.6
1,0.9601857867080092,Trigger Retention Campaign (15% Discount),3037.2,France,Nice,3.7
0,0.11505211546606409,Do Not Intervene,1056.22,USA,Chicago,1.3
0,0.1011972371422934,Do Not Intervene,1419.85,UK,Manchester,2.4
1,0.0987972362677493,Do Not Intervene,4581.26,USA,Houston,4.8
1,0.7937363941191882,Trigger Retention Campaign (15% Discount),173.7,Australia,Melbourne,2.2
1,0.7967800522659073,Trigger Retention Campaign (15% Discount),2390.56,Japan,Nagoya,1.2
0,0.10128904767358722,Do Not Intervene,950.52,Australia,Perth,2.7
0,0.12918256144699133,Do Not Intervene,1374.35,UK,London,8.9
0,0.4615530448217514,Trigger Retention Campaign (15% Discount),625.8,India,Chennai,0.5
1,0.960194821187385,Trigger Retention Campaign (15% Discount),273.91,France,Lyon,2.9
0,0.17627794626491525,Do Not Intervene,1084.16,UK,Leeds,0.2
0,0.11339760733165402,Do Not Intervene,593.35,Japan,Tokyo,1.3
0,0.14840157597801767,Do Not Intervene,931.17,UK,London,0.2
1,0.8324300876302833,Trigger Retention Campaign (15% Discount),2001.21,USA,Houston,1.1
0,0.24544198225362718,Do Not Intervene,1068.62,France,Lyon,3.4
0,0.09883448038350093,Do Not Intervene,1656.69,Germany,Hamburg,4.6
0,0.15515540048040902,Do Not Intervene,2408.82,USA,New York,4.0
1,0.8866529945045953,Trigger Retention Campaign (15% Discount),760.26,UK,Glasgow,2.0
0,0.5753211436999691,Trigger Retention Campaign (15% Discount),296.49,France,Lyon,5.0
0,0.10596195880206033,Do Not Intervene,751.92,France,Paris,8.1
0,0.3023004735833021,Trigger Retention Campaign (15% Discount),916.88,Canada,Toronto,3.8
0,0.10661139512032528,Do Not Intervene,1555.77,UK,Glasgow,3.9
0,0.2402255765628265,Do Not Intervene,308.99,Canada,Vancouver,6.7
0,0.1419157485608922,Do Not Intervene,1984.39,Australia,Brisbane,4.0
0,0.21402783165665212,Do Not Intervene,951.91,UK,Manchester,2.0
1,0.8953149988382316,Trigger Retention Campaign (15% Discount),2216.8,Australia,Perth,4.1
0,0.12145180225859421,Do Not Intervene,1035.0,USA,Phoenix,2.3
1,0.6031891448028752,Trigger Retention Campaign (15% Discount),236.23,Germany,Hamburg,2.8
1,0.14998228215580864,Do Not Intervene,621.63,USA,Houston,1.8
0,0.07740852180735013,Do Not Intervene,982.88,USA,New York,3.4
0,0.1875295772798187,Do Not Intervene,2703.82,Germany,Hamburg,6.9
0,0.17074482345587957,Do Not Intervene,1385.73,France,Lyon,1.6
0,0.11135157278371743,Do Not Intervene,1511.84,USA,Phoenix,0.6
0,0.11195862290719523,Do Not Intervene,515.4,USA,New York,0.7
0,0.14042454736301294,Do Not Intervene,1281.14,Germany,Hamburg,2.8
0,0.12822749380544185,Do Not Intervene,2086.11,USA,New York,10.0
0,0.11696869147477186,Do Not Intervene,1771.13,Australia,Sydney,1.9
0,0.0985934317945878,Do Not Intervene,1036.21,India,Mumbai,0.9
0,0.1316631396778916,Do Not Intervene,858.1,UK,Glasgow,4.1
0,0.18239625761735023,Do Not Intervene,2290.68,France,Marseille,2.4
0,0.138519802117557,Do Not Intervene,1737.06,Germany,Munich,2.1
1,0.4709784288154193,Trigger Retention Campaign (15% Discount),1183.4,USA,Chicago,1.6
1,0.8436750427322296,Trigger Retention Campaign (15% Discount),307.36,India,Delhi,4.5
1,0.7075291482667311,Trigger Retention Campaign (15% Discount),2313.24,Canada,Montreal,2.8
0,0.1044655782955177,Do Not Intervene,1181.49,France,Marseille,2.8
1,0.6017282185538805,Trigger Retention Campaign (15% Discount),469.64,France,Marseille,3.6
0,0.12532507086231456,Do Not Intervene,696.82,USA,Houston,4.3
1,0.8858773881343596,Trigger Retention Campaign (15% Discount),2622.18,India,Bangalore,4.6
0,0.22369466136892485,Do Not Intervene,205.94,USA,Los Angeles,9.0
0,0.1254023700056811,Do Not Intervene,1289.73,UK,London,1.2
0,0.13047638870990436,Do Not Intervene,1419.85,USA,Houston,6.0
0,0.148707241488352,Do Not Intervene,1495.84,Japan,Tokyo,3.1
1,0.7454750212835956,Trigger Retention Campaign (15% Discount),561.59,Canada,Calgary,1.0
0,0.08667933314951867,Do Not Intervene,559.7,UK,Birmingham,6.9
1,0.9233863966405197,Trigger Retention Campaign (15% Discount),524.49,Japan,Nagoya,3.0
0,0.21142830443148788,Do Not Intervene,1713.66,USA,Houston,2.0
0,0.23736527522668976,Do Not Intervene,1143.32,USA,Phoenix,1.1
0,0.4534667180809693,Trigger Retention Campaign (15% Discount),1628.1,Japan,Kyoto,6.6
0,0.1290338345356556,Do Not Intervene,2447.58,Australia,Adelaide,3.4
1,0.48778639547501706,Trigger Retention Campaign (15% Discount),815.01,USA,Phoenix,2.2
0,0.13663378352027405,Do Not Intervene,2158.29,Germany,Frankfurt,0.6
0,0.12813988973940768,Do Not Intervene,1058.6,USA,Los Angeles,0.7
1,0.6953633042842035,Trigger Retention Campaign (15% Discount),1137.71,USA,Chicago,1.0
0,0.4018555226407947,Trigger Retention Campaign (15% Discount),679.63,USA,Chicago,0.5
1,0.544574956186094,Trigger Retention Campaign (15% Discount),1047.43,India,Hyderabad,3.7
0,0.39793528963907837,Trigger Retention Campaign (15% Discount),1367.4,USA,Phoenix,1.6
0,0.23350253718080502,Do Not Intervene,468.15,Australia,Brisbane,3.0
0,0.11930974952504894,Do Not Intervene,1394.17,USA,Phoenix,4.3
1,0.9311713130518747,Trigger Retention Campaign (15% Discount),2639.19,USA,Los Angeles,0.4
1,0.5904999632357686,Trigger Retention Campaign (15% Discount),1314.1,USA,Los Angeles,4.3
0,0.16307144413988245,Do Not Intervene,2900.11,Australia,Melbourne,2.1
0,0.17134487320193728,Do Not Intervene,780.96,France,Toulouse,1.0
0,0.13525847629785417,Do Not Intervene,965.17,UK,Leeds,2.7
1,0.7282033918179418,Trigger Retention Campaign (15% Discount),280.74,Japan,Tokyo,3.4
0,0.17467645973701626,Do Not Intervene,1892.0,USA,Los Angeles,1.8
0,0.1678920897404659,Do Not Intervene,2713.84,USA,Chicago,8.5
0,0.13578440147307824,Do Not Intervene,558.25,Germany,Hamburg,2.0
0,0.29505347295853096,Trigger Retention Campaign (15% Discount),438.64,USA,Houston,3.1
0,0.13506736896787883,Do Not Intervene,2614.18,Canada,Ottawa,0.2566727602946679
0,0.1720945157766047,Do Not Intervene,2782.69,Germany,Frankfurt,0.4
1,0.8539986866023586,Trigger Retention Campaign (15% Discount),319.95,USA,Phoenix,3.7
0,0.15360175580835564,Do Not Intervene,759.37,Canada,Montreal,0.7
0,0.12930315875443546,Do Not Intervene,1935.35,Germany,Munich,0.7
0,0.1308366252268722,Do Not Intervene,1328.51,Germany,Hamburg,3.7
0,0.14707808719267648,Do Not Intervene,635.16,Canada,Toronto,2.1
0,0.1478521579924002,Do Not Intervene,1106.25,France,Marseille,3.3
1,0.7211412432848436,Trigger Retention Campaign (15% Discount),592.99,France,Paris,0.6
0,0.11142559443937103,Do Not Intervene,1551.18,Japan,Osaka,4.0
1,0.8366168066148006,Trigger Retention Campaign (15% Discount),279.58,USA,Los Angeles,0.6
0,0.400872748457633,Trigger Retention Campaign (15% Discount),659.09,USA,Houston,2.0
1,0.11706939723257713,Do Not Intervene,5146.29,Germany,Frankfurt,4.3
0,0.12742387496510288,Do Not Intervene,999.58,Japan,Nagoya,0.1
0,0.35179363206675235,Trigger Retention Campaign (15% Discount),518.83,USA,Phoenix,1.3
0,0.20822529673993284,Do Not Intervene,5029.67,France,Lyon,7.7
0,0.32983003407281103,Trigger Retention Campaign (15% Discount),858.16,Australia,Perth,2.0
0,0.4726044963431717,Trigger Retention Campaign (15% Discount),287.9,USA,Houston,3.1
1,0.8583257911554173,Trigger Retention Campaign (15% Discount),1990.91,USA,Houston,3.9
1,0.8592269739458235,Trigger Retention Campaign (15% Discount),3219.61,Canada,Montreal,0.4
0,0.14500615761040453,Do Not Intervene,717.81,Canada,Vancouver,1.9
0,0.09948381142019741,Do Not Intervene,1187.49,USA,Houston,0.5
0,0.1621825288065339,Do Not Intervene,428.55,USA,Houston,1.6
0,0.21800206076993933,Do Not Intervene,861.06,UK,Birmingham,1.7
0,0.15172619781076388,Do Not Intervene,1271.57,UK,Leeds,0.4
1,0.7354193987999297,Trigger Retention Campaign (15% Discount),1444.2,Germany,Berlin,0.7
0,0.19337980181969752,Do Not Intervene,2088.31,Canada,Calgary,1.8
0,0.3288699089186718,Trigger Retention Campaign (15% Discount),966.14,Japan,Tokyo,2.0
1,0.8532911869109315,Trigger Retention Campaign (15% Discount),1795.04,UK,London,1.7
0,0.15802127983745062,Do Not Intervene,1648.45,UK,Manchester,2.4
0,0.3708752713841473,Trigger Retention Campaign (15% Discount),1409.96,Australia,Brisbane,2.0
0,0.0909780222612821,Do Not Intervene,4964.67,USA,Houston,2.3
0,0.611370489749229,Trigger Retention Campaign (15% Discount),800.56,France,Marseille,1.4
0,0.525605712806088,Trigger Retention Campaign (15% Discount),1031.42,USA,Houston,0.3
0,0.13914823393274878,Do Not Intervene,1100.28,Germany,Munich,0.3
0,0.08368042254042221,Do Not Intervene,884.39,USA,Phoenix,3.2
0,0.15402030945887854,Do Not Intervene,645.29,USA,Chicago,4.5
0,0.19023588436212968,Do Not Intervene,3657.58,UK,London,1.2
0,0.1571550120179465,Do Not Intervene,1650.1,USA,Phoenix,1.1
0,0.6554289370315406,Trigger Retention Campaign (15% Discount),928.14,USA,Los Angeles,3.6
0,0.1215343369215163,Do Not Intervene,1452.4,Japan,Kyoto,1.0
0,0.3762490638797604,Trigger Retention Campaign (15% Discount),894.51,Canada,Ottawa,3.3
1,0.10818660238759403,Do Not Intervene,4648.03,Canada,Ottawa,2.2
1,0.11556952577788232,Do Not Intervene,2824.54,USA,Chicago,1.2
0,0.08216245868313844,Do Not Intervene,885.78,Japan,Nagoya,2.3
1,0.8623391412761152,Trigger Retention Campaign (15% Discount),2595.14,USA,Houston,1.1
0,0.26354136466536454,Do Not Intervene,495.21,Japan,Osaka,1.1
0,0.09573526822653822,Do Not Intervene,1649.2,USA,New York,1.8
0,0.1350314210597703,Do Not Intervene,2188.34,USA,New York,2.4
1,0.8464747195480226,Trigger Retention Campaign (15% Discount),3174.25,USA,Chicago,1.2
0,0.11573106755578495,Do Not Intervene,1155.15,Japan,Tokyo,2.9
1,0.967427598503805,Trigger Retention Campaign (15% Discount),308.01,USA,Houston,0.6
1,0.5843127142590996,Trigger Retention Campaign (15% Discount),789.41,Germany,Berlin,1.2
0,0.24914119671529034,Do Not Intervene,1211.43,USA,Chicago,1.6
0,0.28442974835014234,Trigger Retention Campaign (15% Discount),691.82,France,Lyon,8.8
0,0.15179817602651233,Do Not Intervene,1658.99,France,Nice,7.2
0,0.1629329504994993,Do Not Intervene,3030.19,Australia,Melbourne,1.6
1,0.5082783576321189,Trigger Retention Campaign (15% Discount),1398.87,France,Lyon,1.5
1,0.6075342684425795,Trigger Retention Campaign (15% Discount),424.22,Germany,Hamburg,8.5
1,0.8016879708494516,Trigger Retention Campaign (15% Discount),914.91,India,Bangalore,1.6
1,0.2264479955036063,Do Not Intervene,1109.12,France,Lyon,1.8
0,0.22181228374467618,Do Not Intervene,1915.57,USA,Los Angeles,0.9
1,0.545113355137832,Trigger Retention Campaign (15% Discount),605.01,USA,New York,1.3
0,0.12013591343732283,Do Not Intervene,1194.0,Canada,Vancouver,2.8
0,0.11296608537116364,Do Not Intervene,892.39,Germany,Hamburg,2.2
0,0.19901827303995423,Do Not Intervene,1571.68,Japan,Kyoto,6.5
1,0.8348742828387696,Trigger Retention Campaign (15% Discount),716.99,USA,Los Angeles,4.8
0,0.14608333770834447,Do Not Intervene,2308.17,Canada,Montreal,1.1
1,0.7371153503707947,Trigger Retention Campaign (15% Discount),746.95,UK,Glasgow,2.8
0,0.09509435834348492,Do Not Intervene,2100.25,UK,Manchester,1.4
0,0.11192898388680868,Do Not Intervene,2165.86,USA,Los Angeles,5.7
0,0.6612569822146663,Trigger Retention Campaign (15% Discount),295.39,UK,London,7.4
0,0.4318175155907537,Trigger Retention Campaign (15% Discount),594.66,USA,Phoenix,2.5
0,0.1463806532114139,Do Not Intervene,2179.15,France,Paris,1.9
0,0.39305319816749595,Trigger Retention Campaign (15% Discount),2532.25,Canada,Montreal,5.3
0,0.5061985025378545,Trigger Retention Campaign (15% Discount),641.57,USA,New York,2.8
0,0.3094144826240277,Trigger Retention Campaign (15% Discount),948.19,USA,Houston,9.1
0,0.16218583100635084,Do Not Intervene,954.23,USA,Los Angeles,7.0
0,0.13526802715925715,Do Not Intervene,1207.46,UK,Leeds,7.5
0,0.13496973652042002,Do Not Intervene,1721.5,USA,Phoenix,2.7
1,0.6846560836759917,Trigger Retention Campaign (15% Discount),670.01,Canada,Toronto,0.8
1,0.9106739075549861,Trigger Retention Campaign (15% Discount),2400.35,Canada,Vancouver,4.9
0,0.2189421452356801,Do Not Intervene,1653.57,USA,Houston,5.6
0,0.18117671714426048,Do Not Intervene,2480.64,France,Marseille,4.5
1,0.880076882823923,Trigger Retention Campaign (15% Discount),2073.52,USA,Phoenix,4.8
1,0.45502325006951627,Trigger Retention Campaign (15% Discount),455.72,USA,Phoenix,0.8
1,0.7108398543237242,Trigger Retention Campaign (15% Discount),2605.34,Germany,Frankfurt,2.7
0,0.14764183130269612,Do Not Intervene,6316.92,Germany,Hamburg,1.5
1,0.12480603817362022,Do Not Intervene,2386.39,Australia,Sydney,0.9
0,0.19092049594895863,Do Not Intervene,1811.76,UK,Glasgow,2.6
0,0.15011618091765425,Do Not Intervene,1054.21,UK,Glasgow,1.9
0,0.1297958394363224,Do Not Intervene,2984.87,USA,New York,0.9
0,0.26546511597942063,Do Not Intervene,3121.05,UK,Manchester,2.4
0,0.14389442812791614,Do Not Intervene,1492.42,Australia,Perth,0.1
1,0.6562840547225629,Trigger Retention Campaign (15% Discount),924.37,USA,Phoenix,3.9
1,0.5599052194847339,Trigger Retention Campaign (15% Discount),467.91,Australia,Perth,1.1
1,0.6203230116568446,Trigger Retention Campaign (15% Discount),1548.86,France,Paris,3.0
0,0.10602226715303333,Do Not Intervene,1511.48,USA,Los Angeles,2.6
0,0.09676420558123125,Do Not Intervene,1772.83,Australia,Melbourne,2.9
0,0.14040074736477345,Do Not Intervene,1331.18,USA,Los Angeles,1.5
0,0.10724465993061029,Do Not Intervene,1481.91,UK,Manchester,3.1
1,0.6648962769472289,Trigger Retention Campaign (15% Discount),1138.59,Australia,Melbourne,2.8
0,0.10130927447757405,Do Not Intervene,3021.92,India,Hyderabad,4.2
1,0.8896563615446443,Trigger Retention Campaign (15% Discount),602.91,Canada,Montreal,0.6
1,0.733707034490164,Trigger Retention Campaign (15% Discount),411.85,Australia,Sydney,3.3
0,0.27523377154175743,Do Not Intervene,1815.72,USA,Houston,1.0
0,0.24344592827342518,Do Not Intervene,1969.77,India,Chennai,3.5
0,0.16063056486415225,Do Not Intervene,1894.57,Australia,Melbourne,2.2
0,0.18328055684859934,Do Not Intervene,3484.6,Canada,Calgary,5.1
0,0.14182957742623167,Do Not Intervene,1730.2,USA,Chicago,4.0
0,0.09812584242525237,Do Not Intervene,1500.74,USA,Houston,3.5
0,0.0924861642675499,Do Not Intervene,1004.04,USA,Phoenix,3.1
0,0.09410566130349972,Do Not Intervene,1604.9,USA,Chicago,2.7
1,0.11212812645267495,Do Not Intervene,1025.76,USA,Los Angeles,1.4
0,0.19383735370977195,Do Not Intervene,1161.2,Canada,Calgary,2.4
0,0.6287788608802621,Trigger Retention Campaign (15% Discount),991.67,Germany,Berlin,1.0
0,0.11409105676332995,Do Not Intervene,1645.39,France,Nice,6.8
1,0.716789421231508,Trigger Retention Campaign (15% Discount),406.97,Germany,Munich,1.8
0,0.07705537441083844,Do Not Intervene,1170.17,France,Lyon,1.0
1,0.8210573937394824,Trigger Retention Campaign (15% Discount),2157.25,Japan,Nagoya,4.6
0,0.24698054224140986,Do Not Intervene,721.53,Japan,Kyoto,0.8
0,0.09713442625634232,Do Not Intervene,1555.46,India,Hyderabad,2.5
1,0.25421057068484587,Do Not Intervene,588.94,Canada,Montreal,2.3
1,0.6331978224902371,Trigger Retention Campaign (15% Discount),4663.27,USA,Phoenix,2.7
1,0.900969511381132,Trigger Retention Campaign (15% Discount),2473.12,France,Nice,5.6
0,0.12438141258767815,Do Not Intervene,820.8,USA,Los Angeles,3.6
0,0.16520713887089652,Do Not Intervene,1248.3,USA,Chicago,4.0
0,0.09474637461425556,Do Not Intervene,861.54,Germany,Berlin,10.0
1,0.5218912668398104,Trigger Retention Campaign (15% Discount),555.12,USA,New York,2.7
0,0.09283313440083779,Do Not Intervene,3185.48,UK,Birmingham,1.3
0,0.11366204253295856,Do Not Intervene,1773.29,UK,Manchester,4.0
0,0.12120134863016288,Do Not Intervene,885.89,France,Toulouse,2.6
1,0.8879672944339209,Trigger Retention Campaign (15% Discount),1117.08,USA,Houston,7.4
0,0.09341348001675326,Do Not Intervene,1549.91,France,Toulouse,5.3
0,0.23161507168520057,Do Not Intervene,336.1,France,Nice,2.3
0,0.12279307948365137,Do Not Intervene,1085.16,USA,Chicago,4.1
0,0.11182369235723628,Do Not Intervene,763.31,Germany,Hamburg,5.5
0,0.11846897652165778,Do Not Intervene,1572.17,UK,Manchester,4.7
1,0.7272474690403686,Trigger Retention Campaign (15% Discount),177.42,USA,Houston,5.0
1,0.553235405707531,Trigger Retention Campaign (15% Discount),981.01,USA,Houston,2.8
0,0.09841968269620571,Do Not Intervene,1355.16,USA,Phoenix,1.4
0,0.4811930976085623,Trigger Retention Campaign (15% Discount),759.55,France,Marseille,1.5
1,0.2936624264594696,Trigger Retention Campaign (15% Discount),316.21,UK,Birmingham,5.2
0,0.09647735183955651,Do Not Intervene,2345.1,USA,Chicago,1.5
0,0.17592863883558593,Do Not Intervene,1213.77,USA,New York,1.7
1,0.9389966446407277,Trigger Retention Campaign (15% Discount),2347.26,India,Mumbai,3.1
0,0.10490400816486518,Do Not Intervene,1356.18,USA,Chicago,1.0
0,0.16203122117943547,Do Not Intervene,909.09,USA,Houston,4.8
0,0.10931910552483849,Do Not Intervene,1376.97,USA,New York,1.8
1,0.682094842082051,Trigger Retention Campaign (15% Discount),1461.1,Australia,Melbourne,10.0
0,0.29474877247414416,Trigger Retention Campaign (15% Discount),585.57,Canada,Montreal,0.5
0,0.22197639675684294,Do Not Intervene,645.67,UK,Birmingham,5.2
1,0.8539875232127173,Trigger Retention Campaign (15% Discount),1225.81,Germany,Berlin,3.5
1,0.7573039789777307,Trigger Retention Campaign (15% Discount),932.46,Canada,Montreal,6.3
1,0.8409595574794864,Trigger Retention Campaign (15% Discount),2102.25,Germany,Berlin,1.2
0,0.08626601455723945,Do Not Intervene,1531.03,USA,Chicago,3.8
0,0.17383031538058855,Do Not Intervene,1005.12,Australia,Sydney,1.0
0,0.10083897556052637,Do Not Intervene,1237.06,Canada,Toronto,1.2
1,0.7998824919701499,Trigger Retention Campaign (15% Discount),360.93,Canada,Vancouver,0.7
0,0.13962604904688938,Do Not Intervene,1390.12,Canada,Montreal,4.5
1,0.6070515147016683,Trigger Retention Campaign (15% Discount),485.31,USA,Chicago,5.6
0,0.09971916607238673,Do Not Intervene,871.34,UK,Birmingham,2.6
0,0.11179478023543721,Do Not Intervene,2017.41,France,Lyon,2.9
0,0.12887901692243303,Do Not Intervene,2717.54,Canada,Toronto,4.0
1,0.8986452386122007,Trigger Retention Campaign (15% Discount),2396.09,Canada,Ottawa,1.9
0,0.19483510999477005,Do Not Intervene,877.65,USA,Houston,4.2
0,0.34498359406027035,Trigger Retention Campaign (15% Discount),584.02,Germany,Hamburg,1.9
1,0.5604224112824339,Trigger Retention Campaign (15% Discount),458.94,Australia,Brisbane,2.9
0,0.11905249211455844,Do Not Intervene,1149.68,Germany,Frankfurt,4.8
0,0.12060985166435395,Do Not Intervene,934.38,Canada,Ottawa,5.1
0,0.7019696848004471,Trigger Retention Campaign (15% Discount),184.79,Australia,Brisbane,7.3
1,0.6889382274093275,Trigger Retention Campaign (15% Discount),1991.11,India,Delhi,2.7
0,0.13424044525288958,Do Not Intervene,2190.56,USA,Chicago,3.5
0,0.1765559706137672,Do Not Intervene,1683.85,USA,Los Angeles,3.6
0,0.10697569569049113,Do Not Intervene,1757.34,Australia,Melbourne,5.2
0,0.13207747955708257,Do Not Intervene,796.33,USA,Phoenix,1.6
0,0.08596235737802074,Do Not Intervene,1269.91,Australia,Brisbane,1.3
0,0.40810123881838173,Trigger Retention Campaign (15% Discount),939.56,Germany,Berlin,3.4
0,0.13557330658909042,Do Not Intervene,1037.42,Germany,Cologne,4.8
0,0.6895542380773584,Trigger Retention Campaign (15% Discount),451.71,Japan,Tokyo,4.6
0,0.21201015594897232,Do Not Intervene,1057.51,Canada,Ottawa,5.3
0,0.1338926358716286,Do Not Intervene,1947.29,USA,Chicago,4.8
1,0.9360948786651135,Trigger Retention Campaign (15% Discount),201.27,India,Chennai,2.8
1,0.8525056688805709,Trigger Retention Campaign (15% Discount),1384.28,USA,Los Angeles,2.2
0,0.1636027461226645,Do Not Intervene,4235.17,Japan,Osaka,0.6
0,0.136132235941084,Do Not Intervene,1273.68,Germany,Hamburg,4.3
1,0.11231701897979778,Do Not Intervene,960.0,Germany,Cologne,3.7
0,0.19446379503267586,Do Not Intervene,1821.06,UK,London,5.5
1,0.6130159724003813,Trigger Retention Campaign (15% Discount),999.85,UK,London,0.2
0,0.08978369163333724,Do Not Intervene,586.46,USA,Phoenix,4.8
0,0.33501324730487747,Trigger Retention Campaign (15% Discount),541.07,Canada,Ottawa,3.2
0,0.7039622944176986,Trigger Retention Campaign (15% Discount),843.98,Australia,Melbourne,4.3
0,0.12175953880288104,Do Not Intervene,1602.89,Germany,Hamburg,3.2
0,0.12631570859465027,Do Not Intervene,2068.85,France,Paris,1.8
0,0.13598780500893015,Do Not Intervene,949.15,Canada,Ottawa,1.7
1,0.6108056636282005,Trigger Retention Campaign (15% Discount),1223.42,USA,New York,1.9
0,0.15783948374689177,Do Not Intervene,1428.2,USA,Phoenix,0.5
0,0.17170636613179457,Do Not Intervene,1057.81,UK,Glasgow,1.6
0,0.16604753887798207,Do Not Intervene,1582.21,France,Lyon,1.6
1,0.7060397890616056,Trigger Retention Campaign (15% Discount),1981.73,USA,Phoenix,0.4
0,0.2600079855814207,Do Not Intervene,2687.2,USA,Houston,6.0
0,0.3168556817869428,Trigger Retention Campaign (15% Discount),566.59,USA,Chicago,2.6
0,0.1500563049650968,Do Not Intervene,1712.26,UK,Manchester,1.5
0,0.09154114763708181,Do Not Intervene,1336.44,Germany,Cologne,1.5
1,0.9249093056688649,Trigger Retention Campaign (15% Discount),2113.51,Australia,Adelaide,1.3
0,0.1424080901320316,Do Not Intervene,501.89,USA,Phoenix,1.7
0,0.12256207904281163,Do Not Intervene,4570.44,UK,Leeds,9.5
1,0.14777484349433048,Do Not Intervene,1557.96,Germany,Berlin,5.1
0,0.118945802187247,Do Not Intervene,3125.53,USA,Chicago,0.1
0,0.10703316211674357,Do Not Intervene,857.61,Germany,Cologne,0.3
1,0.13805714956565873,Do Not Intervene,2944.51,UK,Birmingham,2.6
0,0.11332374734109528,Do Not Intervene,2457.04,USA,Houston,6.2
1,0.8599371052829329,Trigger Retention Campaign (15% Discount),586.63,USA,Houston,2.7
0,0.2169474281130372,Do Not Intervene,2314.39,USA,Houston,1.8
0,0.14199755537233152,Do Not Intervene,791.44,USA,New York,3.0
0,0.11714385039776358,Do Not Intervene,1710.34,USA,Chicago,6.3
1,0.10842045867943984,Do Not Intervene,4058.91,Canada,Ottawa,2.3
0,0.34312807060492806,Trigger Retention Campaign (15% Discount),1398.21,India,Bangalore,1.3
0,0.1925019147899634,Do Not Intervene,1085.67,USA,Phoenix,0.6
0,0.08446532412396061,Do Not Intervene,880.23,Germany,Berlin,0.9
0,0.11553945764129513,Do Not Intervene,1324.53,UK,Leeds,1.8
0,0.17872395907277286,Do Not Intervene,863.31,UK,Manchester,3.0
0,0.09080114742375243,Do Not Intervene,569.65,France,Toulouse,1.8
0,0.16669847435661267,Do Not Intervene,2408.26,UK,London,1.6
0,0.13773325260595284,Do Not Intervene,1628.87,USA,Houston,2.4
0,0.18444620594175806,Do Not Intervene,682.97,USA,Phoenix,2.1
0,0.10040929096155898,Do Not Intervene,885.7,USA,Phoenix,2.4
1,0.8287640287409461,Trigger Retention Campaign (15% Discount),4493.64,France,Lyon,6.5
0,0.11023581530969484,Do Not Intervene,4272.01,USA,Houston,2.3
0,0.12497209738224298,Do Not Intervene,872.06,USA,Phoenix,0.5
0,0.1331921470510303,Do Not Intervene,2210.46,India,Bangalore,1.4
1,0.20568208517912265,Do Not Intervene,1602.48,Canada,Calgary,4.5
0,0.2600601499132487,Do Not Intervene,1519.11,Germany,Frankfurt,3.4
0,0.1569728352131745,Do Not Intervene,1831.62,UK,Leeds,3.7
0,0.16670732993284992,Do Not Intervene,1713.48,Canada,Calgary,0.8
1,0.6867600620079812,Trigger Retention Campaign (15% Discount),968.78,USA,Phoenix,6.2
0,0.09970408105906978,Do Not Intervene,3128.3,UK,Manchester,2.8
0,0.22632633876193325,Do Not Intervene,601.68,Germany,Munich,3.4
0,0.18545860531007669,Do Not Intervene,1775.04,USA,Los Angeles,3.5
0,0.1308492046949347,Do Not Intervene,329.34,USA,New York,3.7
1,0.9378657182335272,Trigger Retention Campaign (15% Discount),373.94,USA,Houston,9.5
0,0.1477391546770596,Do Not Intervene,1442.37,Germany,Frankfurt,3.9
0,0.11812827913870333,Do Not Intervene,1839.08,France,Nice,6.8
1,0.20097659427613035,Do Not Intervene,1023.62,India,Chennai,7.3
0,0.10449210793574464,Do Not Intervene,888.42,USA,Chicago,3.2
0,0.3402454138337665,Trigger Retention Campaign (15% Discount),1145.17,USA,Chicago,5.5
1,0.1529952660371908,Do Not Intervene,1793.51,Australia,Brisbane,2.7
0,0.1562882126156578,Do Not Intervene,3748.9,Australia,Perth,2.8
0,0.0976526256807886,Do Not Intervene,1105.98,Australia,Sydney,1.9
0,0.12392609100032273,Do Not Intervene,2534.56,USA,Houston,5.9
0,0.49309741682196195,Trigger Retention Campaign (15% Discount),879.71,Australia,Adelaide,1.2
0,0.12378362067044048,Do Not Intervene,2290.94,USA,Phoenix,3.4
1,0.8596988519030194,Trigger Retention Campaign (15% Discount),2569.63,Australia,Adelaide,3.3
1,0.4902954707130053,Trigger Retention Campaign (15% Discount),557.5,Australia,Brisbane,2.1
0,0.20222696575009821,Do Not Intervene,895.67,USA,Houston,0.5
0,0.6250663289569315,Trigger Retention Campaign (15% Discount),461.86,USA,Houston,3.7
1,0.7211678592403264,Trigger Retention Campaign (15% Discount),1893.77,Australia,Brisbane,1.6
1,0.7970462168975861,Trigger Retention Campaign (15% Discount),2733.98,USA,Los Angeles,4.3
0,0.2201501516057004,Do Not Intervene,2785.68,UK,Leeds,0.6
0,0.8322587646721732,Trigger Retention Campaign (15% Discount),205.24,USA,Chicago,2.3
0,0.1972034294466537,Do Not Intervene,2532.96,UK,Manchester,1.2
0,0.13250636782628689,Do Not Intervene,844.35,India,Hyderabad,10.0
1,0.5650094175415027,Trigger Retention Campaign (15% Discount),512.35,France,Nice,4.6
0,0.14926256896775808,Do Not Intervene,1235.62,UK,Manchester,2.2
1,0.8070017281796877,Trigger Retention Campaign (15% Discount),1977.08,UK,Manchester,6.0
0,0.4955339098280562,Trigger Retention Campaign (15% Discount),1689.98,UK,Birmingham,4.1
0,0.169013740754744,Do Not Intervene,1958.15,USA,New York,7.5
0,0.10590185520016492,Do Not Intervene,1136.59,Germany,Frankfurt,1.7
0,0.1296976410617244,Do Not Intervene,901.87,Japan,Tokyo,3.2
0,0.08021819308840182,Do Not Intervene,1566.16,UK,Birmingham,3.3
1,0.9107378023923797,Trigger Retention Campaign (15% Discount),1379.23,USA,Houston,2.1
0,0.16435312193984303,Do Not Intervene,1311.64,USA,Phoenix,7.2
1,0.8045220857024157,Trigger Retention Campaign (15% Discount),800.86,Canada,Ottawa,8.4
0,0.15116776035907256,Do Not Intervene,2033.68,USA,Los Angeles,2.1
0,0.15748818287277533,Do Not Intervene,930.11,USA,Phoenix,2.7
1,0.7687418875259724,Trigger Retention Campaign (15% Discount),2251.31,Canada,Montreal,2.4
1,0.1001067161409789,Do Not Intervene,1850.0,UK,Birmingham,0.8
1,0.6340915805752798,Trigger Retention Campaign (15% Discount),334.32,Australia,Perth,0.9
0,0.13069864007578885,Do Not Intervene,1218.58,Canada,Calgary,3.5
1,0.958025833930555,Trigger Retention Campaign (15% Discount),532.0,USA,Phoenix,2.4
0,0.16088093685071347,Do Not Intervene,1742.03,Australia,Adelaide,2.2
0,0.29239873009643214,Trigger Retention Campaign (15% Discount),808.78,Canada,Ottawa,2.0
0,0.22012652623867163,Do Not Intervene,1268.44,Germany,Berlin,2.8
1,0.4472205803993213,Trigger Retention Campaign (15% Discount),780.96,Australia,Adelaide,6.5
0,0.11589536663089806,Do Not Intervene,1234.88,USA,Chicago,2.1
0,0.16693409732128547,Do Not Intervene,4929.08,Canada,Toronto,2.4
0,0.28726086731699924,Trigger Retention Campaign (15% Discount),1544.51,India,Chennai,10.0
0,0.0838272557703551,Do Not Intervene,775.43,UK,Manchester,1.5
0,0.3954843927486443,Trigger Retention Campaign (15% Discount),1117.97,USA,Phoenix,0.6
0,0.10438249604749421,Do Not Intervene,1520.73,USA,Phoenix,1.5
0,0.10548484053301027,Do Not Intervene,873.86,France,Paris,3.9
0,0.1367023376953804,Do Not Intervene,819.23,France,Lyon,3.0
0,0.11094307582771572,Do Not Intervene,1563.84,USA,Chicago,5.6
0,0.20748795906434098,Do Not Intervene,3968.23,USA,Los Angeles,2.6
0,0.18832226050817139,Do Not Intervene,523.2,France,Nice,0.8
1,0.12662392797348956,Do Not Intervene,1048.62,USA,Phoenix,5.6
1,0.8434364648246954,Trigger Retention Campaign (15% Discount),1548.17,Germany,Hamburg,0.4
0,0.11719663998851333,Do Not Intervene,3350.1,UK,London,0.4
0,0.11143311796520519,Do Not Intervene,901.4,USA,Houston,1.2
1,0.880962602541177,Trigger Retention Campaign (15% Discount),2288.5,USA,Houston,3.6
0,0.1862087224019033,Do Not Intervene,3866.86,India,Hyderabad,2.3
0,0.12890344937515708,Do Not Intervene,3179.82,USA,Chicago,3.2
0,0.09231935363136154,Do Not Intervene,1426.65,France,Marseille,5.7
0,0.13391618673802883,Do Not Intervene,1458.66,Canada,Calgary,1.1
1,0.8042593552487773,Trigger Retention Campaign (15% Discount),896.77,USA,Phoenix,1.2
1,0.5512477581620124,Trigger Retention Campaign (15% Discount),978.93,USA,Phoenix,6.8
0,0.12709457864145318,Do Not Intervene,482.29,Germany,Cologne,3.1
0,0.1992852070601331,Do Not Intervene,1780.56,Germany,Hamburg,1.3
0,0.153408431023403,Do Not Intervene,1820.42,USA,Houston,0.8
0,0.16496701520127885,Do Not Intervene,1500.15,UK,Leeds,2.7
0,0.42038319462487983,Trigger Retention Campaign (15% Discount),843.33,France,Paris,3.2
0,0.10104096159442344,Do Not Intervene,1359.76,USA,Houston,3.3
0,0.09219740830984426,Do Not Intervene,989.25,Canada,Montreal,2.5
0,0.12475668725195957,Do Not Intervene,888.72,Canada,Toronto,4.7
1,0.9172122424285192,Trigger Retention Campaign (15% Discount),550.67,India,Chennai,6.1
0,0.17737440528013235,Do Not Intervene,1200.96,USA,Chicago,0.6
0,0.21316892737684856,Do Not Intervene,1208.2,Canada,Calgary,3.1
0,0.14830893965890318,Do Not Intervene,1238.75,Japan,Nagoya,0.6
0,0.1535394440324472,Do Not Intervene,2412.45,Canada,Montreal,0.9
0,0.13534736132821223,Do Not Intervene,4757.71,Canada,Calgary,2.0
0,0.5659334345572163,Trigger Retention Campaign (15% Discount),695.64,Canada,Calgary,1.5
0,0.628329624816392,Trigger Retention Campaign (15% Discount),589.25,France,Nice,0.8
0,0.13124929474610866,Do Not Intervene,3074.9,USA,Chicago,2.5
0,0.1316766495172336,Do Not Intervene,2975.15,Germany,Berlin,1.2
0,0.08864106458275973,Do Not Intervene,949.45,Japan,Yokohama,3.3
0,0.2145453709418845,Do Not Intervene,1981.93,USA,Chicago,6.6
0,0.4375758189380583,Trigger Retention Campaign (15% Discount),953.4,Australia,Perth,4.7
0,0.15499643025589485,Do Not Intervene,598.09,USA,Los Angeles,5.1
1,0.8744107717991266,Trigger Retention Campaign (15% Discount),2219.43,Australia,Melbourne,5.4
0,0.08613636780444793,Do Not Intervene,983.41,USA,Chicago,3.4
0,0.12440361554154633,Do Not Intervene,1086.93,Canada,Ottawa,3.9
1,0.7696519834160616,Trigger Retention Campaign (15% Discount),2010.83,Canada,Ottawa,7.6
0,0.24403563547427262,Do Not Intervene,723.19,USA,Chicago,2.0
1,0.11400767572411066,Do Not Intervene,2008.1,Germany,Cologne,4.2
0,0.12195196470407023,Do Not Intervene,955.62,UK,Leeds,6.0
1,0.15320771351569926,Do Not Intervene,1002.74,USA,Phoenix,2.2
0,0.14713543246421706,Do Not Intervene,1437.56,USA,Phoenix,0.2
1,0.6841482796247581,Trigger Retention Campaign (15% Discount),529.14,USA,Houston,6.3
0,0.1392062277015307,Do Not Intervene,606.35,France,Toulouse,5.7
1,0.7369889270299583,Trigger Retention Campaign (15% Discount),1981.75,UK,Birmingham,2.4
0,0.09486090557332959,Do Not Intervene,1234.39,India,Bangalore,6.5
0,0.5621584029366976,Trigger Retention Campaign (15% Discount),650.72,USA,Los Angeles,4.8
1,0.6184386435540785,Trigger Retention Campaign (15% Discount),777.52,UK,Birmingham,2.2
0,0.15232897058541503,Do Not Intervene,678.8,USA,Chicago,1.6
0,0.15449175561562525,Do Not Intervene,3942.09,UK,Leeds,2.0
0,0.5568154614342341,Trigger Retention Campaign (15% Discount),1115.56,USA,Phoenix,3.0
0,0.0819697017495739,Do Not Intervene,1483.82,Germany,Hamburg,1.7
1,0.5163927918239205,Trigger Retention Campaign (15% Discount),2157.32,USA,Los Angeles,1.5
0,0.10011096208312838,Do Not Intervene,782.59,India,Chennai,7.7
0,0.07971312022641143,Do Not Intervene,1265.93,USA,Houston,0.9
0,0.10943996888364695,Do Not Intervene,1519.09,USA,New York,2.4
0,0.4220437156506208,Trigger Retention Campaign (15% Discount),740.78,Canada,Calgary,8.0
1,0.7103710202363145,Trigger Retention Campaign (15% Discount),292.9,India,Hyderabad,5.2
0,0.47530238208269393,Trigger Retention Campaign (15% Discount),997.39,USA,Chicago,4.4
1,0.8285681671300438,Trigger Retention Campaign (15% Discount),2119.08,India,Delhi,4.5
0,0.16011078039712373,Do Not Intervene,1095.76,USA,Chicago,1.8
0,0.5343075695542914,Trigger Retention Campaign (15% Discount),652.6,Germany,Cologne,1.2
0,0.14648414460145656,Do Not Intervene,1346.37,USA,Los Angeles,1.2
0,0.13558724768908548,Do Not Intervene,3205.0,USA,Phoenix,1.7
0,0.1341444517398067,Do Not Intervene,648.78,Japan,Nagoya,3.6
0,0.3007982812153285,Trigger Retention Campaign (15% Discount),1757.5,France,Nice,5.3
1,0.646097761188174,Trigger Retention Campaign (15% Discount),1393.91,UK,Birmingham,4.8
0,0.14392567008887822,Do Not Intervene,2243.03,Canada,Vancouver,7.9
0,0.3051129813874533,Trigger Retention Campaign (15% Discount),1101.79,Australia,Adelaide,8.7
1,0.8823299313553941,Trigger Retention Campaign (15% Discount),2199.3,Germany,Berlin,8.4
1,0.9589652564971834,Trigger Retention Campaign (15% Discount),929.38,USA,Los Angeles,1.9
0,0.09563420072661674,Do Not Intervene,1781.47,UK,Birmingham,1.4
0,0.23504810414665106,Do Not Intervene,1218.67,UK,Glasgow,0.7
0,0.13493192379731755,Do Not Intervene,3427.04,UK,Birmingham,5.3
0,0.5355131448475081,Trigger Retention Campaign (15% Discount),504.19,Germany,Munich,4.0
0,0.18275141413323515,Do Not Intervene,2224.46,USA,Chicago,1.6
1,0.12188706751970563,Do Not Intervene,1252.22,Australia,Brisbane,0.6
1,0.5604267884676041,Trigger Retention Campaign (15% Discount),1436.14,UK,Manchester,1.1
0,0.3457363136242372,Trigger Retention Campaign (15% Discount),720.47,Germany,Hamburg,1.2
0,0.4529453058988859,Trigger Retention Campaign (15% Discount),480.88,USA,Chicago,1.3
0,0.1260513099320686,Do Not Intervene,1570.5,USA,New York,3.1
1,0.6618248570888184,Trigger Retention Campaign (15% Discount),750.45,USA,Chicago,3.8
0,0.14864442552354162,Do Not Intervene,2974.07,USA,Phoenix,0.7
0,0.8774317453373949,Trigger Retention Campaign (15% Discount),93.94,France,Lyon,6.2
0,0.5094240278692311,Trigger Retention Campaign (15% Discount),661.79,Japan,Yokohama,2.6
1,0.6911498231385412,Trigger Retention Campaign (15% Discount),634.56,UK,Manchester,2.1
0,0.4158975731585937,Trigger Retention Campaign (15% Discount),527.39,Germany,Munich,1.1
1,0.8276674786366495,Trigger Retention Campaign (15% Discount),598.39,Germany,Munich,1.2
0,0.33521682440932643,Trigger Retention Campaign (15% Discount),1845.05,Australia,Melbourne,3.5
1,0.1907982214158717,Do Not Intervene,1124.28,USA,Chicago,0.8
0,0.13609143106798574,Do Not Intervene,1638.54,USA,Los Angeles,10.0
0,0.11661438741044307,Do Not Intervene,1777.0,India,Mumbai,1.7
0,0.17343377550606223,Do Not Intervene,744.3,Germany,Cologne,6.9
0,0.11194992658063954,Do Not Intervene,880.9,USA,New York,1.5
0,0.20484515538932555,Do Not Intervene,2292.75,USA,Houston,4.2
1,0.9028401207900347,Trigger Retention Campaign (15% Discount),2501.52,UK,London,0.4
0,0.08660622657871908,Do Not Intervene,501.53,USA,Chicago,3.7
0,0.14247951018649868,Do Not Intervene,1124.37,Japan,Osaka,1.8
1,0.6338743288881554,Trigger Retention Campaign (15% Discount),1073.88,USA,New York,2.7
0,0.1436708517445857,Do Not Intervene,2113.14,UK,Glasgow,1.4
0,0.3163706695480569,Trigger Retention Campaign (15% Discount),2097.58,UK,Leeds,1.2
0,0.1265484555558235,Do Not Intervene,674.93,USA,New York,4.1
0,0.2803679952706099,Trigger Retention Campaign (15% Discount),695.41,France,Nice,2.4
0,0.09944559063957678,Do Not Intervene,2431.64,USA,New York,3.6
1,0.8594954006981261,Trigger Retention Campaign (15% Discount),1974.35,USA,New York,2.4
0,0.09011110155062664,Do Not Intervene,1323.15,USA,New York,2.4
0,0.2590346956037136,Do Not Intervene,1650.42,USA,Chicago,0.5
1,0.40039915250112673,Trigger Retention Campaign (15% Discount),535.5,UK,London,2.5
0,0.31892822539247223,Trigger Retention Campaign (15% Discount),546.96,France,Toulouse,7.1
0,0.21288047502715332,Do Not Intervene,1874.97,UK,Birmingham,2.6
0,0.18508902025616059,Do Not Intervene,3909.49,Australia,Adelaide,3.7
0,0.15839585783745294,Do Not Intervene,1349.52,USA,Los Angeles,4.1
0,0.366856288320282,Trigger Retention Campaign (15% Discount),623.04,France,Paris,2.3
1,0.8432158850027982,Trigger Retention Campaign (15% Discount),331.59,Australia,Perth,2.5
0,0.1456231663397615,Do Not Intervene,2500.73,USA,Chicago,1.8
1,0.33466419653510565,Trigger Retention Campaign (15% Discount),2279.9,UK,Glasgow,9.0
0,0.13830193322282855,Do Not Intervene,1456.46,UK,Birmingham,2.3
0,0.09115858793890887,Do Not Intervene,1131.03,Canada,Ottawa,1.1
1,0.638670359718896,Trigger Retention Campaign (15% Discount),322.68,Canada,Ottawa,5.6
0,0.1783566126667407,Do Not Intervene,2108.38,USA,Los Angeles,3.0
0,0.13697343084163166,Do Not Intervene,1279.37,India,Delhi,2.1
0,0.5514652819683795,Trigger Retention Campaign (15% Discount),1183.78,USA,Houston,4.6
0,0.24791816618537393,Do Not Intervene,1429.66,Germany,Munich,10.0
1,0.7543594102025493,Trigger Retention Campaign (15% Discount),919.95,Australia,Adelaide,2.9
0,0.1344594613381126,Do Not Intervene,1392.36,India,Mumbai,5.7
1,0.7492247849738479,Trigger Retention Campaign (15% Discount),370.14,France,Toulouse,0.8
0,0.1377454948094956,Do Not Intervene,1730.32,UK,London,4.7
1,0.6891582743184587,Trigger Retention Campaign (15% Discount),966.02,Canada,Vancouver,6.5
0,0.17044726001421984,Do Not Intervene,1617.47,USA,Phoenix,3.0
0,0.17382467738360577,Do Not Intervene,2146.91,Japan,Tokyo,8.4
0,0.8673704943980525,Trigger Retention Campaign (15% Discount),650.63,USA,Chicago,2.4
0,0.1287713999665173,Do Not Intervene,789.58,USA,Los Angeles,0.1
0,0.13513079965091307,Do Not Intervene,6138.12,India,Chennai,2.9
0,0.11542950323053397,Do Not Intervene,2266.09,USA,Houston,3.0
1,0.8879330449857205,Trigger Retention Campaign (15% Discount),390.07,Australia,Adelaide,5.3
0,0.30179822766999853,Trigger Retention Campaign (15% Discount),488.99,Canada,Vancouver,2.1
0,0.10786203956595722,Do Not Intervene,768.97,USA,Chicago,6.4
0,0.11232200340524086,Do Not Intervene,1409.82,France,Marseille,1.5
0,0.315410270904081,Trigger Retention Campaign (15% Discount),256.19,Germany,Berlin,3.1
0,0.1701385811971156,Do Not Intervene,2858.51,Australia,Melbourne,3.7
0,0.08419011541783648,Do Not Intervene,2842.84,USA,Phoenix,1.8
1,0.3756629277769437,Trigger Retention Campaign (15% Discount),1258.94,Germany,Munich,0.9
0,0.11569080573563091,Do Not Intervene,932.99,Canada,Ottawa,1.5
0,0.17603528978638353,Do Not Intervene,5066.81,Canada,Montreal,3.4
1,0.112448267893939,Do Not Intervene,743.81,USA,Chicago,4.1
1,0.666176343384629,Trigger Retention Campaign (15% Discount),666.57,UK,London,1.4
0,0.09935672485492289,Do Not Intervene,869.15,USA,Los Angeles,2.6
0,0.1851576088012101,Do Not Intervene,1457.44,France,Toulouse,7.2
1,0.6485265474752996,Trigger Retention Campaign (15% Discount),542.45,Germany,Berlin,8.9
0,0.18175742270256742,Do Not Intervene,3628.13,USA,New York,1.3
1,0.9005089874674208,Trigger Retention Campaign (15% Discount),2149.31,India,Bangalore,1.7
0,0.10690878216443872,Do Not Intervene,429.36,Canada,Vancouver,1.1
0,0.06814023875148814,Do Not Intervene,915.65,USA,Los Angeles,2.1
1,0.15365321665945447,Do Not Intervene,614.96,USA,Chicago,4.9
0,0.1471727549271761,Do Not Intervene,1605.8,India,Bangalore,4.8
0,0.09018636468295316,Do Not Intervene,1598.36,USA,Los Angeles,3.9
1,0.5301674333654439,Trigger Retention Campaign (15% Discount),839.25,USA,New York,1.5
0,0.4689098213807691,Trigger Retention Campaign (15% Discount),810.34,USA,Chicago,3.6
0,0.20379801120953153,Do Not Intervene,755.39,Canada,Calgary,2.2
0,0.11321579163374502,Do Not Intervene,933.26,Canada,Montreal,3.5
0,0.17417307217054684,Do Not Intervene,789.01,USA,New York,3.6
1,0.8278547958392888,Trigger Retention Campaign (15% Discount),304.7,USA,New York,1.2
0,0.15640516328728904,Do Not Intervene,1839.36,USA,Phoenix,9.2
0,0.15229161767340715,Do Not Intervene,737.16,Canada,Toronto,0.6
0,0.4780023319485966,Trigger Retention Campaign (15% Discount),1594.08,USA,New York,0.8
1,0.6414875051130554,Trigger Retention Campaign (15% Discount),791.33,Australia,Perth,2.0
1,0.6604564956675648,Trigger Retention Campaign (15% Discount),462.7,India,Bangalore,1.2
0,0.5977799361075512,Trigger Retention Campaign (15% Discount),739.73,USA,Los Angeles,1.9
1,0.8999947530882731,Trigger Retention Campaign (15% Discount),2048.59,Canada,Vancouver,2.5
0,0.1385600893609942,Do Not Intervene,1448.65,UK,Manchester,2.5
1,0.6217003270152324,Trigger Retention Campaign (15% Discount),710.26,UK,Manchester,2.6
0,0.10628430844500601,Do Not Intervene,2190.12,USA,Chicago,2.5
1,0.2825537944579356,Trigger Retention Campaign (15% Discount),229.95,France,Lyon,2.6
1,0.8707217720004767,Trigger Retention Campaign (15% Discount),1914.89,Canada,Toronto,0.9
0,0.1596084277149127,Do Not Intervene,1572.82,USA,Houston,2.6
1,0.9248480828525665,Trigger Retention Campaign (15% Discount),2920.67,France,Toulouse,6.4
0,0.10131129708493837,Do Not Intervene,1325.32,Japan,Yokohama,1.7
0,0.11318384471164032,Do Not Intervene,826.45,Germany,Hamburg,4.4
0,0.10619114036779412,Do Not Intervene,1501.85,Canada,Vancouver,5.0
0,0.18390349662568858,Do Not Intervene,1968.67,UK,Leeds,2.3
0,0.21110476535045974,Do Not Intervene,595.01,USA,Chicago,0.9
0,0.11331454486245703,Do Not Intervene,1576.06,UK,Birmingham,9.4
0,0.14141985097626178,Do Not Intervene,4318.06,Canada,Vancouver,5.7
1,0.6385123826221119,Trigger Retention Campaign (15% Discount),686.53,UK,Leeds,2.3
0,0.148084662022723,Do Not Intervene,1215.55,UK,Leeds,1.2
1,0.6583910516424843,Trigger Retention Campaign (15% Discount),974.09,USA,Houston,3.9
0,0.12268142158830338,Do Not Intervene,1212.3,USA,Chicago,1.0
0,0.24092503316630032,Do Not Intervene,1121.5,Australia,Brisbane,5.4
0,0.291172687477358,Trigger Retention Campaign (15% Discount),924.52,UK,Manchester,3.8
1,0.6111824391141244,Trigger Retention Campaign (15% Discount),884.76,USA,Chicago,2.0
0,0.3681682376442096,Trigger Retention Campaign (15% Discount),429.01,India,Hyderabad,8.1
0,0.23079360325928375,Do Not Intervene,353.32,UK,Leeds,3.9
1,0.14564321525283103,Do Not Intervene,835.99,Germany,Hamburg,2.6
1,0.847250772514601,Trigger Retention Campaign (15% Discount),535.03,Canada,Vancouver,5.9
0,0.1733716447183124,Do Not Intervene,5344.16,India,Mumbai,0.4
0,0.28295714366706126,Trigger Retention Campaign (15% Discount),1064.63,Canada,Ottawa,3.1
0,0.2925593735412653,Trigger Retention Campaign (15% Discount),746.06,France,Toulouse,3.2
1,0.8722655098573189,Trigger Retention Campaign (15% Discount),2556.7,Japan,Tokyo,3.3
1,0.8523416290323612,Trigger Retention Campaign (15% Discount),1912.1,Australia,Perth,1.6
0,0.4963965710787357,Trigger Retention Campaign (15% Discount),782.34,UK,Leeds,4.0
0,0.10773159164190084,Do Not Intervene,1486.06,India,Bangalore,1.8
0,0.16742173576407715,Do Not Intervene,1019.62,UK,Birmingham,3.2
0,0.16209209182149942,Do Not Intervene,1548.55,USA,Los Angeles,0.8
0,0.0873833340477338,Do Not Intervene,476.36,USA,Phoenix,1.9
1,0.48568854794732147,Trigger Retention Campaign (15% Discount),954.19,USA,Phoenix,1.7
1,0.7163765276720215,Trigger Retention Campaign (15% Discount),1006.34,UK,London,3.0
1,0.3431919036493734,Trigger Retention Campaign (15% Discount),478.45,India,Chennai,0.9
1,0.6768194753714902,Trigger Retention Campaign (15% Discount),913.5,USA,Houston,2.4
0,0.14416530428260738,Do Not Intervene,2305.48,UK,Birmingham,2.6
1,0.6485340955267069,Trigger Retention Campaign (15% Discount),1404.29,France,Lyon,3.9
0,0.11460857376727615,Do Not Intervene,674.33,Australia,Perth,5.5
0,0.16791303833023982,Do Not Intervene,1330.86,USA,New York,1.0
1,0.6005174634172962,Trigger Retention Campaign (15% Discount),1215.93,USA,New York,0.3
0,0.12406296388929862,Do Not Intervene,588.46,USA,Chicago,2.0
0,0.21218965569324533,Do Not Intervene,2888.09,UK,Birmingham,2.3
0,0.4527356190914555,Trigger Retention Campaign (15% Discount),229.55,Germany,Frankfurt,1.6
0,0.23672177523539717,Do Not Intervene,640.0,France,Marseille,2.9
1,0.9278729224565287,Trigger Retention Campaign (15% Discount),838.13,Germany,Frankfurt,1.0
0,0.24863444668411167,Do Not Intervene,1805.96,USA,New York,1.8
0,0.17610872642318007,Do Not Intervene,1302.05,Japan,Nagoya,0.9
0,0.13178921377335945,Do Not Intervene,1799.81,India,Hyderabad,3.8
0,0.10062764261825917,Do Not Intervene,3072.26,USA,Phoenix,0.7
1,0.45251850763815793,Trigger Retention Campaign (15% Discount),589.7,USA,Los Angeles,4.9
0,0.14883284563531685,Do Not Intervene,1918.79,USA,Phoenix,3.7
0,0.18231457565602147,Do Not Intervene,2327.71,France,Lyon,4.0
0,0.17849825250465623,Do Not Intervene,2439.04,Germany,Frankfurt,2.7
0,0.10573003920769414,Do Not Intervene,527.82,India,Bangalore,5.3
1,0.7605767819095375,Trigger Retention Campaign (15% Discount),1943.21,USA,Phoenix,3.5
0,0.1062846553283007,Do Not Intervene,1333.97,USA,Houston,4.9
1,0.8972428761822541,Trigger Retention Campaign (15% Discount),2018.36,USA,New York,3.0
1,0.3765806379229819,Trigger Retention Campaign (15% Discount),863.75,Canada,Toronto,5.7
1,0.8135305385039563,Trigger Retention Campaign (15% Discount),379.65,USA,New York,1.1
1,0.26216532890117966,Do Not Intervene,1258.8,Japan,Nagoya,1.9
0,0.5429355668400345,Trigger Retention Campaign (15% Discount),1440.79,UK,Leeds,0.1
0,0.3796965482276301,Trigger Retention Campaign (15% Discount),1857.98,USA,New York,3.5
1,0.575200081487535,Trigger Retention Campaign (15% Discount),800.9,France,Nice,1.3
1,0.6642497263679867,Trigger Retention Campaign (15% Discount),998.65,Germany,Berlin,1.8
0,0.19824170136065555,Do Not Intervene,1767.15,India,Mumbai,3.1
0,0.5991410957060741,Trigger Retention Campaign (15% Discount),504.49,India,Delhi,1.3
0,0.1955132842944225,Do Not Intervene,1889.65,Japan,Tokyo,7.1
0,0.10031637290348083,Do Not Intervene,1523.39,Australia,Perth,4.4
0,0.12498129313722942,Do Not Intervene,792.44,India,Delhi,0.4
0,0.1277640578649856,Do Not Intervene,2094.88,India,Chennai,1.2
1,0.9101158625723208,Trigger Retention Campaign (15% Discount),2279.65,India,Hyderabad,2.4
0,0.48338501226569974,Trigger Retention Campaign (15% Discount),311.66,UK,Leeds,4.0
0,0.5927601729263605,Trigger Retention Campaign (15% Discount),659.06,Germany,Munich,1.4
0,0.11335739499342821,Do Not Intervene,1181.24,USA,Chicago,2.2
1,0.8186309330689662,Trigger Retention Campaign (15% Discount),2049.05,UK,London,4.1
0,0.4865813572848884,Trigger Retention Campaign (15% Discount),347.39,USA,Phoenix,0.6
0,0.11479005803408716,Do Not Intervene,1031.4,France,Paris,2.0
0,0.14441772943219056,Do Not Intervene,2846.75,USA,Houston,5.9
0,0.25454495484757994,Do Not Intervene,538.69,Canada,Toronto,2.5
0,0.18982842920590431,Do Not Intervene,1201.55,USA,New York,3.6
0,0.5260194515823966,Trigger Retention Campaign (15% Discount),678.72,Australia,Brisbane,3.1
1,0.06941087288382539,Do Not Intervene,1095.81,USA,Houston,1.6
0,0.0849855414817346,Do Not Intervene,1362.37,UK,London,2.3
0,0.35926558161778777,Trigger Retention Campaign (15% Discount),1506.65,USA,New York,3.0
0,0.1199457230797823,Do Not Intervene,980.88,Canada,Ottawa,7.2
0,0.14512328012026474,Do Not Intervene,1144.18,Canada,Calgary,2.6
0,0.08962685283499884,Do Not Intervene,1449.24,Canada,Ottawa,3.3
0,0.23298616407206274,Do Not Intervene,2205.8,Australia,Sydney,4.7
0,0.15029333775294992,Do Not Intervene,1717.41,USA,New York,5.5
1,0.8635930134667913,Trigger Retention Campaign (15% Discount),2112.49,USA,Phoenix,0.9
1,0.8220309590996728,Trigger Retention Campaign (15% Discount),545.82,USA,Los Angeles,1.5
0,0.16348927852664086,Do Not Intervene,2584.54,Japan,Kyoto,2.9
1,0.7927634269692686,Trigger Retention Campaign (15% Discount),296.07,USA,New York,2.7
0,0.15842096395167293,Do Not Intervene,1798.12,UK,Birmingham,8.6
1,0.782937932495264,Trigger Retention Campaign (15% Discount),661.59,UK,London,2.3
0,0.2428409739145351,Do Not Intervene,1661.87,USA,Phoenix,3.7
0,0.08944493942268984,Do Not Intervene,1692.12,Australia,Perth,2.5
0,0.10148187129204783,Do Not Intervene,745.74,Australia,Adelaide,3.3
0,0.18301160025841426,Do Not Intervene,1345.64,Canada,Toronto,1.5
0,0.5791680540067093,Trigger Retention Campaign (15% Discount),441.65,USA,Los Angeles,2.1
0,0.15234595727407174,Do Not Intervene,2948.5,USA,Chicago,1.3
1,0.7268751816055606,Trigger Retention Campaign (15% Discount),2466.72,USA,Chicago,1.6
0,0.11530819352371534,Do Not Intervene,1624.27,UK,Manchester,5.1
0,0.130385888137475,Do Not Intervene,1369.62,USA,Chicago,7.9
0,0.13411826308046126,Do Not Intervene,2313.9,UK,Leeds,4.8
1,0.7769505693017364,Trigger Retention Campaign (15% Discount),856.84,France,Marseille,2.0
1,0.10150677686957561,Do Not Intervene,1291.22,France,Toulouse,7.3
0,0.47639076660550667,Trigger Retention Campaign (15% Discount),297.08,India,Hyderabad,10.0
0,0.13378277006041453,Do Not Intervene,1257.65,Germany,Berlin,5.1
0,0.22875076395113753,Do Not Intervene,1591.7,USA,Houston,3.0
0,0.10236379827338304,Do Not Intervene,1274.12,USA,Phoenix,2.1
1,0.922629505367778,Trigger Retention Campaign (15% Discount),2099.31,USA,Houston,2.8
1,0.5893269298153132,Trigger Retention Campaign (15% Discount),1621.54,USA,Chicago,1.2
1,0.8407781050859643,Trigger Retention Campaign (15% Discount),486.27,Canada,Toronto,4.7
1,0.5819729620254837,Trigger Retention Campaign (15% Discount),1460.6,France,Nice,2.1
0,0.10053228991371829,Do Not Intervene,1219.99,USA,Houston,1.9
0,0.2226581389212177,Do Not Intervene,3320.14,India,Chennai,2.3
0,0.1115139948170481,Do Not Intervene,1427.66,Australia,Melbourne,3.3
0,0.0937648268366848,Do Not Intervene,936.2,India,Bangalore,2.4
1,0.8603471551475964,Trigger Retention Campaign (15% Discount),1935.41,India,Bangalore,2.5
0,0.10548379279323182,Do Not Intervene,3174.0,France,Lyon,2.2
1,0.8508231534472865,Trigger Retention Campaign (15% Discount),2795.36,USA,Houston,3.4
1,0.6766250868048546,Trigger Retention Campaign (15% Discount),389.49,UK,London,1.2
1,0.7306773204860257,Trigger Retention Campaign (15% Discount),1259.32,Australia,Adelaide,3.0
0,0.10240516381847514,Do Not Intervene,912.18,Canada,Ottawa,2.0
0,0.18844078276345397,Do Not Intervene,1944.65,Canada,Toronto,0.3
0,0.14889317798829782,Do Not Intervene,1046.33,Canada,Toronto,6.2
0,0.1404903127751375,Do Not Intervene,2454.36,USA,New York,2.5
0,0.16312945134311663,Do Not Intervene,1553.57,France,Toulouse,3.6
0,0.32433220066906027,Trigger Retention Campaign (15% Discount),918.35,UK,Birmingham,6.0
0,0.13708814765722738,Do Not Intervene,1448.71,Australia,Perth,2.4
0,0.1225386523519608,Do Not Intervene,781.52,USA,Houston,5.4
0,0.17959608527880477,Do Not Intervene,603.61,France,Nice,0.9
0,0.16080105767988898,Do Not Intervene,1408.16,UK,London,6.9
1,0.9492368553585835,Trigger Retention Campaign (15% Discount),2980.3,USA,New York,1.2
1,0.7799499161975879,Trigger Retention Campaign (15% Discount),306.35,USA,Phoenix,0.5
1,0.895201235804051,Trigger Retention Campaign (15% Discount),1975.02,Australia,Sydney,7.8
0,0.26044166416610504,Do Not Intervene,1144.67,France,Toulouse,1.0
1,0.8347235417736037,Trigger Retention Campaign (15% Discount),1096.79,USA,New York,3.2
0,0.15496979817724132,Do Not Intervene,3171.35,Japan,Kyoto,1.2
0,0.28637271950799775,Trigger Retention Campaign (15% Discount),1594.84,USA,Phoenix,1.9
0,0.14680889730250352,Do Not Intervene,2752.88,USA,Los Angeles,3.7
0,0.12655793924144043,Do Not Intervene,2010.59,UK,Manchester,1.8
0,0.17819855732702317,Do Not Intervene,646.87,USA,Los Angeles,5.2
0,0.4528007499335162,Trigger Retention Campaign (15% Discount),351.16,Canada,Montreal,6.3
0,0.24655570219899947,Do Not Intervene,1007.14,USA,Los Angeles,6.6
1,0.8803780159058266,Trigger Retention Campaign (15% Discount),2007.18,USA,New York,0.9
0,0.12895969257995746,Do Not Intervene,955.18,USA,New York,4.3
1,0.8191527903506196,Trigger Retention Campaign (15% Discount),388.13,Germany,Cologne,1.7
0,0.228348680024674,Do Not Intervene,548.99,USA,Phoenix,2.5
0,0.09902181640747354,Do Not Intervene,1834.52,India,Bangalore,4.7
1,0.32790536749112986,Trigger Retention Campaign (15% Discount),437.18,USA,Houston,0.9
0,0.1383235501506265,Do Not Intervene,1480.26,Canada,Montreal,4.1
0,0.14841360827396874,Do Not Intervene,1951.29,USA,Phoenix,2.0
1,0.8962962999761872,Trigger Retention Campaign (15% Discount),180.29,France,Toulouse,3.6
0,0.9249954442023955,Trigger Retention Campaign (15% Discount),874.67,Germany,Cologne,1.3
0,0.13718815514729357,Do Not Intervene,1132.28,Germany,Cologne,6.6
0,0.15234230852623387,Do Not Intervene,1126.59,USA,Phoenix,0.8
0,0.13633995695589063,Do Not Intervene,1112.49,USA,Chicago,5.6
0,0.1460040328601735,Do Not Intervene,657.88,Canada,Vancouver,4.2
0,0.1516532751292491,Do Not Intervene,2423.6,India,Mumbai,0.9
0,0.13998172600193984,Do Not Intervene,2540.35,USA,Chicago,5.1
0,0.28268449215847835,Trigger Retention Campaign (15% Discount),725.85,France,Paris,1.1
0,0.227609838896313,Do Not Intervene,1705.6,India,Delhi,0.6
0,0.08959790268782107,Do Not Intervene,825.73,France,Lyon,1.0
1,0.8985088669509282,Trigger Retention Campaign (15% Discount),1949.35,USA,Houston,1.3
1,0.8977909226042012,Trigger Retention Campaign (15% Discount),1947.3,Canada,Calgary,0.5
1,0.9422488372107878,Trigger Retention Campaign (15% Discount),2283.59,India,Chennai,3.7
0,0.09511769710311956,Do Not Intervene,1278.44,Canada,Montreal,8.2
0,0.14558872540231094,Do Not Intervene,4030.82,France,Paris,1.6
1,0.6231202817401083,Trigger Retention Campaign (15% Discount),697.63,USA,New York,5.6
0,0.1324040789955143,Do Not Intervene,1368.83,India,Hyderabad,4.9
0,0.1386133835291467,Do Not Intervene,2166.88,Germany,Berlin,2.1
1,0.11917663944001147,Do Not Intervene,1126.7,USA,Los Angeles,2.9
1,0.6623816392103088,Trigger Retention Campaign (15% Discount),4241.14,France,Toulouse,0.8
1,0.9625910913927734,Trigger Retention Campaign (15% Discount),2204.07,USA,Los Angeles,6.4
0,0.08613661216988863,Do Not Intervene,2232.21,Australia,Adelaide,4.7
0,0.11782170670261348,Do Not Intervene,1090.34,USA,Phoenix,2.1
1,0.886088414043586,Trigger Retention Campaign (15% Discount),694.3,Canada,Montreal,0.8
0,0.41521181688029185,Trigger Retention Campaign (15% Discount),4000.48,Japan,Yokohama,2.2
1,0.514286032738953,Trigger Retention Campaign (15% Discount),1665.31,Germany,Munich,4.8
0,0.11754450732459794,Do Not Intervene,1204.33,Canada,Montreal,2.1
0,0.18856086772792174,Do Not Intervene,995.67,Germany,Cologne,1.6
1,0.8565904341286553,Trigger Retention Campaign (15% Discount),1963.83,Germany,Frankfurt,5.2
0,0.28776286931938794,Trigger Retention Campaign (15% Discount),856.14,Canada,Montreal,1.3
1,0.7582624692430483,Trigger Retention Campaign (15% Discount),366.63,India,Delhi,3.1
0,0.21236074777401776,Do Not Intervene,1997.05,UK,Manchester,5.3
0,0.12492137673838725,Do Not Intervene,1761.46,Canada,Montreal,4.0
1,0.3178910062642412,Trigger Retention Campaign (15% Discount),717.04,UK,Leeds,4.2
1,0.8499798215183795,Trigger Retention Campaign (15% Discount),1915.46,Canada,Toronto,3.1
1,0.7493956795509915,Trigger Retention Campaign (15% Discount),725.4,Canada,Calgary,2.4
1,0.9592350422722622,Trigger Retention Campaign (15% Discount),338.92,UK,Manchester,3.4
1,0.15256610539084925,Do Not Intervene,707.13,USA,Los Angeles,2.1
1,0.8892493520938257,Trigger Retention Campaign (15% Discount),3318.46,Canada,Ottawa,1.0
0,0.10747238232200802,Do Not Intervene,1410.51,USA,Houston,4.7
0,0.10663292834187109,Do Not Intervene,815.93,Germany,Hamburg,10.0
0,0.2936427914143293,Trigger Retention Campaign (15% Discount),1391.79,USA,New York,8.9
1,0.7025371863689531,Trigger Retention Campaign (15% Discount),2251.98,UK,Manchester,1.3
1,0.8450190539912825,Trigger Retention Campaign (15% Discount),2464.52,USA,New York,3.3
0,0.13384537141216415,Do Not Intervene,798.14,Canada,Vancouver,6.0
1,0.5818882538066292,Trigger Retention Campaign (15% Discount),520.7,USA,Chicago,1.0
0,0.19878836022916593,Do Not Intervene,1647.38,UK,Leeds,7.0
0,0.14938693273713313,Do Not Intervene,1091.62,Canada,Montreal,2.9
0,0.5292563686167262,Trigger Retention Campaign (15% Discount),611.24,USA,New York,4.5
0,0.24094923603693372,Do Not Intervene,3146.04,UK,Leeds,6.1
1,0.5637126675325014,Trigger Retention Campaign (15% Discount),1064.58,Canada,Toronto,0.8
0,0.14683318941881982,Do Not Intervene,2064.04,Japan,Osaka,1.6
0,0.3411212784924787,Trigger Retention Campaign (15% Discount),526.03,Canada,Vancouver,2.6
0,0.41152735556197634,Trigger Retention Campaign (15% Discount),1343.12,USA,Phoenix,2.0
0,0.13366635743278532,Do Not Intervene,808.0,Canada,Calgary,6.1
0,0.09321258611012326,Do Not Intervene,1244.41,UK,Birmingham,1.9
0,0.08544071613981558,Do Not Intervene,1017.11,UK,Glasgow,3.5
0,0.13183900668996862,Do Not Intervene,2569.19,UK,Leeds,3.3
0,0.11339109139743005,Do Not Intervene,1767.93,USA,Houston,1.5
1,0.10274917850127036,Do Not Intervene,1008.08,UK,London,4.0
0,0.25921527996124766,Do Not Intervene,1393.43,USA,Los Angeles,8.6
0,0.11260235687333255,Do Not Intervene,828.7,Japan,Kyoto,1.5
0,0.16889717185122916,Do Not Intervene,1250.53,UK,Birmingham,0.6
0,0.39264349921982267,Trigger Retention Campaign (15% Discount),326.22,UK,London,4.6
1,0.11263858898142395,Do Not Intervene,1931.83,Canada,Toronto,2.0
1,0.804406282398059,Trigger Retention Campaign (15% Discount),1912.29,UK,London,1.4
0,0.08816020628461477,Do Not Intervene,861.54,Germany,Hamburg,2.2
0,0.11805011836801649,Do Not Intervene,1289.49,USA,Phoenix,5.0
0,0.3839570532781743,Trigger Retention Campaign (15% Discount),356.25,USA,Houston,6.2
0,0.5469665964338329,Trigger Retention Campaign (15% Discount),491.27,USA,New York,1.9
0,0.16732870801098446,Do Not Intervene,1397.0,Germany,Hamburg,1.3
0,0.17487236402764872,Do Not Intervene,1753.54,India,Mumbai,2.4
0,0.2478933993784852,Do Not Intervene,538.99,USA,New York,3.8
0,0.0892970197920763,Do Not Intervene,2817.64,UK,Manchester,3.6
0,0.21024117974108478,Do Not Intervene,550.56,USA,Chicago,2.9
0,0.10402035764029018,Do Not Intervene,1689.36,Australia,Melbourne,5.8
0,0.11896829431489996,Do Not Intervene,885.5,Germany,Munich,2.9
0,0.14828730187901612,Do Not Intervene,1404.46,India,Mumbai,1.6
1,0.8888553896936251,Trigger Retention Campaign (15% Discount),2022.43,UK,London,1.8
0,0.13037429595061262,Do Not Intervene,1154.19,USA,Phoenix,0.6
1,0.8613173326230733,Trigger Retention Campaign (15% Discount),2569.98,Germany,Cologne,1.4
1,0.9765489855263787,Trigger Retention Campaign (15% Discount),2927.25,Canada,Calgary,3.0
0,0.1484556741694812,Do Not Intervene,2050.63,Canada,Calgary,1.1
1,0.6585824620590863,Trigger Retention Campaign (15% Discount),797.2,USA,New York,2.5
0,0.15942605442381938,Do Not Intervene,538.41,India,Bangalore,2.7
0,0.14332674373937304,Do Not Intervene,1975.37,UK,London,2.1
0,0.08415847199531083,Do Not Intervene,1777.33,USA,New York,2.8
0,0.2408353195253061,Do Not Intervene,1006.25,Australia,Adelaide,4.2
0,0.5713616902480335,Trigger Retention Campaign (15% Discount),324.18,USA,Houston,5.0
0,0.09763433278342176,Do Not Intervene,1504.87,USA,Chicago,1.8
0,0.14921053129549483,Do Not Intervene,1559.02,USA,New York,9.8
1,0.8213057385105144,Trigger Retention Campaign (15% Discount),2023.2,USA,Houston,2.6
0,0.09768278904697196,Do Not Intervene,1055.96,UK,Manchester,0.6
0,0.10672925268202194,Do Not Intervene,1909.57,USA,Houston,7.4
0,0.1965327138611081,Do Not Intervene,2420.77,UK,London,0.5
0,0.1546148683722078,Do Not Intervene,3399.12,UK,London,1.9
0,0.09588751492419491,Do Not Intervene,1358.37,USA,Phoenix,3.1
0,0.20686054369770498,Do Not Intervene,535.72,Germany,Munich,0.6
1,0.7980583387537256,Trigger Retention Campaign (15% Discount),1062.29,Australia,Perth,3.1
1,0.9385451880695431,Trigger Retention Campaign (15% Discount),2024.11,USA,New York,1.3
0,0.12684055050786594,Do Not Intervene,2245.65,UK,Leeds,1.0
0,0.10130958798285816,Do Not Intervene,541.31,UK,Manchester,1.8
1,0.29037364408203925,Trigger Retention Campaign (15% Discount),1070.01,USA,Phoenix,2.5
0,0.27282797452311686,Do Not Intervene,444.39,USA,Houston,10.0
1,0.6686645306375182,Trigger Retention Campaign (15% Discount),1035.47,USA,Chicago,2.8
0,0.1815720348168169,Do Not Intervene,1795.76,France,Lyon,0.5
0,0.23010343567211483,Do Not Intervene,2769.4,USA,Chicago,2.7
0,0.10849056712880387,Do Not Intervene,2656.31,France,Paris,0.9
0,0.17665019221877806,Do Not Intervene,652.83,UK,London,0.2
0,0.1555212607642694,Do Not Intervene,4010.61,Canada,Calgary,6.2
0,0.088787778193362,Do Not Intervene,1542.56,France,Marseille,0.8
0,0.17626505468183762,Do Not Intervene,1368.92,USA,Houston,1.7
0,0.15130204014757978,Do Not Intervene,927.8,UK,London,2.4
1,0.4949528794394106,Trigger Retention Campaign (15% Discount),763.08,Japan,Nagoya,5.1
1,0.9267272346851549,Trigger Retention Campaign (15% Discount),2241.85,Canada,Calgary,1.9
0,0.12165595864337422,Do Not Intervene,2446.62,UK,Birmingham,0.5
0,0.16139156359934448,Do Not Intervene,874.17,UK,Leeds,0.8
1,0.24484993277307257,Do Not Intervene,1254.88,India,Hyderabad,1.3
0,0.09939084141768939,Do Not Intervene,700.15,Australia,Perth,1.2
0,0.08606536183738354,Do Not Intervene,5032.75,UK,Manchester,2.2
0,0.10458228503957841,Do Not Intervene,960.97,Australia,Melbourne,3.6
0,0.13149774388021615,Do Not Intervene,1771.91,Canada,Toronto,1.4
0,0.09944011086093357,Do Not Intervene,1755.89,USA,New York,1.3
0,0.11426471919344403,Do Not Intervene,1802.07,India,Bangalore,1.3
0,0.14166392118650217,Do Not Intervene,2584.77,USA,Phoenix,8.9
1,0.5543171276995804,Trigger Retention Campaign (15% Discount),414.25,USA,Phoenix,8.1
0,0.4143773493241534,Trigger Retention Campaign (15% Discount),592.79,Australia,Sydney,1.1
0,0.1149481048968581,Do Not Intervene,1949.08,Japan,Kyoto,1.2
0,0.1258522323324596,Do Not Intervene,879.82,India,Bangalore,4.6
0,0.17821520580695535,Do Not Intervene,526.91,India,Bangalore,2.5
1,0.5604982351246066,Trigger Retention Campaign (15% Discount),756.12,USA,Phoenix,4.5
0,0.14548479799832253,Do Not Intervene,1359.96,USA,Phoenix,3.1
0,0.1263966033054576,Do Not Intervene,4373.37,USA,Chicago,3.4
1,0.9347346361597434,Trigger Retention Campaign (15% Discount),271.12,Canada,Montreal,4.0
1,0.8668635805045521,Trigger Retention Campaign (15% Discount),854.69,Canada,Montreal,1.0
0,0.6091745578867703,Trigger Retention Campaign (15% Discount),1535.95,France,Marseille,1.4
0,0.11516212338828496,Do Not Intervene,1327.69,Australia,Perth,7.4
0,0.148013219237643,Do Not Intervene,1044.34,India,Mumbai,3.4
1,0.4320600793651171,Trigger Retention Campaign (15% Discount),722.15,Australia,Adelaide,5.0
1,0.8227708885132391,Trigger Retention Campaign (15% Discount),83.72,USA,Houston,4.1
0,0.21527304024569816,Do Not Intervene,828.08,USA,Houston,0.7
0,0.11624645721464434,Do Not Intervene,816.97,France,Marseille,1.9
0,0.2346329411142936,Do Not Intervene,1214.51,UK,Manchester,3.9
0,0.34065442422542114,Trigger Retention Campaign (15% Discount),1384.81,USA,Phoenix,3.4
0,0.12386998188309273,Do Not Intervene,677.64,USA,Phoenix,0.9
0,0.1462225015501896,Do Not Intervene,1243.52,Canada,Calgary,2.2
0,0.0877731566303513,Do Not Intervene,796.69,USA,Los Angeles,2.7
1,0.9163036892073143,Trigger Retention Campaign (15% Discount),1996.23,Canada,Toronto,4.9
0,0.12427464533836659,Do Not Intervene,1702.79,USA,Los Angeles,3.4
0,0.1063654755728689,Do Not Intervene,1558.54,UK,Glasgow,0.3
0,0.14977510182017412,Do Not Intervene,1521.64,USA,Phoenix,1.3
0,0.18361028182335243,Do Not Intervene,1511.38,Australia,Sydney,1.1
0,0.19989103596708513,Do Not Intervene,1819.17,Japan,Nagoya,3.8
0,0.12318195556810803,Do Not Intervene,1707.45,UK,London,5.0
0,0.2564369300984439,Do Not Intervene,1379.31,Australia,Adelaide,4.1
0,0.13770728142953798,Do Not Intervene,1533.56,Germany,Frankfurt,2.6
0,0.11357178819887526,Do Not Intervene,1498.03,Japan,Tokyo,10.0
1,0.7495718090290032,Trigger Retention Campaign (15% Discount),600.18,USA,New York,2.0
1,0.8449355572509591,Trigger Retention Campaign (15% Discount),1093.13,USA,Chicago,1.7
0,0.13356092334626382,Do Not Intervene,1133.38,USA,Chicago,0.9
1,0.9381539045362476,Trigger Retention Campaign (15% Discount),2912.89,Canada,Ottawa,2.5
0,0.16022035844568625,Do Not Intervene,1110.08,USA,Houston,4.3
1,0.9189390654828965,Trigger Retention Campaign (15% Discount),2553.98,UK,Manchester,5.1
0,0.09396318267501569,Do Not Intervene,1465.02,UK,Leeds,4.0
0,0.18858421953302315,Do Not Intervene,1642.85,Canada,Toronto,4.7
1,0.596122590867519,Trigger Retention Campaign (15% Discount),535.1,UK,Leeds,1.3
0,0.11127111872631203,Do Not Intervene,536.81,India,Hyderabad,4.9
0,0.233570577696656,Do Not Intervene,577.41,France,Lyon,2.3
0,0.19318673428241387,Do Not Intervene,1160.98,Germany,Frankfurt,1.2
0,0.2337613915971664,Do Not Intervene,1679.08,India,Delhi,3.6
0,0.15885438057533371,Do Not Intervene,1623.08,Australia,Melbourne,3.3
0,0.17045837137147393,Do Not Intervene,1749.91,Australia,Sydney,7.9
0,0.1057708627963719,Do Not Intervene,1134.19,USA,Houston,0.7
1,0.9100832170518097,Trigger Retention Campaign (15% Discount),306.32,USA,Houston,1.9
0,0.10900974050614075,Do Not Intervene,1187.09,UK,Birmingham,4.9
0,0.1051354223048579,Do Not Intervene,904.79,USA,Houston,1.4
0,0.13462428555239003,Do Not Intervene,1456.83,Germany,Hamburg,3.7
0,0.13443092053121383,Do Not Intervene,2882.38,Germany,Cologne,2.7
0,0.19601529107388377,Do Not Intervene,1720.43,France,Marseille,1.2
0,0.27298163370865103,Do Not Intervene,3645.67,Canada,Toronto,0.6
0,0.3159332028248973,Trigger Retention Campaign (15% Discount),399.56,India,Delhi,2.9
0,0.23943969014897878,Do Not Intervene,1557.52,Australia,Adelaide,3.4
1,0.11774624969626374,Do Not Intervene,1565.23,Germany,Cologne,4.5
1,0.5242284378456502,Trigger Retention Campaign (15% Discount),496.91,Canada,Toronto,2.7
1,0.6682782361156238,Trigger Retention Campaign (15% Discount),1823.23,UK,London,1.3
0,0.8911126483859141,Trigger Retention Campaign (15% Discount),420.52,France,Toulouse,6.8
0,0.19574566170058674,Do Not Intervene,1380.18,USA,New York,0.7
1,0.6182683696371818,Trigger Retention Campaign (15% Discount),1088.25,USA,New York,1.6
0,0.11354762953296241,Do Not Intervene,1175.1,Australia,Perth,2.9
0,0.6550454843607314,Trigger Retention Campaign (15% Discount),1420.15,Germany,Cologne,2.5
1,0.12045752264406144,Do Not Intervene,1541.68,UK,Leeds,2.3
0,0.24128526087373048,Do Not Intervene,3069.72,India,Bangalore,0.9
0,0.40822352362406833,Trigger Retention Campaign (15% Discount),376.58,Germany,Hamburg,1.2
0,0.12749465227915452,Do Not Intervene,2610.2,Germany,Berlin,3.3
1,0.21215514242627442,Do Not Intervene,1274.8,UK,Birmingham,0.8
0,0.4173277258866424,Trigger Retention Campaign (15% Discount),520.6,USA,Phoenix,1.5
0,0.10817245682161816,Do Not Intervene,1486.9,UK,Birmingham,1.9
1,0.852198589433093,Trigger Retention Campaign (15% Discount),461.64,UK,Manchester,5.2
0,0.1943107604404868,Do Not Intervene,1057.64,Canada,Toronto,7.8
1,0.6524636043840724,Trigger Retention Campaign (15% Discount),932.95,USA,Phoenix,2.2
0,0.09828198726915016,Do Not Intervene,1204.17,UK,Manchester,0.4
0,0.10613790892650796,Do Not Intervene,1133.5,Australia,Adelaide,5.2
1,0.36170268244072235,Trigger Retention Campaign (15% Discount),941.69,UK,Manchester,1.7
0,0.1103065577294935,Do Not Intervene,1018.43,USA,Phoenix,6.7
0,0.22808105493361583,Do Not Intervene,2114.88,Australia,Brisbane,0.2
1,0.44350825822022566,Trigger Retention Campaign (15% Discount),1158.46,India,Delhi,4.8
0,0.08554522060669788,Do Not Intervene,1394.58,France,Lyon,1.2
0,0.45523983602985774,Trigger Retention Campaign (15% Discount),1628.41,India,Hyderabad,1.8
0,0.09187514014932198,Do Not Intervene,983.28,UK,Birmingham,3.9
0,0.15056443062663735,Do Not Intervene,1733.7,Australia,Melbourne,1.8
1,0.8536963903881337,Trigger Retention Campaign (15% Discount),479.41,USA,Los Angeles,4.6
0,0.13191534631431787,Do Not Intervene,1496.23,UK,Leeds,3.2
1,0.910583957253812,Trigger Retention Campaign (15% Discount),2945.28,USA,Chicago,5.3
0,0.17727503131535774,Do Not Intervene,2571.55,India,Mumbai,5.1
0,0.12321057447005529,Do Not Intervene,1780.69,USA,New York,5.1
0,0.16344578267539206,Do Not Intervene,1498.7,USA,Los Angeles,0.9
1,0.8953053421684031,Trigger Retention Campaign (15% Discount),707.65,Japan,Nagoya,2.4
0,0.3511147215492293,Trigger Retention Campaign (15% Discount),688.39,India,Chennai,5.8
0,0.15147732077908305,Do Not Intervene,1474.02,France,Paris,2.6
0,0.10506071107958254,Do Not Intervene,1588.62,Germany,Berlin,5.6
1,0.4265889915738824,Trigger Retention Campaign (15% Discount),850.81,India,Chennai,0.4
0,0.2920013245463232,Trigger Retention Campaign (15% Discount),699.43,USA,Chicago,1.6
1,0.1930367918731637,Do Not Intervene,671.81,UK,Manchester,3.1
1,0.7804591423766947,Trigger Retention Campaign (15% Discount),1126.1,UK,Leeds,2.0
1,0.9067524220782627,Trigger Retention Campaign (15% Discount),149.87,USA,Phoenix,5.1
0,0.19492093658870713,Do Not Intervene,1175.56,UK,London,2.0
1,0.9277232157980425,Trigger Retention Campaign (15% Discount),2596.48,USA,Los Angeles,1.2
1,0.3749470490945885,Trigger Retention Campaign (15% Discount),493.21,Japan,Osaka,0.7
0,0.33804011107527465,Trigger Retention Campaign (15% Discount),619.56,Canada,Vancouver,2.5
1,0.9190306227502562,Trigger Retention Campaign (15% Discount),660.55,USA,Houston,0.9
0,0.22545807658544717,Do Not Intervene,621.39,USA,Houston,2.1
1,0.8388796632763076,Trigger Retention Campaign (15% Discount),931.73,India,Delhi,3.9
1,0.1813620719940991,Do Not Intervene,3203.08,Germany,Munich,7.3
0,0.18863346128144504,Do Not Intervene,480.17,UK,London,1.5
0,0.1474856230137077,Do Not Intervene,1066.84,USA,New York,4.6
1,0.8020636705151855,Trigger Retention Campaign (15% Discount),790.46,Canada,Vancouver,4.5
0,0.17602431336895283,Do Not Intervene,1954.96,India,Mumbai,1.7
1,0.07754339483692715,Do Not Intervene,573.85,France,Paris,3.0
1,0.14163139889341314,Do Not Intervene,1613.34,UK,Leeds,3.1
0,0.27630315943622685,Do Not Intervene,1453.78,UK,Leeds,0.3
0,0.14227560240916218,Do Not Intervene,2947.36,UK,Glasgow,1.8
0,0.11450207469366827,Do Not Intervene,648.09,USA,Chicago,3.4
0,0.15211122936161253,Do Not Intervene,2366.04,USA,New York,0.9
0,0.17107401960574037,Do Not Intervene,481.95,USA,Chicago,2.2
0,0.12558757522461914,Do Not Intervene,1934.39,Japan,Tokyo,2.1
1,0.7318675520735088,Trigger Retention Campaign (15% Discount),623.11,India,Chennai,5.4
0,0.10339727771316991,Do Not Intervene,1452.66,Canada,Calgary,1.2
1,0.8983428518528127,Trigger Retention Campaign (15% Discount),263.84,USA,Phoenix,1.2
1,0.9429913509636217,Trigger Retention Campaign (15% Discount),2872.73,UK,Glasgow,4.5
0,0.09973174326004353,Do Not Intervene,880.24,USA,Chicago,5.3
0,0.14302809819288428,Do Not Intervene,756.41,France,Marseille,2.6
1,0.45334365828982603,Trigger Retention Campaign (15% Discount),574.07,USA,Houston,3.0
0,0.31998485329488896,Trigger Retention Campaign (15% Discount),549.28,USA,Houston,6.8
0,0.15951960981914792,Do Not Intervene,2034.64,Japan,Yokohama,2.3
0,0.40274060829963815,Trigger Retention Campaign (15% Discount),815.16,Japan,Tokyo,3.6
0,0.40173758853180563,Trigger Retention Campaign (15% Discount),549.88,UK,London,2.5
1,0.7433561933235032,Trigger Retention Campaign (15% Discount),753.0,Canada,Calgary,1.0
0,0.16290438167746735,Do Not Intervene,1751.61,Australia,Perth,2.0
1,0.13503031828579962,Do Not Intervene,2698.97,USA,Phoenix,1.7
1,0.28971066975116716,Trigger Retention Campaign (15% Discount),869.76,UK,London,4.8
0,0.14034094217155138,Do Not Intervene,1208.83,USA,Los Angeles,8.1
1,0.46428195418962653,Trigger Retention Campaign (15% Discount),591.59,USA,Chicago,2.2
0,0.24236855215724154,Do Not Intervene,1558.31,USA,Chicago,1.6
0,0.11557727836477612,Do Not Intervene,1621.32,UK,Leeds,10.0
0,0.16832081052358697,Do Not Intervene,2497.12,Japan,Yokohama,0.9
0,0.6214998312867754,Trigger Retention Campaign (15% Discount),536.48,USA,Chicago,3.5
0,0.09176446108349831,Do Not Intervene,1434.51,Germany,Cologne,2.6
0,0.2095265419378539,Do Not Intervene,1360.84,India,Hyderabad,1.9
1,0.7900803489512547,Trigger Retention Campaign (15% Discount),1925.88,Germany,Cologne,1.6
1,0.644930666166617,Trigger Retention Campaign (15% Discount),2116.26,Canada,Montreal,3.5
0,0.16916708259286029,Do Not Intervene,817.22,Australia,Perth,0.2
1,0.17951808470649572,Do Not Intervene,1040.35,Germany,Hamburg,1.7
0,0.15977886910915376,Do Not Intervene,2294.15,USA,Phoenix,2.2
1,0.4594172668011209,Trigger Retention Campaign (15% Discount),669.89,France,Nice,3.1
0,0.10807299578824457,Do Not Intervene,1200.17,USA,Phoenix,3.8
0,0.09841131492564427,Do Not Intervene,1892.96,USA,Chicago,0.8
1,0.7052614615536571,Trigger Retention Campaign (15% Discount),304.11,USA,Phoenix,1.1
1,0.9337581595131274,Trigger Retention Campaign (15% Discount),3084.41,India,Hyderabad,4.7
0,0.07847903922080313,Do Not Intervene,1859.35,France,Lyon,1.3
1,0.9026542308229091,Trigger Retention Campaign (15% Discount),2416.88,USA,New York,0.4
1,0.8533541380733898,Trigger Retention Campaign (15% Discount),96.63,USA,Houston,4.6
0,0.14667813248932257,Do Not Intervene,854.34,USA,Los Angeles,6.0
1,0.8979219984305221,Trigger Retention Campaign (15% Discount),2055.45,USA,Los Angeles,2.7
0,0.20007589411829457,Do Not Intervene,556.12,Canada,Montreal,5.7
0,0.10660024305125983,Do Not Intervene,1324.63,India,Chennai,0.9
1,0.9303067274165149,Trigger Retention Campaign (15% Discount),2293.03,UK,Leeds,0.4
0,0.1749763759133146,Do Not Intervene,1187.92,USA,Houston,2.2
0,0.1417920058880315,Do Not Intervene,1760.7,USA,New York,1.8
0,0.16101535433354539,Do Not Intervene,1328.76,UK,London,5.1
0,0.11213509376787247,Do Not Intervene,964.47,Germany,Munich,1.0
0,0.44482017388591794,Trigger Retention Campaign (15% Discount),976.19,France,Marseille,2.6
0,0.18447267516467647,Do Not Intervene,1195.2,Germany,Berlin,8.9
0,0.13317965969097523,Do Not Intervene,1340.34,France,Toulouse,2.7
1,0.09676362116260309,Do Not Intervene,1436.47,Canada,Montreal,3.0
1,0.8861256567857577,Trigger Retention Campaign (15% Discount),2200.35,Canada,Toronto,9.4
0,0.550322021277542,Trigger Retention Campaign (15% Discount),439.09,India,Mumbai,3.0
0,0.0837444180323362,Do Not Intervene,874.92,Canada,Vancouver,1.9
0,0.43577809426074304,Trigger Retention Campaign (15% Discount),1649.31,Australia,Melbourne,7.7
0,0.19946355564472618,Do Not Intervene,1041.71,USA,Houston,3.1
1,0.7640668697459948,Trigger Retention Campaign (15% Discount),1674.62,Canada,Vancouver,3.3
1,0.8233899142110285,Trigger Retention Campaign (15% Discount),3316.51,UK,Glasgow,6.0
1,0.9388632541018623,Trigger Retention Campaign (15% Discount),2463.54,USA,Chicago,1.9
0,0.09220009818708753,Do Not Intervene,1393.96,USA,New York,1.6
0,0.10491540677770747,Do Not Intervene,1103.6,USA,Phoenix,5.3
1,0.18088994950921639,Do Not Intervene,1101.48,USA,Houston,1.1
0,0.14285758645557747,Do Not Intervene,2976.87,Australia,Melbourne,6.1
1,0.1594724930438666,Do Not Intervene,1777.13,Japan,Osaka,2.1
1,0.9086709892044845,Trigger Retention Campaign (15% Discount),3476.14,USA,Phoenix,5.7
0,0.5327419363462801,Trigger Retention Campaign (15% Discount),1226.18,UK,London,1.7
0,0.1153657231257762,Do Not Intervene,1480.59,Germany,Berlin,3.1
0,0.1981346111128085,Do Not Intervene,1382.43,France,Toulouse,1.5
0,0.16503417976509246,Do Not Intervene,966.62,UK,Birmingham,2.2
1,0.14800833458145687,Do Not Intervene,1919.32,Japan,Kyoto,1.8
0,0.08730081040753282,Do Not Intervene,880.82,France,Marseille,7.0
0,0.10058487061685144,Do Not Intervene,1088.35,Japan,Tokyo,2.4
0,0.1327667282650575,Do Not Intervene,3636.85,Canada,Montreal,1.7
0,0.13097128197031752,Do Not Intervene,1622.94,Canada,Vancouver,5.9
0,0.45472062028843013,Trigger Retention Campaign (15% Discount),1739.66,Canada,Toronto,2.6
0,0.13606762367686873,Do Not Intervene,2004.01,USA,Chicago,1.7
0,0.3236034546384621,Trigger Retention Campaign (15% Discount),1602.4,Japan,Yokohama,6.4
1,0.11080510852486315,Do Not Intervene,2576.51,USA,Los Angeles,9.3
1,0.748672072032012,Trigger Retention Campaign (15% Discount),586.03,UK,London,2.8
0,0.1282134298930692,Do Not Intervene,901.89,UK,London,0.9
0,0.07803199642154121,Do Not Intervene,1184.71,Germany,Cologne,2.6
0,0.14886641938718875,Do Not Intervene,2561.29,USA,Chicago,3.0
0,0.5755328652341227,Trigger Retention Campaign (15% Discount),1269.79,USA,Phoenix,1.4
1,0.8380791997817364,Trigger Retention Campaign (15% Discount),1477.2,Japan,Kyoto,2.7
0,0.13206566414162066,Do Not Intervene,1772.77,USA,Chicago,0.8
0,0.217944856568344,Do Not Intervene,1228.49,Australia,Brisbane,5.7
0,0.5138692249223832,Trigger Retention Campaign (15% Discount),871.39,USA,New York,3.9
1,0.3539933072698122,Trigger Retention Campaign (15% Discount),556.9,USA,Chicago,4.1
0,0.12628813685957474,Do Not Intervene,1118.0,Germany,Cologne,2.6
0,0.1571653415947411,Do Not Intervene,766.45,Canada,Montreal,2.5
0,0.16724726823733646,Do Not Intervene,1265.97,USA,New York,0.9
0,0.10719006621185073,Do Not Intervene,1209.75,India,Mumbai,6.3
0,0.08349791792786643,Do Not Intervene,962.62,Canada,Vancouver,2.8
1,0.9117549590562057,Trigger Retention Campaign (15% Discount),2277.14,USA,Houston,4.4
0,0.11893801497247786,Do Not Intervene,1274.62,USA,New York,1.5
1,0.9037768944678487,Trigger Retention Campaign (15% Discount),4244.35,USA,Los Angeles,3.4
0,0.17184177090632186,Do Not Intervene,669.39,USA,Chicago,3.0
0,0.5978709304989437,Trigger Retention Campaign (15% Discount),416.34,USA,Houston,5.1
1,0.9212553839666558,Trigger Retention Campaign (15% Discount),904.24,Canada,Ottawa,3.3
1,0.8338719877093618,Trigger Retention Campaign (15% Discount),2026.06,Japan,Kyoto,2.0
0,0.13195529279894055,Do Not Intervene,479.17,Canada,Vancouver,5.5
0,0.11541545918939321,Do Not Intervene,1906.18,USA,Houston,0.3
0,0.14528434652532435,Do Not Intervene,420.45,Japan,Nagoya,6.5
0,0.0847047176640975,Do Not Intervene,760.58,UK,Glasgow,2.1
1,0.6252542336828149,Trigger Retention Campaign (15% Discount),488.7,Germany,Hamburg,2.2
0,0.6794960003219359,Trigger Retention Campaign (15% Discount),1281.94,UK,Leeds,9.7
0,0.8474303259919063,Trigger Retention Campaign (15% Discount),140.0,Canada,Vancouver,3.7
0,0.15446111576358657,Do Not Intervene,4409.09,USA,Houston,0.9
0,0.45522753530445215,Trigger Retention Campaign (15% Discount),1390.06,USA,Los Angeles,1.2
1,0.1982729685023914,Do Not Intervene,746.44,USA,New York,6.4
0,0.13075309610904537,Do Not Intervene,969.63,Japan,Kyoto,5.3
1,0.8671883888808399,Trigger Retention Campaign (15% Discount),2701.46,USA,Chicago,1.2
0,0.1435689964976515,Do Not Intervene,1130.46,India,Bangalore,4.1
1,0.6880409251781531,Trigger Retention Campaign (15% Discount),2252.28,Canada,Toronto,2.4
0,0.09812608608332518,Do Not Intervene,1134.73,USA,Los Angeles,3.1
0,0.19370953122130963,Do Not Intervene,786.8,Canada,Vancouver,1.7
0,0.1298981654224245,Do Not Intervene,708.39,Australia,Sydney,0.1
0,0.13214798574081674,Do Not Intervene,606.0,USA,Houston,5.0
0,0.22253666743591438,Do Not Intervene,756.52,France,Nice,4.0
0,0.20651733517034895,Do Not Intervene,939.76,USA,Chicago,0.5
0,0.1514133364075329,Do Not Intervene,3777.83,Canada,Ottawa,3.7
0,0.15587162559796428,Do Not Intervene,1076.32,USA,New York,1.3
1,0.5235047167124024,Trigger Retention Campaign (15% Discount),673.88,USA,Phoenix,1.4
1,0.9329703185849403,Trigger Retention Campaign (15% Discount),3432.2,USA,Chicago,2.0
0,0.2625722052328824,Do Not Intervene,1746.5,USA,Phoenix,2.7
1,0.9580441405629684,Trigger Retention Campaign (15% Discount),784.31,France,Toulouse,1.7
0,0.12731645307704603,Do Not Intervene,1543.8,Australia,Brisbane,7.3
0,0.1284419065712049,Do Not Intervene,867.95,USA,Los Angeles,3.6
0,0.10421568766325283,Do Not Intervene,4825.14,Germany,Cologne,1.7
0,0.6073574833069769,Trigger Retention Campaign (15% Discount),361.1,Canada,Vancouver,3.5
1,0.8036243972891246,Trigger Retention Campaign (15% Discount),251.61,USA,New York,5.0
0,0.12537833435757395,Do Not Intervene,3208.94,UK,Leeds,1.5
0,0.4140082437522491,Trigger Retention Campaign (15% Discount),0.0,USA,Chicago,7.2
0,0.1567969105914635,Do Not Intervene,1913.96,UK,Leeds,2.8
0,0.13888449091769828,Do Not Intervene,1265.56,UK,Birmingham,1.6
0,0.20795568727430208,Do Not Intervene,3320.26,Germany,Munich,2.4
0,0.14398189162235364,Do Not Intervene,2094.95,USA,Houston,7.3
1,0.9130540428449363,Trigger Retention Campaign (15% Discount),2424.41,Germany,Cologne,1.2
0,0.23746813714235926,Do Not Intervene,1462.74,USA,Houston,0.7
0,0.1725538095881477,Do Not Intervene,1122.99,UK,Leeds,2.1
0,0.11324588800722644,Do Not Intervene,775.6,France,Marseille,2.2
0,0.13500142315873684,Do Not Intervene,1359.17,Canada,Calgary,4.2
0,0.47375700624615463,Trigger Retention Campaign (15% Discount),1024.06,UK,Manchester,0.9
0,0.21858604641569726,Do Not Intervene,1235.06,UK,Birmingham,2.3
1,0.8441298432594105,Trigger Retention Campaign (15% Discount),607.84,Canada,Ottawa,1.1
0,0.19657629740383648,Do Not Intervene,1031.52,Australia,Perth,1.6
0,0.11441572284290054,Do Not Intervene,1306.41,USA,Houston,2.0
1,0.6847644563630138,Trigger Retention Campaign (15% Discount),245.5,USA,Los Angeles,2.2
0,0.1392156859313261,Do Not Intervene,2330.34,USA,Phoenix,2.0
0,0.15583896736312006,Do Not Intervene,3446.42,UK,Glasgow,6.0
0,0.1767808210920245,Do Not Intervene,527.38,France,Marseille,2.6
0,0.19499785099079983,Do Not Intervene,1968.86,UK,Manchester,3.0
1,0.8288091097162238,Trigger Retention Campaign (15% Discount),716.73,Germany,Frankfurt,2.8
1,0.4301459074463634,Trigger Retention Campaign (15% Discount),630.8,USA,Chicago,4.5
0,0.2406379040062325,Do Not Intervene,1284.36,Germany,Berlin,2.9
0,0.30382925216591056,Trigger Retention Campaign (15% Discount),1849.17,USA,Houston,0.8
0,0.16132994677854653,Do Not Intervene,1776.93,France,Lyon,0.9
0,0.14980411930485402,Do Not Intervene,829.66,USA,Houston,5.3
0,0.10436073116151771,Do Not Intervene,2011.67,USA,Los Angeles,4.2
0,0.15105515968449704,Do Not Intervene,1155.25,UK,London,3.2
0,0.1336080783986648,Do Not Intervene,1164.55,Germany,Hamburg,1.6
1,0.6773178847501748,Trigger Retention Campaign (15% Discount),514.35,USA,Houston,4.9
0,0.2575653585644216,Do Not Intervene,726.9,France,Lyon,2.0
1,0.9228976245139549,Trigger Retention Campaign (15% Discount),2009.69,Australia,Perth,2.5
1,0.6375556751603216,Trigger Retention Campaign (15% Discount),648.5,UK,Manchester,2.6
1,0.12960177623186955,Do Not Intervene,571.03,Canada,Montreal,5.3
0,0.09332947320043675,Do Not Intervene,1286.83,UK,Leeds,1.6
0,0.20710078595608877,Do Not Intervene,569.88,India,Chennai,5.2
0,0.0959945977350537,Do Not Intervene,1418.22,UK,Glasgow,1.3
0,0.1125807680223989,Do Not Intervene,815.21,USA,New York,1.5
0,0.17153702391601505,Do Not Intervene,1263.36,Germany,Frankfurt,6.5
0,0.22368141281644813,Do Not Intervene,7990.07,India,Hyderabad,1.0
1,0.42921112091422636,Trigger Retention Campaign (15% Discount),791.37,Germany,Hamburg,1.1
0,0.13118004877282596,Do Not Intervene,999.21,Germany,Berlin,1.4
1,0.40700169383722196,Trigger Retention Campaign (15% Discount),1289.71,USA,Los Angeles,3.7
1,0.8441311700646378,Trigger Retention Campaign (15% Discount),589.53,Australia,Melbourne,1.4
0,0.22207685981492825,Do Not Intervene,2681.16,Australia,Melbourne,1.3
0,0.627741586180861,Trigger Retention Campaign (15% Discount),742.03,Canada,Toronto,3.1
1,0.16145840867696673,Do Not Intervene,2280.92,India,Chennai,2.1
0,0.12704920825192678,Do Not Intervene,850.0,UK,London,1.2
0,0.11489861764306547,Do Not Intervene,1025.95,USA,Los Angeles,2.5
1,0.7907600151236456,Trigger Retention Campaign (15% Discount),1140.88,USA,Phoenix,4.2
0,0.15931971090086633,Do Not Intervene,641.97,USA,Los Angeles,8.9
1,0.7970383167371772,Trigger Retention Campaign (15% Discount),809.08,Canada,Montreal,1.9
1,0.8976291352053615,Trigger Retention Campaign (15% Discount),2252.46,Australia,Brisbane,3.6
1,0.6052956496545058,Trigger Retention Campaign (15% Discount),912.11,Australia,Perth,3.6
0,0.5022622826244745,Trigger Retention Campaign (15% Discount),549.76,Germany,Cologne,1.7
0,0.327554041836428,Trigger Retention Campaign (15% Discount),709.46,USA,New York,3.9
0,0.46345416571120857,Trigger Retention Campaign (15% Discount),921.03,UK,London,3.9
0,0.12477022139802146,Do Not Intervene,1274.35,Canada,Calgary,6.3
0,0.2726027358697198,Do Not Intervene,595.89,USA,Los Angeles,0.6
0,0.13245765508181004,Do Not Intervene,1564.13,India,Delhi,2.6
1,0.7883668519818243,Trigger Retention Campaign (15% Discount),409.98,USA,Los Angeles,1.0
0,0.11896336918636027,Do Not Intervene,3641.32,USA,Houston,3.8
0,0.5212959132927382,Trigger Retention Campaign (15% Discount),880.77,USA,Houston,4.3
0,0.11696815266209797,Do Not Intervene,585.58,USA,New York,1.9
0,0.35724036412494586,Trigger Retention Campaign (15% Discount),1018.88,Germany,Munich,1.6
0,0.1539991291155612,Do Not Intervene,1579.62,USA,Phoenix,3.2
0,0.1956439748305571,Do Not Intervene,890.92,USA,Houston,5.6
0,0.09272041216776236,Do Not Intervene,1062.29,USA,New York,3.7
1,0.8726673002554355,Trigger Retention Campaign (15% Discount),2683.15,Australia,Brisbane,3.1
0,0.13477441698177867,Do Not Intervene,2642.11,USA,Chicago,1.1
1,0.5351004603834828,Trigger Retention Campaign (15% Discount),447.37,USA,New York,0.3
0,0.10061490237733742,Do Not Intervene,1839.3,Canada,Montreal,2.7
1,0.7422965123530271,Trigger Retention Campaign (15% Discount),415.93,Germany,Munich,2.8
0,0.12288464683654433,Do Not Intervene,2396.54,UK,Glasgow,3.2
0,0.11924438078817014,Do Not Intervene,1606.66,USA,Houston,6.0
0,0.4296426051454139,Trigger Retention Campaign (15% Discount),586.96,USA,Los Angeles,2.5
0,0.1108110174951334,Do Not Intervene,2515.7,Japan,Nagoya,5.2
1,0.6595425671505251,Trigger Retention Campaign (15% Discount),965.18,USA,Houston,1.0
0,0.11496692932548036,Do Not Intervene,1492.74,UK,London,3.6
0,0.44605754324573543,Trigger Retention Campaign (15% Discount),496.68,USA,New York,4.3
0,0.13152260216100514,Do Not Intervene,873.12,Japan,Kyoto,2.9
0,0.13556373149613,Do Not Intervene,1692.48,France,Toulouse,3.1
0,0.33076126749178947,Trigger Retention Campaign (15% Discount),702.97,Japan,Osaka,1.6
0,0.2704867049397013,Do Not Intervene,600.34,Canada,Calgary,2.6
1,0.2628517153446043,Do Not Intervene,1587.93,USA,Los Angeles,2.7
1,0.8771601267316598,Trigger Retention Campaign (15% Discount),2312.52,USA,Phoenix,10.0
0,0.20550075880719798,Do Not Intervene,2595.37,India,Bangalore,3.0
0,0.1558054335560325,Do Not Intervene,589.11,Australia,Melbourne,3.5
1,0.7185056648963531,Trigger Retention Campaign (15% Discount),2234.41,UK,Leeds,2.6
0,0.12467428769121196,Do Not Intervene,1791.42,India,Chennai,3.9
0,0.1107374355839298,Do Not Intervene,3969.5,UK,Glasgow,1.3
0,0.18267005267142697,Do Not Intervene,3434.76,Canada,Vancouver,7.2
0,0.11569710363464346,Do Not Intervene,2072.18,UK,London,2.3
1,0.8319283358826415,Trigger Retention Campaign (15% Discount),559.37,USA,Phoenix,3.3
0,0.12051993339879466,Do Not Intervene,907.24,Australia,Melbourne,5.9
0,0.12270624021688431,Do Not Intervene,884.91,USA,Houston,0.7
0,0.17566523620497743,Do Not Intervene,1466.2,USA,Phoenix,4.7
0,0.20050845310462687,Do Not Intervene,1082.41,Canada,Toronto,8.0
0,0.33304898409090256,Trigger Retention Campaign (15% Discount),722.5,Canada,Ottawa,4.1
0,0.07790571201019501,Do Not Intervene,1731.13,France,Toulouse,2.4
0,0.12417297795471076,Do Not Intervene,1619.46,France,Marseille,2.1
0,0.22847069602986433,Do Not Intervene,582.65,USA,Houston,3.2
0,0.09583003785503878,Do Not Intervene,1283.26,Japan,Nagoya,7.2
0,0.15314454589470644,Do Not Intervene,896.03,USA,Houston,3.5
0,0.15032389617178332,Do Not Intervene,1613.6,USA,Chicago,1.3
0,0.11342544802788668,Do Not Intervene,1068.94,USA,Phoenix,4.6
0,0.11619973440043081,Do Not Intervene,987.7,USA,Chicago,3.8
0,0.10187308428138543,Do Not Intervene,1562.0,USA,Chicago,5.1
0,0.2654967278236018,Do Not Intervene,829.86,Canada,Vancouver,4.3
0,0.4079296487223656,Trigger Retention Campaign (15% Discount),1862.06,Australia,Brisbane,1.6
0,0.3083387818135922,Trigger Retention Campaign (15% Discount),2319.01,USA,Houston,5.6
0,0.09837780824832006,Do Not Intervene,1471.93,USA,Houston,3.6
0,0.12458588735007771,Do Not Intervene,1106.71,UK,Manchester,4.2
0,0.16272799700289903,Do Not Intervene,843.05,Australia,Melbourne,3.9
0,0.15541200107649839,Do Not Intervene,2050.8,UK,London,3.9
0,0.0950609764894585,Do Not Intervene,868.41,France,Lyon,5.8
0,0.10738496811222144,Do Not Intervene,1014.59,UK,Birmingham,1.8
1,0.8487939162950786,Trigger Retention Campaign (15% Discount),288.52,Germany,Berlin,3.0
1,0.7205870909203069,Trigger Retention Campaign (15% Discount),1935.16,Germany,Munich,5.5
1,0.8601112490721766,Trigger Retention Campaign (15% Discount),4409.23,USA,Houston,2.8
0,0.2531812988323559,Do Not Intervene,1227.13,Australia,Sydney,1.2
0,0.18311478482333274,Do Not Intervene,1737.38,UK,Leeds,3.8
0,0.245666712791716,Do Not Intervene,637.68,Canada,Montreal,5.0
1,0.694585999951442,Trigger Retention Campaign (15% Discount),1021.79,USA,Houston,2.2
0,0.14392989681626422,Do Not Intervene,2834.25,USA,Phoenix,1.8
1,0.12756929459158303,Do Not Intervene,3642.26,Canada,Vancouver,4.3
0,0.40374707537515236,Trigger Retention Campaign (15% Discount),945.0,USA,Los Angeles,5.0
1,0.9083541688717353,Trigger Retention Campaign (15% Discount),2617.95,USA,Los Angeles,6.2
0,0.5990818910432147,Trigger Retention Campaign (15% Discount),409.68,UK,Birmingham,4.7
1,0.9167709735617008,Trigger Retention Campaign (15% Discount),2799.67,USA,Phoenix,2.0
0,0.09887069349184495,Do Not Intervene,1354.67,USA,Chicago,2.5
0,0.11272158332506008,Do Not Intervene,1090.41,France,Marseille,5.0
0,0.15998521547064423,Do Not Intervene,1241.38,USA,Phoenix,2.1
1,0.8772885991368033,Trigger Retention Campaign (15% Discount),1986.76,UK,London,2.4
0,0.3232223871904534,Trigger Retention Campaign (15% Discount),709.03,Canada,Ottawa,2.1
0,0.15101453752812233,Do Not Intervene,1029.73,USA,Los Angeles,2.2
1,0.7732272205028283,Trigger Retention Campaign (15% Discount),339.17,USA,New York,3.9
0,0.17876330664066667,Do Not Intervene,2574.21,UK,Birmingham,2.2
0,0.12533801055697485,Do Not Intervene,989.43,USA,Phoenix,0.9
0,0.22979782461962414,Do Not Intervene,1308.54,UK,London,1.3
0,0.15559262173862476,Do Not Intervene,2367.15,USA,New York,1.5
0,0.07990924918491646,Do Not Intervene,869.46,USA,Chicago,6.1
0,0.23619580062709378,Do Not Intervene,1435.37,Japan,Nagoya,4.4
0,0.18752710906478104,Do Not Intervene,1488.73,UK,Leeds,0.4
0,0.226257595869264,Do Not Intervene,718.15,USA,Houston,1.1
0,0.36837787377452136,Trigger Retention Campaign (15% Discount),706.84,USA,Houston,1.6
0,0.09064419956904604,Do Not Intervene,1703.51,USA,Chicago,4.0
0,0.08712431030163811,Do Not Intervene,1929.88,USA,Los Angeles,4.1
0,0.12470139315439242,Do Not Intervene,945.3,UK,Leeds,5.0
0,0.28648102913385914,Trigger Retention Campaign (15% Discount),976.47,USA,Los Angeles,5.7
1,0.8893577048386351,Trigger Retention Campaign (15% Discount),2599.89,UK,Manchester,5.6
0,0.5347516988162301,Trigger Retention Campaign (15% Discount),981.75,USA,Los Angeles,3.0
1,0.7834286512286377,Trigger Retention Campaign (15% Discount),2134.96,USA,Houston,1.8
0,0.1608769484072281,Do Not Intervene,2345.36,UK,Glasgow,4.0
0,0.15528557275027824,Do Not Intervene,2115.76,USA,Los Angeles,3.7
0,0.24945766270112682,Do Not Intervene,1331.46,UK,London,0.1
0,0.1446506476819804,Do Not Intervene,1960.11,Canada,Vancouver,8.2
0,0.1763305401865187,Do Not Intervene,1011.67,India,Bangalore,1.6
0,0.1331335424260212,Do Not Intervene,1427.15,Canada,Ottawa,5.1
0,0.1363164955909169,Do Not Intervene,417.23,Canada,Ottawa,1.8
1,0.5678170084508036,Trigger Retention Campaign (15% Discount),461.17,Australia,Perth,2.1
0,0.11613825128776982,Do Not Intervene,2070.68,India,Bangalore,2.9
0,0.13338755845126432,Do Not Intervene,1628.72,USA,Houston,2.0
0,0.16486013187579424,Do Not Intervene,2051.8,Canada,Vancouver,2.7
0,0.1089138585891762,Do Not Intervene,1161.65,India,Bangalore,5.3
0,0.10572972075537025,Do Not Intervene,1250.61,Canada,Calgary,2.3
1,0.10664233962599712,Do Not Intervene,390.05,Germany,Hamburg,2.4
0,0.26723582278657326,Do Not Intervene,1410.59,USA,New York,2.3
0,0.23192557334578867,Do Not Intervene,730.55,USA,Phoenix,1.7
0,0.1525993384334795,Do Not Intervene,1017.3,Germany,Frankfurt,0.7
1,0.845225161080853,Trigger Retention Campaign (15% Discount),1883.37,USA,Los Angeles,2.8
0,0.33421348319121447,Trigger Retention Campaign (15% Discount),1239.97,France,Paris,3.0
1,0.909157940935184,Trigger Retention Campaign (15% Discount),3297.08,USA,Los Angeles,3.6
0,0.8376319522871778,Trigger Retention Campaign (15% Discount),780.43,USA,New York,4.5
0,0.20587477742791743,Do Not Intervene,1054.47,Germany,Munich,2.1
0,0.14639260947616758,Do Not Intervene,2339.22,Germany,Berlin,4.5
0,0.22480846145767275,Do Not Intervene,1017.94,UK,Glasgow,2.0
1,0.8963587521933732,Trigger Retention Campaign (15% Discount),2819.58,USA,Chicago,0.8
0,0.19873998395854875,Do Not Intervene,1135.84,Canada,Montreal,1.6
0,0.18645135575381575,Do Not Intervene,498.89,USA,Chicago,0.4
0,0.12637536084699402,Do Not Intervene,1394.14,UK,Leeds,10.0
0,0.17449464029397888,Do Not Intervene,922.93,Canada,Montreal,3.0
0,0.11055312973837114,Do Not Intervene,1664.6,USA,Houston,3.0
0,0.13300083142936198,Do Not Intervene,767.98,France,Nice,5.7
0,0.1542656710854686,Do Not Intervene,1181.36,USA,Chicago,1.4
0,0.10338929964497265,Do Not Intervene,1587.94,USA,Chicago,4.5
1,0.4216743383177547,Trigger Retention Campaign (15% Discount),654.38,USA,Chicago,2.3
1,0.8461550553899141,Trigger Retention Campaign (15% Discount),2100.95,Canada,Vancouver,5.8
0,0.12147447035720078,Do Not Intervene,850.01,USA,Phoenix,1.7
0,0.1781392812669906,Do Not Intervene,1023.12,Canada,Vancouver,4.2
1,0.5956987667849737,Trigger Retention Campaign (15% Discount),600.21,USA,Chicago,7.6
0,0.4412837346922819,Trigger Retention Campaign (15% Discount),703.41,UK,Glasgow,1.5
0,0.12678787949891737,Do Not Intervene,836.75,USA,New York,6.3
1,0.8098194091047649,Trigger Retention Campaign (15% Discount),2166.43,USA,Los Angeles,1.9
1,0.8774460275604632,Trigger Retention Campaign (15% Discount),2256.28,France,Marseille,2.1
1,0.618778390216753,Trigger Retention Campaign (15% Discount),876.36,USA,Phoenix,1.6
1,0.4403331255866443,Trigger Retention Campaign (15% Discount),453.03,UK,Manchester,1.9
1,0.08983510849395003,Do Not Intervene,1314.86,Canada,Calgary,1.3
0,0.12387438995206904,Do Not Intervene,656.68,Japan,Tokyo,2.1
0,0.3631708689860929,Trigger Retention Campaign (15% Discount),522.59,UK,Manchester,0.8
0,0.14625998464285897,Do Not Intervene,998.18,Australia,Sydney,2.1
0,0.72102092093507,Trigger Retention Campaign (15% Discount),2028.06,UK,Leeds,0.6
1,0.6623824589306626,Trigger Retention Campaign (15% Discount),1584.39,UK,Leeds,0.6
0,0.1209243221607861,Do Not Intervene,1649.59,Canada,Vancouver,1.9
0,0.10196932500866618,Do Not Intervene,1228.37,Japan,Yokohama,4.7
0,0.2089680667932965,Do Not Intervene,2667.9,France,Nice,1.9
0,0.10140714867544844,Do Not Intervene,1415.2,USA,Chicago,2.5
0,0.0823264720157897,Do Not Intervene,1680.1,Canada,Toronto,2.2
0,0.2317185730651284,Do Not Intervene,1018.64,India,Mumbai,1.3
0,0.11815151987277618,Do Not Intervene,1464.34,USA,Chicago,3.9
1,0.669133007316033,Trigger Retention Campaign (15% Discount),1221.55,Canada,Vancouver,2.3
1,0.7753918348871567,Trigger Retention Campaign (15% Discount),1905.48,USA,Chicago,0.3
0,0.509719450447623,Trigger Retention Campaign (15% Discount),1072.22,Germany,Frankfurt,0.9
0,0.1022801944975597,Do Not Intervene,1556.87,USA,New York,1.5
0,0.10034996466617355,Do Not Intervene,1297.45,Australia,Perth,1.4
1,0.5633393722505148,Trigger Retention Campaign (15% Discount),537.16,France,Lyon,1.7
1,0.8154376789009607,Trigger Retention Campaign (15% Discount),385.97,France,Lyon,5.8
0,0.09514714080318995,Do Not Intervene,746.69,USA,New York,9.2
0,0.1096637172912338,Do Not Intervene,1619.71,USA,Chicago,2.3
1,0.38864039722169763,Trigger Retention Campaign (15% Discount),1544.45,Australia,Melbourne,7.1
0,0.08152576963083646,Do Not Intervene,772.44,USA,Phoenix,1.7
0,0.11616055022752825,Do Not Intervene,1471.64,USA,New York,2.0
1,0.7621141419921529,Trigger Retention Campaign (15% Discount),602.23,France,Paris,3.4
0,0.20374109059678852,Do Not Intervene,1112.34,Japan,Nagoya,3.0
1,0.8239535080951106,Trigger Retention Campaign (15% Discount),2010.47,USA,Los Angeles,2.4
1,0.40942461642210887,Trigger Retention Campaign (15% Discount),1275.21,Canada,Ottawa,4.6
0,0.2313557945887455,Do Not Intervene,919.59,UK,Glasgow,1.1
1,0.7489243923816857,Trigger Retention Campaign (15% Discount),1108.01,Australia,Sydney,2.2
0,0.12440316187549605,Do Not Intervene,1715.63,Canada,Ottawa,0.4
1,0.09094322505497202,Do Not Intervene,1647.89,Canada,Montreal,3.4
0,0.28939572479901976,Trigger Retention Campaign (15% Discount),967.7,Germany,Frankfurt,0.5
0,0.7643447245137981,Trigger Retention Campaign (15% Discount),293.54,USA,Houston,0.6
0,0.1711169794507596,Do Not Intervene,1524.96,Canada,Vancouver,2.2
0,0.2283244785268556,Do Not Intervene,1680.82,USA,Phoenix,4.4
1,0.950688633897005,Trigger Retention Campaign (15% Discount),2995.63,USA,Los Angeles,1.2
1,0.49878111209187176,Trigger Retention Campaign (15% Discount),822.24,USA,Houston,4.0
0,0.11511585714744092,Do Not Intervene,1153.75,USA,Los Angeles,2.7
0,0.13224449076818748,Do Not Intervene,987.47,Australia,Melbourne,1.2
0,0.08994596565238584,Do Not Intervene,998.09,USA,New York,4.9
0,0.33387056764263323,Trigger Retention Campaign (15% Discount),1864.94,UK,London,0.3
1,0.9355992361456427,Trigger Retention Campaign (15% Discount),2890.31,USA,Houston,0.2
1,0.8146969934539479,Trigger Retention Campaign (15% Discount),2282.81,USA,New York,2.4
0,0.15821445571429668,Do Not Intervene,2178.0,France,Marseille,1.9
0,0.5015030016143877,Trigger Retention Campaign (15% Discount),381.98,Japan,Tokyo,3.9
0,0.1274649757503728,Do Not Intervene,692.97,India,Hyderabad,3.0
0,0.132079200680431,Do Not Intervene,3569.24,France,Marseille,2.1
0,0.2602749012754396,Do Not Intervene,835.2,UK,Leeds,1.2
0,0.1485285841361185,Do Not Intervene,1532.74,USA,Los Angeles,0.8
1,0.7857246706041898,Trigger Retention Campaign (15% Discount),822.88,USA,Chicago,0.3
0,0.21700751442466948,Do Not Intervene,578.15,India,Delhi,2.8
1,0.11845726888532332,Do Not Intervene,1606.34,Germany,Frankfurt,2.8
0,0.18367678966835896,Do Not Intervene,929.62,France,Lyon,4.0
0,0.3317026936810044,Trigger Retention Campaign (15% Discount),667.05,Australia,Sydney,0.3
0,0.1392465412476199,Do Not Intervene,2463.62,USA,Chicago,5.1
0,0.08358250457000495,Do Not Intervene,1828.29,USA,Houston,1.8
0,0.11643106099015146,Do Not Intervene,1585.0,Germany,Cologne,2.7
0,0.1424386923262967,Do Not Intervene,677.64,USA,Los Angeles,2.6
1,0.45240149821586423,Trigger Retention Campaign (15% Discount),549.48,Australia,Perth,2.5
0,0.13990017667467755,Do Not Intervene,1976.86,UK,Glasgow,4.1
0,0.14124260242849493,Do Not Intervene,1432.22,USA,New York,7.7
1,0.8403115668058995,Trigger Retention Campaign (15% Discount),2253.81,France,Marseille,0.6
0,0.19895636317264728,Do Not Intervene,2282.35,Australia,Sydney,1.9
0,0.12603352777027918,Do Not Intervene,1299.09,Germany,Frankfurt,2.6
0,0.08814287686224503,Do Not Intervene,1826.96,USA,Phoenix,0.7
0,0.1389232156399939,Do Not Intervene,1743.3,Canada,Montreal,4.8
0,0.5806784088506276,Trigger Retention Campaign (15% Discount),1200.37,USA,Los Angeles,5.2
0,0.19399977344666233,Do Not Intervene,2004.93,UK,Manchester,1.1
1,0.1379212270674727,Do Not Intervene,5971.65,USA,Los Angeles,0.1
0,0.14372670900249118,Do Not Intervene,969.66,UK,Birmingham,5.6
0,0.095548935363621,Do Not Intervene,477.59,Germany,Frankfurt,7.3
0,0.1648380699579877,Do Not Intervene,962.68,USA,New York,4.3
0,0.11881241821329232,Do Not Intervene,478.76,USA,Chicago,4.3
0,0.18747614019388975,Do Not Intervene,2366.66,India,Delhi,5.9
0,0.6336001351015158,Trigger Retention Campaign (15% Discount),514.77,USA,New York,1.3
1,0.8630548379577699,Trigger Retention Campaign (15% Discount),2109.04,Australia,Brisbane,3.1
0,0.11848259334704872,Do Not Intervene,1616.64,USA,Chicago,3.7
1,0.7120457944081775,Trigger Retention Campaign (15% Discount),777.9,Japan,Yokohama,4.5
0,0.12564721553026537,Do Not Intervene,2123.23,Australia,Adelaide,1.0
0,0.14409630263856382,Do Not Intervene,1195.21,Germany,Hamburg,1.4
0,0.13033701339755474,Do Not Intervene,1752.01,USA,Phoenix,2.0
0,0.0798667002195906,Do Not Intervene,1231.88,UK,Manchester,2.9
0,0.17224542137337373,Do Not Intervene,646.14,Australia,Brisbane,2.0
0,0.16421588908849977,Do Not Intervene,1698.37,USA,Houston,4.7
0,0.15982728666465676,Do Not Intervene,3205.0,Canada,Toronto,1.3
0,0.10676647846897941,Do Not Intervene,1090.66,Germany,Cologne,3.2
0,0.10431518946830842,Do Not Intervene,1016.43,USA,Chicago,2.2
0,0.18967796886754332,Do Not Intervene,350.02,USA,Phoenix,0.8
0,0.12989649582313773,Do Not Intervene,1455.71,Australia,Perth,5.2
0,0.1515583784436288,Do Not Intervene,2397.07,Germany,Munich,0.7
1,0.8959334410442618,Trigger Retention Campaign (15% Discount),4596.42,UK,Glasgow,1.2
0,0.19265185937794238,Do Not Intervene,4468.59,USA,New York,0.2
0,0.13624090695531424,Do Not Intervene,1374.42,India,Mumbai,2.1
1,0.35837528048641304,Trigger Retention Campaign (15% Discount),1287.46,UK,Leeds,2.3
0,0.11265325360997978,Do Not Intervene,1032.61,Japan,Tokyo,2.0
1,0.7082581713319827,Trigger Retention Campaign (15% Discount),366.85,India,Hyderabad,0.7
0,0.26696713227835195,Do Not Intervene,824.03,Canada,Ottawa,4.0
0,0.15675413420477777,Do Not Intervene,2968.31,Canada,Vancouver,6.5
0,0.4157335246084009,Trigger Retention Campaign (15% Discount),573.48,USA,New York,1.0
0,0.4721232807450847,Trigger Retention Campaign (15% Discount),1074.66,Japan,Yokohama,2.7
0,0.0916260103563011,Do Not Intervene,1401.16,UK,Birmingham,2.3
0,0.2378338169514632,Do Not Intervene,897.16,France,Lyon,2.4
1,0.7996861767633742,Trigger Retention Campaign (15% Discount),779.39,USA,Houston,0.7
0,0.13513429408580524,Do Not Intervene,781.72,UK,Leeds,2.1
0,0.16174262863851435,Do Not Intervene,1335.85,USA,Los Angeles,0.9
0,0.2202950576057759,Do Not Intervene,871.19,Canada,Montreal,3.3
0,0.2558126646188584,Do Not Intervene,1062.76,USA,Chicago,4.5
1,0.9179166077639336,Trigger Retention Campaign (15% Discount),1915.52,USA,Chicago,7.6
0,0.2560558804270035,Do Not Intervene,861.49,UK,London,5.0
0,0.38007145273698467,Trigger Retention Campaign (15% Discount),356.66,Canada,Calgary,1.5
1,0.8846425401661661,Trigger Retention Campaign (15% Discount),1891.99,UK,Glasgow,4.5
0,0.19980181682717102,Do Not Intervene,2112.15,Canada,Toronto,1.9
0,0.1560425893094156,Do Not Intervene,1128.84,USA,Los Angeles,4.0
0,0.1382737308161288,Do Not Intervene,1252.65,India,Chennai,1.1
1,0.6404467669729325,Trigger Retention Campaign (15% Discount),1599.54,France,Nice,1.2
0,0.3761369138958962,Trigger Retention Campaign (15% Discount),256.49,India,Mumbai,2.5
1,0.5094181930744242,Trigger Retention Campaign (15% Discount),762.0,Canada,Vancouver,2.4
0,0.14201011551632778,Do Not Intervene,1015.96,USA,Houston,1.0
1,0.864928296840493,Trigger Retention Campaign (15% Discount),2018.79,UK,Manchester,6.8
1,0.6434494379482888,Trigger Retention Campaign (15% Discount),798.37,Canada,Toronto,0.9
0,0.15851918090401346,Do Not Intervene,1995.39,Germany,Cologne,3.3
0,0.4239818915172959,Trigger Retention Campaign (15% Discount),390.83,India,Hyderabad,3.3
0,0.08502650735449946,Do Not Intervene,1036.35,India,Bangalore,2.4
0,0.11002911424834393,Do Not Intervene,2862.25,USA,Los Angeles,1.2
0,0.14221777271283612,Do Not Intervene,676.3,UK,Manchester,2.7
0,0.3010224300019448,Trigger Retention Campaign (15% Discount),724.4,UK,Leeds,3.7
0,0.12644044052171466,Do Not Intervene,1306.68,Australia,Adelaide,6.0
0,0.226553384192264,Do Not Intervene,790.23,USA,Phoenix,5.9
1,0.9613632551583025,Trigger Retention Campaign (15% Discount),421.75,Germany,Frankfurt,2.3
1,0.9138020580949541,Trigger Retention Campaign (15% Discount),2380.38,UK,Manchester,2.8
0,0.16855390256927877,Do Not Intervene,2503.44,USA,New York,0.4
0,0.17726159867303345,Do Not Intervene,698.5,USA,Chicago,6.1
0,0.12673306319062377,Do Not Intervene,2443.25,Japan,Yokohama,7.3
0,0.1810472045035991,Do Not Intervene,1005.48,Canada,Calgary,4.6
0,0.1903722129916231,Do Not Intervene,2584.28,USA,Chicago,0.9
1,0.5837039804281177,Trigger Retention Campaign (15% Discount),1022.88,India,Bangalore,2.1
1,0.8492981421323145,Trigger Retention Campaign (15% Discount),586.53,Australia,Perth,2.9
1,0.707713435841906,Trigger Retention Campaign (15% Discount),366.02,USA,New York,6.3
0,0.17921421840120885,Do Not Intervene,1604.38,USA,Los Angeles,4.9
0,0.109062900543019,Do Not Intervene,4098.24,UK,Leeds,2.0
1,0.11005508262849109,Do Not Intervene,1229.78,Germany,Cologne,2.0
0,0.10677345060814167,Do Not Intervene,3622.72,Germany,Hamburg,3.6
0,0.17361705399287214,Do Not Intervene,2620.73,Germany,Berlin,3.2
0,0.17067885982184677,Do Not Intervene,3963.26,UK,Leeds,2.5
1,0.7750134172069519,Trigger Retention Campaign (15% Discount),183.42,Canada,Montreal,1.8
0,0.1288873252422345,Do Not Intervene,677.79,USA,New York,2.1
0,0.1106244770831871,Do Not Intervene,1479.51,Australia,Sydney,3.7
0,0.5410314852257354,Trigger Retention Campaign (15% Discount),1279.77,UK,Manchester,1.1
1,0.8609127407017251,Trigger Retention Campaign (15% Discount),2272.52,UK,Birmingham,0.9
0,0.370900337372915,Trigger Retention Campaign (15% Discount),1090.69,France,Toulouse,2.8
0,0.1988455979350302,Do Not Intervene,365.28,Germany,Hamburg,7.9
0,0.18883634981371653,Do Not Intervene,2603.27,USA,Phoenix,3.8
0,0.08230450235807416,Do Not Intervene,1495.99,France,Nice,9.0
1,0.6040574377151589,Trigger Retention Campaign (15% Discount),286.13,Germany,Cologne,1.3
0,0.1707227299562974,Do Not Intervene,4242.01,France,Toulouse,7.2
0,0.22603453817497615,Do Not Intervene,819.27,India,Delhi,5.1
1,0.503280771556424,Trigger Retention Campaign (15% Discount),698.15,USA,Phoenix,2.9
1,0.46739659477976,Trigger Retention Campaign (15% Discount),521.12,France,Paris,6.3
0,0.11688714627662317,Do Not Intervene,1314.65,USA,Phoenix,3.1
1,0.8253242083767917,Trigger Retention Campaign (15% Discount),700.16,India,Delhi,1.2
0,0.1221224486783904,Do Not Intervene,1509.27,Germany,Munich,2.4
1,0.7658999637304538,Trigger Retention Campaign (15% Discount),1044.77,USA,Phoenix,0.5
0,0.1458070930625614,Do Not Intervene,2297.75,USA,New York,1.4
0,0.12374232757845138,Do Not Intervene,1407.4,USA,New York,4.8
0,0.3216532779248044,Trigger Retention Campaign (15% Discount),1714.55,USA,Chicago,8.2
0,0.19869470013536092,Do Not Intervene,841.23,Australia,Perth,5.5
0,0.15845483687193693,Do Not Intervene,1068.51,Germany,Frankfurt,1.2
0,0.16099187582278102,Do Not Intervene,709.67,USA,Los Angeles,5.7
0,0.1192552986291054,Do Not Intervene,1089.1,India,Bangalore,2.1
0,0.1267984403069347,Do Not Intervene,716.88,USA,Los Angeles,1.4
0,0.11344218420766676,Do Not Intervene,3768.47,UK,Leeds,10.0
1,0.08559102561316713,Do Not Intervene,1704.18,Japan,Nagoya,4.4
1,0.779411644989684,Trigger Retention Campaign (15% Discount),636.83,USA,Phoenix,3.4
1,0.12355251600908691,Do Not Intervene,1879.16,USA,Los Angeles,2.0
0,0.10000044727378352,Do Not Intervene,2149.27,UK,Leeds,2.9
0,0.2926351416787897,Trigger Retention Campaign (15% Discount),1867.27,USA,Chicago,1.3
0,0.21286989122735359,Do Not Intervene,3198.5,France,Paris,6.0
0,0.28437929330713146,Trigger Retention Campaign (15% Discount),285.16,Germany,Cologne,6.0
1,0.9010100311891825,Trigger Retention Campaign (15% Discount),2502.88,France,Toulouse,4.9
0,0.15087533424815025,Do Not Intervene,3951.11,Japan,Kyoto,2.8
0,0.09301865022339738,Do Not Intervene,1812.61,Canada,Montreal,1.8
0,0.16180431563112044,Do Not Intervene,4083.26,USA,New York,1.4
0,0.13300078966004283,Do Not Intervene,1445.9,Germany,Hamburg,1.3
0,0.14816726841562158,Do Not Intervene,630.19,UK,Glasgow,3.2
0,0.4103782233216915,Trigger Retention Campaign (15% Discount),985.96,Canada,Ottawa,9.6
1,0.455765392641173,Trigger Retention Campaign (15% Discount),1402.22,Australia,Sydney,4.3
1,0.8789594877190017,Trigger Retention Campaign (15% Discount),3129.81,USA,Chicago,3.3
1,0.9275092256704552,Trigger Retention Campaign (15% Discount),2483.18,Australia,Melbourne,3.2
0,0.07844928069196024,Do Not Intervene,1183.11,France,Marseille,3.0
1,0.7088991767989227,Trigger Retention Campaign (15% Discount),604.46,USA,Phoenix,1.8
0,0.1760966404717524,Do Not Intervene,999.82,USA,Houston,4.3
0,0.19536526418005262,Do Not Intervene,955.5,Germany,Cologne,5.6
0,0.8595569804093084,Trigger Retention Campaign (15% Discount),595.16,USA,Los Angeles,5.1
1,0.40637090440941237,Trigger Retention Campaign (15% Discount),457.69,USA,Phoenix,5.4
0,0.1216820867924517,Do Not Intervene,2518.54,UK,Glasgow,2.3
1,0.8915566257963689,Trigger Retention Campaign (15% Discount),340.76,Germany,Cologne,2.3
0,0.5828131546329602,Trigger Retention Campaign (15% Discount),1264.59,France,Lyon,1.9
0,0.13577792085074536,Do Not Intervene,1200.97,USA,New York,5.2
0,0.0919056650197866,Do Not Intervene,1527.42,Australia,Adelaide,1.3
0,0.09468978083383803,Do Not Intervene,1115.88,France,Nice,1.0
0,0.09379860730391114,Do Not Intervene,1051.22,Germany,Munich,1.6
0,0.10207119525243362,Do Not Intervene,1654.81,France,Marseille,1.4
0,0.12800743057916486,Do Not Intervene,994.97,UK,Birmingham,3.2
0,0.08427057105903796,Do Not Intervene,1696.6,UK,Manchester,10.0
0,0.29434595637125194,Trigger Retention Campaign (15% Discount),728.9,UK,Glasgow,3.6
0,0.5642839070968837,Trigger Retention Campaign (15% Discount),541.19,USA,Chicago,0.4
1,0.48385624476974165,Trigger Retention Campaign (15% Discount),1508.48,India,Delhi,6.3
1,0.6985857727301931,Trigger Retention Campaign (15% Discount),4885.17,Germany,Frankfurt,1.8
0,0.2312261487314553,Do Not Intervene,757.76,Germany,Frankfurt,2.8
1,0.8593843168999061,Trigger Retention Campaign (15% Discount),498.38,UK,London,7.9
0,0.1015988744926302,Do Not Intervene,1729.8,USA,New York,1.5
0,0.09624597220718156,Do Not Intervene,2716.96,UK,Manchester,8.5
0,0.12648906778342708,Do Not Intervene,2182.29,UK,Leeds,3.3
1,0.8264850440362749,Trigger Retention Campaign (15% Discount),2203.6,USA,Chicago,1.0
0,0.65705139230455,Trigger Retention Campaign (15% Discount),118.18,USA,Phoenix,0.6
0,0.1955021338336101,Do Not Intervene,1464.41,India,Bangalore,0.7
0,0.16642141269684071,Do Not Intervene,2544.54,France,Lyon,5.9
0,0.14987735709402458,Do Not Intervene,1698.41,USA,Houston,8.8
0,0.475766580341402,Trigger Retention Campaign (15% Discount),763.42,Australia,Sydney,3.0
0,0.1057809023843878,Do Not Intervene,1184.79,USA,Chicago,7.2
0,0.17121121150301227,Do Not Intervene,2492.69,India,Hyderabad,4.2
1,0.8155528569244188,Trigger Retention Campaign (15% Discount),1990.4,USA,Houston,0.5
0,0.11943715344217652,Do Not Intervene,2250.73,USA,New York,2.1
0,0.3632554023337417,Trigger Retention Campaign (15% Discount),1445.76,India,Chennai,0.6
0,0.09239089033077791,Do Not Intervene,1012.41,UK,Manchester,2.5
0,0.11144510617024314,Do Not Intervene,1432.96,India,Bangalore,1.2
0,0.11389858498747416,Do Not Intervene,1805.22,India,Hyderabad,2.9
0,0.2961012305721084,Trigger Retention Campaign (15% Discount),590.06,USA,New York,1.7
0,0.10894392854238655,Do Not Intervene,1542.73,UK,Manchester,1.6
0,0.11337686374620842,Do Not Intervene,1703.71,USA,Phoenix,6.2
0,0.3290616964901896,Trigger Retention Campaign (15% Discount),2339.64,Japan,Nagoya,3.3
0,0.10698433167718958,Do Not Intervene,1008.06,France,Nice,4.4
1,0.9232742124328346,Trigger Retention Campaign (15% Discount),1028.59,USA,Phoenix,2.2
0,0.11169433968686752,Do Not Intervene,1166.92,UK,Manchester,1.6
0,0.13964713202042453,Do Not Intervene,2149.75,UK,Manchester,6.1
0,0.14994934962471457,Do Not Intervene,2619.93,Germany,Munich,2.0
1,0.43781727901074485,Trigger Retention Campaign (15% Discount),951.25,France,Toulouse,1.4
0,0.15878213845088981,Do Not Intervene,1468.34,USA,Chicago,2.8
0,0.16776173848715772,Do Not Intervene,764.6,Japan,Yokohama,10.0
0,0.07790306262645616,Do Not Intervene,872.89,Canada,Calgary,0.5
0,0.33987489581527547,Trigger Retention Campaign (15% Discount),1709.37,Japan,Tokyo,9.1
0,0.14245612586152295,Do Not Intervene,5140.43,USA,Chicago,2.5
0,0.4076700151598784,Trigger Retention Campaign (15% Discount),1632.5,UK,Glasgow,3.3
0,0.1731319236937273,Do Not Intervene,1677.22,USA,Houston,4.6
1,0.7638762766708805,Trigger Retention Campaign (15% Discount),352.5,Australia,Melbourne,3.3
1,0.133430661905471,Do Not Intervene,3443.16,Germany,Berlin,3.6
1,0.4771726811018431,Trigger Retention Campaign (15% Discount),806.81,Canada,Calgary,0.4
0,0.1724739746366432,Do Not Intervene,3498.35,India,Chennai,3.4
0,0.09707290049306057,Do Not Intervene,1417.23,USA,Phoenix,2.3
0,0.15688332089550497,Do Not Intervene,1377.08,USA,Los Angeles,8.1
0,0.13538719587356413,Do Not Intervene,791.11,USA,Los Angeles,4.7
0,0.13675028576194587,Do Not Intervene,2057.34,India,Delhi,4.8
0,0.1361074254565233,Do Not Intervene,2413.39,France,Paris,3.1
0,0.10590193632630253,Do Not Intervene,1596.24,Canada,Toronto,2.4
0,0.15257501653887975,Do Not Intervene,1598.73,USA,Houston,1.9
1,0.9532334665950392,Trigger Retention Campaign (15% Discount),4790.19,France,Toulouse,3.2
0,0.19776615943594225,Do Not Intervene,339.96,Japan,Osaka,2.5
1,0.3354212210497319,Trigger Retention Campaign (15% Discount),793.63,USA,Phoenix,0.4
0,0.37066741925113655,Trigger Retention Campaign (15% Discount),1318.61,USA,Phoenix,2.6
0,0.17333585477681152,Do Not Intervene,3110.3,USA,Los Angeles,3.4
1,0.7640300739162537,Trigger Retention Campaign (15% Discount),2053.34,Australia,Melbourne,3.2
0,0.10393931242919895,Do Not Intervene,1025.33,Japan,Tokyo,1.4
1,0.687454827093078,Trigger Retention Campaign (15% Discount),1891.6,UK,Glasgow,0.9
0,0.15993098398435607,Do Not Intervene,1268.07,USA,Chicago,2.2
0,0.1519375298939002,Do Not Intervene,1391.58,USA,New York,3.1
0,0.09863007596255566,Do Not Intervene,1119.38,Germany,Hamburg,1.6
1,0.7167878788586961,Trigger Retention Campaign (15% Discount),408.05,Germany,Cologne,2.1
0,0.1406816818113915,Do Not Intervene,1044.56,USA,Chicago,1.8
0,0.11295836128690016,Do Not Intervene,2034.48,Canada,Ottawa,0.5
0,0.20396914361580137,Do Not Intervene,589.26,Germany,Cologne,2.3
1,0.6389535841814933,Trigger Retention Campaign (15% Discount),255.69,France,Nice,3.2
0,0.23867367314217422,Do Not Intervene,1001.5,France,Paris,3.3
0,0.10842770937875967,Do Not Intervene,1372.58,UK,Birmingham,3.1
0,0.1468487546655785,Do Not Intervene,1123.34,USA,Phoenix,0.3
0,0.1352883393794869,Do Not Intervene,2858.43,Canada,Montreal,4.7
0,0.14394343004443658,Do Not Intervene,2167.42,India,Bangalore,1.3
0,0.10290609855066148,Do Not Intervene,1736.84,India,Chennai,2.8
0,0.27081816807366865,Do Not Intervene,930.38,Germany,Berlin,3.2
0,0.1786789366476924,Do Not Intervene,2234.43,India,Delhi,0.4
1,0.65571897319636,Trigger Retention Campaign (15% Discount),944.27,USA,New York,6.1
1,0.8387218358671633,Trigger Retention Campaign (15% Discount),3122.21,UK,London,2.9
1,0.7503010825259979,Trigger Retention Campaign (15% Discount),822.95,USA,Chicago,3.6
0,0.11838737187014071,Do Not Intervene,1199.82,USA,New York,7.6
0,0.323267238890228,Trigger Retention Campaign (15% Discount),659.03,India,Hyderabad,2.0
0,0.13881373994932988,Do Not Intervene,2332.39,USA,Phoenix,1.5
1,0.866087814745085,Trigger Retention Campaign (15% Discount),245.35,Germany,Munich,0.5
0,0.12022602948462024,Do Not Intervene,5208.23,USA,Phoenix,4.5
1,0.8394633108948161,Trigger Retention Campaign (15% Discount),538.5,Canada,Toronto,2.3
0,0.09806202977654738,Do Not Intervene,820.7,Australia,Melbourne,2.5
0,0.11588626932568859,Do Not Intervene,1482.34,Germany,Hamburg,9.8
0,0.08948286241493557,Do Not Intervene,1380.98,Canada,Calgary,1.9
0,0.21955372996648403,Do Not Intervene,575.67,USA,Los Angeles,0.4474622065485188
0,0.12081413967651372,Do Not Intervene,1873.93,UK,London,5.3
1,0.12441549755278963,Do Not Intervene,1217.18,UK,Manchester,2.3
0,0.17485520224246615,Do Not Intervene,907.55,USA,New York,10.0
0,0.09689819832024746,Do Not Intervene,1816.58,USA,Phoenix,3.0
0,0.4439267758384681,Trigger Retention Campaign (15% Discount),1013.01,UK,Glasgow,9.1
1,0.9308914178787873,Trigger Retention Campaign (15% Discount),281.08,Australia,Brisbane,2.7
1,0.9290289005240581,Trigger Retention Campaign (15% Discount),2009.41,Australia,Perth,1.1
1,0.9337664083908297,Trigger Retention Campaign (15% Discount),3623.31,France,Marseille,2.0
0,0.1413943493333998,Do Not Intervene,1943.94,Australia,Adelaide,1.4
0,0.4713995457658791,Trigger Retention Campaign (15% Discount),756.24,USA,Chicago,2.7
0,0.11522803331460776,Do Not Intervene,1040.61,Germany,Berlin,1.3
0,0.18999525789592867,Do Not Intervene,689.76,Germany,Munich,0.9
0,0.36827637979910255,Trigger Retention Campaign (15% Discount),622.36,UK,Glasgow,2.7
0,0.20473389586542864,Do Not Intervene,3775.26,Japan,Tokyo,1.0
0,0.4241550982099424,Trigger Retention Campaign (15% Discount),662.44,Canada,Vancouver,6.4
0,0.14116753630103188,Do Not Intervene,1265.82,Canada,Ottawa,10.0
0,0.09447812755094119,Do Not Intervene,756.27,USA,Chicago,6.4
0,0.08383484022985861,Do Not Intervene,946.46,Australia,Perth,5.9
0,0.10533309070464018,Do Not Intervene,1325.1,UK,Manchester,4.3
1,0.7514910264858728,Trigger Retention Campaign (15% Discount),2094.58,USA,Chicago,3.0
1,0.4777181384254001,Trigger Retention Campaign (15% Discount),1159.56,USA,Phoenix,0.6
0,0.16495464312676592,Do Not Intervene,980.23,France,Lyon,3.7
0,0.1357837020158859,Do Not Intervene,1089.82,Germany,Hamburg,6.2
1,0.341906299433385,Trigger Retention Campaign (15% Discount),859.17,Canada,Montreal,2.1
0,0.10642358621356401,Do Not Intervene,1961.64,UK,Manchester,3.0
1,0.8593470624187779,Trigger Retention Campaign (15% Discount),153.1,USA,Los Angeles,0.5
0,0.07948799310879509,Do Not Intervene,1448.58,Canada,Vancouver,1.5
1,0.6552128772869689,Trigger Retention Campaign (15% Discount),1009.83,France,Paris,6.4
0,0.32062863656484225,Trigger Retention Campaign (15% Discount),1087.65,Australia,Melbourne,2.3
1,0.9095516990762162,Trigger Retention Campaign (15% Discount),116.7,USA,Phoenix,3.5
0,0.11258365276765075,Do Not Intervene,491.68,USA,Phoenix,1.7
1,0.3188600020258601,Trigger Retention Campaign (15% Discount),988.41,Canada,Toronto,1.5
1,0.8883768662535837,Trigger Retention Campaign (15% Discount),2046.66,Japan,Yokohama,6.0
0,0.21426271318176318,Do Not Intervene,695.7,Australia,Adelaide,3.1
0,0.4763838390452897,Trigger Retention Campaign (15% Discount),544.87,France,Toulouse,6.2
0,0.08631896870975099,Do Not Intervene,901.5,USA,Phoenix,2.5
0,0.1213050788654572,Do Not Intervene,1085.64,USA,New York,6.5
0,0.10061092194682457,Do Not Intervene,1840.96,USA,New York,1.8
0,0.20770267369553574,Do Not Intervene,1613.19,USA,New York,7.8
1,0.8352865195605057,Trigger Retention Campaign (15% Discount),514.78,India,Hyderabad,1.1
0,0.2489644606285001,Do Not Intervene,478.0,France,Nice,0.9
0,0.13217137346226315,Do Not Intervene,1288.49,France,Lyon,2.7
0,0.17091300872015602,Do Not Intervene,2142.38,UK,Birmingham,4.9
1,0.7011777213803425,Trigger Retention Campaign (15% Discount),378.53,Australia,Brisbane,0.9
0,0.1404775861075938,Do Not Intervene,1450.59,USA,New York,0.9
0,0.4819579453232917,Trigger Retention Campaign (15% Discount),655.85,UK,Manchester,10.0
1,0.8984029879267554,Trigger Retention Campaign (15% Discount),2073.2,UK,London,1.5
0,0.13081287763314042,Do Not Intervene,1168.18,UK,Birmingham,4.5
1,0.9194344047091281,Trigger Retention Campaign (15% Discount),133.48,USA,Los Angeles,3.6
0,0.18925185489288343,Do Not Intervene,1301.46,USA,Phoenix,0.8
1,0.9203648833416086,Trigger Retention Campaign (15% Discount),3997.08,UK,Manchester,9.0
0,0.27276161372852814,Do Not Intervene,1429.18,India,Hyderabad,4.9
0,0.10784109371997598,Do Not Intervene,1423.81,Germany,Berlin,3.1
0,0.21468561077758097,Do Not Intervene,1821.26,Australia,Adelaide,0.3
0,0.10400849308092161,Do Not Intervene,1072.47,USA,Houston,10.0
0,0.119079448473336,Do Not Intervene,635.66,Canada,Toronto,3.0
0,0.12156723863394672,Do Not Intervene,969.81,Germany,Frankfurt,4.1
0,0.11210849758994523,Do Not Intervene,1838.46,UK,Birmingham,1.2
0,0.1486142790165964,Do Not Intervene,1050.58,UK,Birmingham,2.3
0,0.14297242560837944,Do Not Intervene,595.05,USA,Phoenix,1.0
1,0.7684347180278506,Trigger Retention Campaign (15% Discount),2289.61,Australia,Perth,2.1
1,0.7663840079512166,Trigger Retention Campaign (15% Discount),1209.95,USA,New York,3.8
1,0.8587697170047339,Trigger Retention Campaign (15% Discount),2203.52,France,Paris,3.5
1,0.9017867840752125,Trigger Retention Campaign (15% Discount),3255.44,Canada,Montreal,0.3
1,0.7638768253771702,Trigger Retention Campaign (15% Discount),3530.85,France,Lyon,3.2
0,0.08475575239349376,Do Not Intervene,1638.75,Germany,Frankfurt,3.8
0,0.15873437924039885,Do Not Intervene,1279.11,India,Bangalore,0.9
1,0.8302781974214191,Trigger Retention Campaign (15% Discount),1756.8,Australia,Brisbane,3.1
0,0.18867970740022988,Do Not Intervene,702.91,France,Marseille,2.5
0,0.177490164729695,Do Not Intervene,1927.12,France,Marseille,3.2
0,0.1549822736279741,Do Not Intervene,2878.21,Australia,Perth,4.7
0,0.2097282180735625,Do Not Intervene,1834.29,Germany,Cologne,2.2
1,0.8395392540631472,Trigger Retention Campaign (15% Discount),1907.82,UK,Leeds,3.1
0,0.09251232234425588,Do Not Intervene,830.22,Germany,Cologne,1.4
0,0.1641513220142496,Do Not Intervene,2157.63,USA,New York,5.0
0,0.6481342494981306,Trigger Retention Campaign (15% Discount),699.64,Germany,Berlin,5.2
0,0.12636372185152717,Do Not Intervene,1439.37,UK,London,1.7
0,0.21456138341626402,Do Not Intervene,1650.02,Australia,Sydney,1.2
1,0.3079267705857189,Trigger Retention Campaign (15% Discount),3468.44,USA,Houston,2.6
0,0.6248532768727789,Trigger Retention Campaign (15% Discount),739.84,UK,Glasgow,6.0
1,0.31095479383272573,Trigger Retention Campaign (15% Discount),734.46,India,Delhi,4.1
0,0.13655669042859112,Do Not Intervene,1249.97,USA,New York,3.7
0,0.1513296001407456,Do Not Intervene,1686.61,Germany,Cologne,4.2
0,0.09017078351677288,Do Not Intervene,1629.06,Canada,Toronto,3.1
0,0.15610884635671318,Do Not Intervene,1275.83,USA,New York,9.0
0,0.1570944783896642,Do Not Intervene,816.94,India,Mumbai,0.5
0,0.14152744066201398,Do Not Intervene,722.36,USA,New York,3.0
0,0.12016117491753735,Do Not Intervene,1174.71,Japan,Tokyo,8.0
0,0.25986440897380786,Do Not Intervene,559.15,Japan,Tokyo,2.5
1,0.6539701585467342,Trigger Retention Campaign (15% Discount),1867.24,USA,Phoenix,3.2
1,0.8135679022766318,Trigger Retention Campaign (15% Discount),1916.45,USA,Houston,5.7
0,0.536685209229544,Trigger Retention Campaign (15% Discount),784.48,Australia,Perth,1.4
0,0.2924591573153749,Trigger Retention Campaign (15% Discount),1738.1,USA,New York,10.0
0,0.2487781324770797,Do Not Intervene,1561.91,Germany,Munich,1.6
0,0.15750747809815294,Do Not Intervene,2120.77,USA,New York,6.5
0,0.18106715391775322,Do Not Intervene,869.7,Canada,Calgary,1.0
0,0.12645137828113975,Do Not Intervene,1355.01,India,Chennai,0.4
0,0.23697682788556942,Do Not Intervene,742.13,Australia,Melbourne,6.3
1,0.8566092876826669,Trigger Retention Campaign (15% Discount),247.87,India,Chennai,2.2
0,0.12948471813307103,Do Not Intervene,1863.16,India,Chennai,0.4
0,0.0663909537467828,Do Not Intervene,1750.85,USA,Houston,1.0
0,0.09177574853858018,Do Not Intervene,1251.78,Canada,Vancouver,1.5
0,0.18822393584927746,Do Not Intervene,1276.61,USA,Houston,0.6
0,0.13157851993817993,Do Not Intervene,813.96,France,Paris,1.5
0,0.16821742630867612,Do Not Intervene,2122.32,UK,Birmingham,2.5
0,0.14632473123884643,Do Not Intervene,751.37,India,Chennai,2.5
0,0.12439971915944024,Do Not Intervene,1027.75,USA,Houston,4.2
0,0.1081026291833811,Do Not Intervene,1428.46,Germany,Frankfurt,6.2
0,0.09140587037728848,Do Not Intervene,1763.89,UK,Manchester,2.0
0,0.8775164909294414,Trigger Retention Campaign (15% Discount),331.76,USA,New York,1.3
0,0.10862160737437739,Do Not Intervene,1181.48,USA,Los Angeles,3.4
1,0.8752635834843803,Trigger Retention Campaign (15% Discount),730.45,USA,New York,1.6
0,0.5890899480205581,Trigger Retention Campaign (15% Discount),627.32,Germany,Hamburg,3.1
0,0.4609111209935364,Trigger Retention Campaign (15% Discount),362.76,Australia,Adelaide,5.8
0,0.506757360357687,Trigger Retention Campaign (15% Discount),463.69,UK,Leeds,5.1
1,0.8463639226474651,Trigger Retention Campaign (15% Discount),2214.3,Canada,Toronto,0.6
0,0.10471480764073007,Do Not Intervene,885.61,UK,Birmingham,3.4
0,0.24642494541889395,Do Not Intervene,551.02,Germany,Hamburg,4.2
0,0.2507081393868984,Do Not Intervene,1907.38,UK,Birmingham,1.0
0,0.4490090734026011,Trigger Retention Campaign (15% Discount),1194.4,Germany,Cologne,4.3
0,0.2482813876054891,Do Not Intervene,836.18,India,Chennai,5.9
0,0.1165520858708392,Do Not Intervene,966.98,Japan,Tokyo,2.3
0,0.40863231982962434,Trigger Retention Campaign (15% Discount),1543.79,USA,Chicago,4.4
0,0.18381890289669187,Do Not Intervene,2244.3,UK,Birmingham,2.6
0,0.10019718390230543,Do Not Intervene,611.39,France,Paris,0.5
1,0.5667112615843369,Trigger Retention Campaign (15% Discount),821.22,Canada,Toronto,4.4
0,0.08374099921027554,Do Not Intervene,1965.02,Canada,Ottawa,2.1
0,0.20229718684846557,Do Not Intervene,891.76,Germany,Cologne,2.9
0,0.10312949768952036,Do Not Intervene,997.75,Canada,Toronto,0.9
0,0.14409898809112887,Do Not Intervene,3508.76,Australia,Sydney,1.9
1,0.6460319284120496,Trigger Retention Campaign (15% Discount),676.86,Germany,Berlin,1.9
1,0.5936347822412225,Trigger Retention Campaign (15% Discount),1191.28,USA,Houston,2.0
0,0.6456344626347077,Trigger Retention Campaign (15% Discount),963.3,USA,Los Angeles,3.0
1,0.16610957921711236,Do Not Intervene,770.62,USA,Chicago,8.8
1,0.6993955466021824,Trigger Retention Campaign (15% Discount),389.29,Canada,Calgary,4.0
0,0.08689841203968877,Do Not Intervene,1437.19,UK,Manchester,5.3
0,0.1921130869227217,Do Not Intervene,344.82,India,Chennai,3.9
1,0.33065508535407695,Trigger Retention Campaign (15% Discount),1651.5,Germany,Frankfurt,0.5
1,0.4657737013383787,Trigger Retention Campaign (15% Discount),745.93,Canada,Ottawa,4.1
1,0.5392462002879359,Trigger Retention Campaign (15% Discount),922.62,Canada,Calgary,1.2
0,0.31942650933579697,Trigger Retention Campaign (15% Discount),889.82,Canada,Toronto,2.7
0,0.10764181358537726,Do Not Intervene,948.51,Australia,Perth,2.3
1,0.5805032201649246,Trigger Retention Campaign (15% Discount),125.81,Germany,Munich,2.2
1,0.49924109682461165,Trigger Retention Campaign (15% Discount),992.7,Australia,Brisbane,2.1
0,0.2631692790163323,Do Not Intervene,2286.44,Germany,Munich,1.7
0,0.18216985257745474,Do Not Intervene,2845.23,UK,Leeds,0.3
0,0.11868884146498178,Do Not Intervene,2487.2,France,Marseille,4.7
0,0.15480236830222846,Do Not Intervene,1868.91,USA,Los Angeles,0.9
0,0.10555204561329465,Do Not Intervene,3269.82,USA,Phoenix,2.5
0,0.17554217466893107,Do Not Intervene,2293.25,USA,Los Angeles,2.8
0,0.2741225464149844,Do Not Intervene,724.15,Australia,Perth,2.5
0,0.15953497356281912,Do Not Intervene,836.46,India,Chennai,4.7
0,0.2731425771674414,Do Not Intervene,1773.21,India,Delhi,0.1
0,0.09007607619227562,Do Not Intervene,1727.55,USA,Phoenix,3.1
1,0.79916355378828,Trigger Retention Campaign (15% Discount),720.55,USA,New York,0.6
0,0.10505504937944066,Do Not Intervene,2180.95,Japan,Tokyo,4.7
0,0.2863324209740459,Trigger Retention Campaign (15% Discount),456.82,USA,Los Angeles,2.1
1,0.8115190739583305,Trigger Retention Campaign (15% Discount),740.81,USA,Phoenix,1.6
0,0.12636464144715487,Do Not Intervene,3299.22,Australia,Sydney,2.1
1,0.7676587624797161,Trigger Retention Campaign (15% Discount),564.98,France,Nice,2.3
1,0.8430721569017492,Trigger Retention Campaign (15% Discount),2704.93,USA,Houston,1.6
0,0.10781063439638436,Do Not Intervene,1869.23,USA,Los Angeles,0.2
0,0.11297747167780893,Do Not Intervene,1447.44,UK,Birmingham,5.1
0,0.11217526185633654,Do Not Intervene,947.82,France,Lyon,1.8
1,0.5420832696856855,Trigger Retention Campaign (15% Discount),465.26,UK,Glasgow,4.2
0,0.18645373810960517,Do Not Intervene,2484.2,UK,Manchester,1.1
1,0.8153866522994082,Trigger Retention Campaign (15% Discount),466.72,Canada,Toronto,2.8
1,0.6444699935102204,Trigger Retention Campaign (15% Discount),1040.45,Germany,Munich,4.2
1,0.6783073139273178,Trigger Retention Campaign (15% Discount),404.68,Japan,Osaka,3.0
0,0.09724474171207782,Do Not Intervene,1438.22,USA,New York,2.5
1,0.7057569387403554,Trigger Retention Campaign (15% Discount),1143.97,USA,Houston,4.5
0,0.11447321544987142,Do Not Intervene,2689.56,India,Delhi,1.8
1,0.5314375216243599,Trigger Retention Campaign (15% Discount),485.46,Germany,Cologne,2.6
1,0.847122288427999,Trigger Retention Campaign (15% Discount),728.95,Canada,Toronto,2.2
0,0.24261127041302552,Do Not Intervene,1848.45,Canada,Toronto,2.4
1,0.7380615302081582,Trigger Retention Campaign (15% Discount),1991.07,USA,New York,2.4
0,0.2668868320883395,Do Not Intervene,1065.7,France,Toulouse,1.5
0,0.09383831963146852,Do Not Intervene,1489.55,France,Paris,4.4
0,0.11989706873265783,Do Not Intervene,3867.06,Japan,Yokohama,5.3
0,0.13229501553861492,Do Not Intervene,2010.1,USA,Houston,1.0
0,0.10406073485507333,Do Not Intervene,1643.74,Canada,Vancouver,1.3
0,0.15591996426006927,Do Not Intervene,2963.62,Canada,Ottawa,1.3
0,0.13697923574448265,Do Not Intervene,718.46,Germany,Berlin,1.3
0,0.12294392079096475,Do Not Intervene,691.15,Germany,Cologne,3.9
0,0.225953720606805,Do Not Intervene,1028.25,Canada,Vancouver,1.0
0,0.14353474242396033,Do Not Intervene,2490.42,UK,Birmingham,5.9
1,0.5949041912277342,Trigger Retention Campaign (15% Discount),362.14,UK,Leeds,0.2
0,0.09115046386905304,Do Not Intervene,756.59,Canada,Vancouver,1.0
1,0.7072418766394816,Trigger Retention Campaign (15% Discount),280.29,UK,Glasgow,1.0
0,0.09455989488085959,Do Not Intervene,1383.69,USA,Phoenix,0.9
0,0.18452239808119303,Do Not Intervene,1501.68,UK,Glasgow,0.6
1,0.9059825426790538,Trigger Retention Campaign (15% Discount),2650.44,UK,Birmingham,1.1
0,0.1330529554179091,Do Not Intervene,659.18,India,Hyderabad,1.7
0,0.13292977617623944,Do Not Intervene,1281.74,USA,Chicago,4.7
0,0.15545000650089313,Do Not Intervene,794.65,Germany,Hamburg,7.7
0,0.16050002000937794,Do Not Intervene,2055.56,Australia,Melbourne,8.9
1,0.1707142506117373,Do Not Intervene,507.96,USA,Chicago,1.4
1,0.4807506727572737,Trigger Retention Campaign (15% Discount),652.87,Canada,Ottawa,0.8
0,0.1116191284868312,Do Not Intervene,1610.7,Australia,Adelaide,2.7
1,0.8598743924677948,Trigger Retention Campaign (15% Discount),2054.49,USA,Los Angeles,5.4
1,0.9391553539825892,Trigger Retention Campaign (15% Discount),4085.55,USA,Chicago,4.5
0,0.11529188311531807,Do Not Intervene,807.89,India,Hyderabad,4.4
1,0.9040957390115403,Trigger Retention Campaign (15% Discount),3066.45,Japan,Yokohama,1.0
1,0.5832679857253955,Trigger Retention Campaign (15% Discount),449.93,USA,Chicago,2.5
0,0.14142700816473877,Do Not Intervene,2484.22,Japan,Nagoya,3.3
1,0.8668875932502778,Trigger Retention Campaign (15% Discount),2107.7,Canada,Calgary,1.8
0,0.12737978135429126,Do Not Intervene,1229.94,USA,Phoenix,7.1
0,0.23863846895222565,Do Not Intervene,1507.49,Australia,Sydney,5.3
0,0.16199855013939757,Do Not Intervene,1289.87,USA,Houston,3.5
0,0.0834976132336954,Do Not Intervene,1476.41,Germany,Hamburg,0.6
0,0.1638037737421926,Do Not Intervene,872.32,Canada,Toronto,1.8
1,0.9184272910515638,Trigger Retention Campaign (15% Discount),2161.08,UK,London,5.5
1,0.9229034164095016,Trigger Retention Campaign (15% Discount),4243.03,USA,Los Angeles,1.9
0,0.16572059416534607,Do Not Intervene,2661.13,USA,Los Angeles,1.3
0,0.31490069890627803,Trigger Retention Campaign (15% Discount),1132.29,USA,Los Angeles,3.6
1,0.8900746379673908,Trigger Retention Campaign (15% Discount),2695.94,USA,New York,2.9
0,0.4111668283610816,Trigger Retention Campaign (15% Discount),1280.6,UK,Leeds,3.7
0,0.1887987615509778,Do Not Intervene,1440.89,USA,Los Angeles,2.9
1,0.841366275957148,Trigger Retention Campaign (15% Discount),592.58,USA,Phoenix,3.6
0,0.09993409413093986,Do Not Intervene,428.92,UK,Leeds,1.7
0,0.31268954999121645,Trigger Retention Campaign (15% Discount),437.16,USA,Los Angeles,2.4
1,0.40652046755207477,Trigger Retention Campaign (15% Discount),896.72,Germany,Hamburg,0.1
0,0.18830277406281282,Do Not Intervene,3703.01,India,Bangalore,3.3
0,0.09714901941000244,Do Not Intervene,968.95,USA,Phoenix,4.1
0,0.17421762183620676,Do Not Intervene,3567.41,USA,Los Angeles,0.8
0,0.1638746817180019,Do Not Intervene,387.74,Canada,Toronto,3.1
1,0.8994809921039032,Trigger Retention Campaign (15% Discount),2447.5,UK,London,0.9
1,0.6798081219841009,Trigger Retention Campaign (15% Discount),209.4,India,Mumbai,2.6
0,0.11897211195791318,Do Not Intervene,1401.13,USA,Chicago,4.7
0,0.8531121708339056,Trigger Retention Campaign (15% Discount),411.71,UK,Birmingham,2.9
1,0.48590281995730966,Trigger Retention Campaign (15% Discount),1443.85,USA,Los Angeles,1.1
1,0.9518329081080164,Trigger Retention Campaign (15% Discount),3739.12,UK,Birmingham,1.8
0,0.11437243818489348,Do Not Intervene,986.35,USA,Chicago,4.5
1,0.7447510041485599,Trigger Retention Campaign (15% Discount),650.62,India,Mumbai,3.7
0,0.33006775475018185,Trigger Retention Campaign (15% Discount),1361.38,Germany,Munich,1.8
0,0.11159961703310635,Do Not Intervene,1612.0,USA,Phoenix,1.6
0,0.3075069456542216,Trigger Retention Campaign (15% Discount),1179.78,UK,Birmingham,2.8
0,0.1420187228260692,Do Not Intervene,1357.61,Canada,Toronto,1.7
1,0.9206550273550885,Trigger Retention Campaign (15% Discount),4162.85,USA,Phoenix,1.2
0,0.17264674083283751,Do Not Intervene,1344.38,Australia,Sydney,10.0
1,0.770877357900563,Trigger Retention Campaign (15% Discount),2175.77,India,Mumbai,3.8
0,0.17922860151003722,Do Not Intervene,2543.62,USA,Los Angeles,1.0
0,0.13179042373928435,Do Not Intervene,2958.87,UK,Leeds,3.1
1,0.8729245800693138,Trigger Retention Campaign (15% Discount),365.5,USA,New York,5.5
0,0.11346031795636426,Do Not Intervene,940.88,Australia,Perth,0.1
0,0.08952111072348994,Do Not Intervene,1342.19,USA,Phoenix,0.9
0,0.3190582238813924,Trigger Retention Campaign (15% Discount),1297.86,UK,Manchester,0.4
0,0.10227993228619182,Do Not Intervene,1038.48,UK,Glasgow,7.3
0,0.09137864192633996,Do Not Intervene,794.93,UK,Manchester,1.3
0,0.11293619664385558,Do Not Intervene,1673.6,Canada,Montreal,1.8
0,0.1748326817339769,Do Not Intervene,633.93,France,Marseille,3.2
1,0.6293043843997846,Trigger Retention Campaign (15% Discount),353.6,Canada,Toronto,7.3
0,0.11883728130795651,Do Not Intervene,2014.28,USA,Chicago,0.9
1,0.39309985983684465,Trigger Retention Campaign (15% Discount),729.45,UK,Manchester,2.0
0,0.11242354901622646,Do Not Intervene,1175.85,Canada,Montreal,4.7
0,0.514211024663076,Trigger Retention Campaign (15% Discount),1028.01,France,Nice,3.8
0,0.10266237916910358,Do Not Intervene,2278.47,Australia,Sydney,5.7
0,0.16327065480474684,Do Not Intervene,970.56,Japan,Nagoya,2.1
0,0.15755018375684338,Do Not Intervene,537.46,USA,Phoenix,3.2
0,0.24846636324591287,Do Not Intervene,637.95,USA,Phoenix,4.1
0,0.609527256284265,Trigger Retention Campaign (15% Discount),663.73,USA,Houston,3.5
0,0.18610954236299249,Do Not Intervene,2195.09,UK,Birmingham,1.0
1,0.9157496606665125,Trigger Retention Campaign (15% Discount),2564.92,USA,Chicago,0.9
0,0.6445384531707432,Trigger Retention Campaign (15% Discount),686.35,Canada,Toronto,2.6
0,0.3662902214952633,Trigger Retention Campaign (15% Discount),606.79,Canada,Vancouver,1.0
0,0.17022864328831655,Do Not Intervene,1303.72,Japan,Tokyo,1.2
0,0.26761537668470864,Do Not Intervene,807.08,USA,Phoenix,2.1
0,0.1152491125287798,Do Not Intervene,572.53,UK,Manchester,0.1
0,0.13920815093888048,Do Not Intervene,2526.34,UK,Birmingham,4.7
1,0.9405019818607799,Trigger Retention Campaign (15% Discount),615.23,USA,Chicago,3.1
1,0.8263392736125863,Trigger Retention Campaign (15% Discount),589.34,France,Lyon,6.6
0,0.10634856915967685,Do Not Intervene,1608.04,Germany,Cologne,2.5
0,0.22085510067262665,Do Not Intervene,294.63,UK,London,2.2
1,0.37291859298823987,Trigger Retention Campaign (15% Discount),1682.32,Australia,Melbourne,8.7
0,0.17454725485102213,Do Not Intervene,960.33,India,Bangalore,8.1
0,0.18385091483907653,Do Not Intervene,531.95,Canada,Toronto,5.0
0,0.244979419455035,Do Not Intervene,796.4,France,Toulouse,7.6
1,0.5852663972082115,Trigger Retention Campaign (15% Discount),259.28,UK,London,3.6
0,0.1361105098571543,Do Not Intervene,1151.19,UK,Glasgow,3.6
1,0.7967327625333672,Trigger Retention Campaign (15% Discount),999.65,India,Chennai,3.9
0,0.17022331251958836,Do Not Intervene,1450.53,USA,Chicago,2.7
0,0.0998730858091676,Do Not Intervene,1380.93,Germany,Hamburg,4.9
0,0.5628444230349561,Trigger Retention Campaign (15% Discount),465.08,UK,Manchester,2.6
0,0.2414252980288367,Do Not Intervene,1077.8,USA,Los Angeles,2.1
1,0.8720090764837001,Trigger Retention Campaign (15% Discount),103.81,USA,Los Angeles,3.6
0,0.10227050975881452,Do Not Intervene,1019.98,Germany,Frankfurt,4.8
1,0.7118531499875845,Trigger Retention Campaign (15% Discount),1933.95,Australia,Melbourne,1.4
0,0.31508457774322196,Trigger Retention Campaign (15% Discount),490.84,USA,Houston,0.9
1,0.11775000006035147,Do Not Intervene,628.49,USA,Phoenix,0.9
1,0.9448606535583317,Trigger Retention Campaign (15% Discount),2625.05,USA,Chicago,1.2
0,0.2903478147097371,Trigger Retention Campaign (15% Discount),5469.48,India,Mumbai,6.7
0,0.512753187481796,Trigger Retention Campaign (15% Discount),677.4,USA,Chicago,3.1
1,0.6315445416239787,Trigger Retention Campaign (15% Discount),788.15,Canada,Toronto,0.9
0,0.1326150655375936,Do Not Intervene,562.68,India,Bangalore,0.6
1,0.7696524354428275,Trigger Retention Campaign (15% Discount),2502.97,Australia,Perth,6.3
0,0.11655643104281253,Do Not Intervene,1345.3,USA,Houston,0.7
0,0.19102129048670846,Do Not Intervene,1147.65,Canada,Montreal,1.3
0,0.12159996881351487,Do Not Intervene,1109.77,Germany,Hamburg,5.6
0,0.09417616424904784,Do Not Intervene,1634.66,France,Marseille,1.1
1,0.8367059670609253,Trigger Retention Campaign (15% Discount),101.88,Australia,Melbourne,3.0
1,0.8712579143796022,Trigger Retention Campaign (15% Discount),3006.44,USA,New York,0.3
0,0.17752560678528873,Do Not Intervene,941.22,USA,Chicago,1.2
0,0.1323229410042176,Do Not Intervene,1209.62,Germany,Berlin,2.0
0,0.11864134529582046,Do Not Intervene,1714.16,USA,New York,2.7
0,0.11702094190418462,Do Not Intervene,1777.2,Canada,Ottawa,3.4
0,0.13958855213525667,Do Not Intervene,1743.43,France,Toulouse,3.0
0,0.09704258770995634,Do Not Intervene,761.1,UK,Manchester,0.9
1,0.869008052796274,Trigger Retention Campaign (15% Discount),930.06,UK,Glasgow,4.7
1,0.7894910821587855,Trigger Retention Campaign (15% Discount),2161.16,UK,London,1.7
0,0.23439356196696606,Do Not Intervene,1983.14,USA,New York,9.0
0,0.12708966778525735,Do Not Intervene,1080.79,UK,Manchester,7.3
1,0.8856222061993451,Trigger Retention Campaign (15% Discount),2418.37,Australia,Perth,3.8
0,0.3038087607137481,Trigger Retention Campaign (15% Discount),1510.12,Germany,Munich,10.0
0,0.45014127454928193,Trigger Retention Campaign (15% Discount),723.79,USA,Phoenix,5.6
0,0.12980901224658825,Do Not Intervene,2051.15,USA,Phoenix,2.4
0,0.31503739925983976,Trigger Retention Campaign (15% Discount),1075.05,Germany,Frankfurt,2.9
1,0.09288597842124675,Do Not Intervene,1389.92,Canada,Vancouver,2.2
0,0.10918011295572336,Do Not Intervene,1354.25,USA,Los Angeles,0.7
1,0.9364240265473219,Trigger Retention Campaign (15% Discount),2196.24,Germany,Berlin,2.8
0,0.21237540396464172,Do Not Intervene,2162.31,USA,Houston,3.7
0,0.5320924525912574,Trigger Retention Campaign (15% Discount),656.82,USA,Los Angeles,4.1
0,0.12963240028707662,Do Not Intervene,520.85,USA,New York,2.6
0,0.3127165593059632,Trigger Retention Campaign (15% Discount),1808.92,India,Hyderabad,1.2
0,0.13026745908249782,Do Not Intervene,1400.06,France,Toulouse,4.0
0,0.09692439177399079,Do Not Intervene,1907.98,USA,Houston,1.0
0,0.31689613538622596,Trigger Retention Campaign (15% Discount),721.16,Germany,Cologne,0.7
0,0.1559658383002196,Do Not Intervene,1148.77,USA,Phoenix,2.1
0,0.3490430449302568,Trigger Retention Campaign (15% Discount),677.59,UK,Manchester,4.5
1,0.8407262782381612,Trigger Retention Campaign (15% Discount),568.74,UK,Leeds,2.4
0,0.22775989503198066,Do Not Intervene,1717.19,France,Toulouse,1.9
0,0.1475615057029177,Do Not Intervene,2014.68,USA,New York,5.6
1,0.7869171776709538,Trigger Retention Campaign (15% Discount),378.71,USA,Houston,1.3
1,0.11888981297131757,Do Not Intervene,957.89,USA,Phoenix,1.6
0,0.0660715563342828,Do Not Intervene,1406.91,France,Toulouse,1.6
0,0.2560072546658994,Do Not Intervene,631.78,USA,Chicago,3.4
0,0.1169871826557464,Do Not Intervene,1123.67,France,Marseille,2.3
0,0.13585457020932448,Do Not Intervene,1734.95,USA,Houston,6.2
1,0.43707215352438666,Trigger Retention Campaign (15% Discount),773.38,USA,Los Angeles,1.2
0,0.08825172679692145,Do Not Intervene,2071.19,UK,Glasgow,0.5
0,0.1383403798742024,Do Not Intervene,1508.56,UK,Leeds,2.8
0,0.17325249673429302,Do Not Intervene,1264.81,Japan,Kyoto,5.5
0,0.15835128405369178,Do Not Intervene,2721.48,UK,Leeds,9.3
1,0.7189322474989344,Trigger Retention Campaign (15% Discount),1605.7,India,Bangalore,0.1
0,0.16047182133583462,Do Not Intervene,1283.6,USA,Houston,2.7
0,0.12650285271413342,Do Not Intervene,1120.57,India,Bangalore,3.2
1,0.6360351082280752,Trigger Retention Campaign (15% Discount),1609.14,Germany,Hamburg,2.9
0,0.13199430335827386,Do Not Intervene,1720.18,USA,Houston,2.5
0,0.12237014301706674,Do Not Intervene,1548.78,UK,London,7.3
1,0.8635689577044426,Trigger Retention Campaign (15% Discount),1956.94,USA,New York,6.5
1,0.10422396914393584,Do Not Intervene,4500.99,Canada,Montreal,1.1
0,0.1410814535273153,Do Not Intervene,2351.07,UK,Leeds,3.5
1,0.7799146145172524,Trigger Retention Campaign (15% Discount),744.73,USA,Los Angeles,2.1
1,0.4192533674675422,Trigger Retention Campaign (15% Discount),839.14,Canada,Ottawa,0.8
1,0.17628803327606712,Do Not Intervene,1904.47,Germany,Berlin,4.4
1,0.8660621298996718,Trigger Retention Campaign (15% Discount),423.79,India,Bangalore,5.7
0,0.6913210354246558,Trigger Retention Campaign (15% Discount),476.25,USA,Phoenix,5.4
1,0.2507268926145895,Do Not Intervene,991.92,USA,Phoenix,2.5
0,0.1376717857765208,Do Not Intervene,1775.24,Canada,Ottawa,1.8
0,0.11940387371625012,Do Not Intervene,1894.27,Japan,Yokohama,1.4
0,0.10182766512529637,Do Not Intervene,1600.96,USA,Houston,0.9
0,0.09707598367435961,Do Not Intervene,1548.92,France,Lyon,10.0
0,0.16517268261235196,Do Not Intervene,579.48,UK,Birmingham,2.6
0,0.15399103293999417,Do Not Intervene,1491.95,Australia,Perth,6.3
1,0.881056597851989,Trigger Retention Campaign (15% Discount),2654.1,USA,Los Angeles,2.6
0,0.2996948133980778,Trigger Retention Campaign (15% Discount),795.6,Canada,Vancouver,7.2
0,0.16303054487423801,Do Not Intervene,2173.42,USA,Houston,1.4
1,0.09373755214423726,Do Not Intervene,1850.48,Germany,Berlin,0.8
1,0.6001544458555379,Trigger Retention Campaign (15% Discount),442.8,UK,Glasgow,2.3
0,0.19510575101358524,Do Not Intervene,926.29,Canada,Vancouver,6.9
1,0.7942831498848238,Trigger Retention Campaign (15% Discount),2218.83,France,Nice,0.5
0,0.29784343076588227,Trigger Retention Campaign (15% Discount),1126.04,Canada,Montreal,2.6
0,0.17333275163810552,Do Not Intervene,2104.94,Canada,Ottawa,6.1
0,0.13019989462887716,Do Not Intervene,1212.23,USA,Chicago,4.4
0,0.10192403768905177,Do Not Intervene,1220.1,Australia,Sydney,2.7
0,0.15950356133937135,Do Not Intervene,1196.25,USA,New York,1.3
0,0.14787164481271461,Do Not Intervene,1623.13,UK,London,3.4
0,0.10926709630349139,Do Not Intervene,1429.26,USA,Los Angeles,6.8
0,0.21519894580035104,Do Not Intervene,1369.39,Canada,Calgary,6.0
0,0.13822594270240438,Do Not Intervene,2755.2,France,Marseille,3.2
0,0.38496146678881643,Trigger Retention Campaign (15% Discount),747.9,India,Delhi,2.7
0,0.16016308860316314,Do Not Intervene,729.71,UK,Glasgow,1.2
0,0.11698315473155052,Do Not Intervene,1783.05,USA,Los Angeles,0.4
1,0.4743141812758717,Trigger Retention Campaign (15% Discount),803.51,Germany,Cologne,0.6
1,0.9115596679294029,Trigger Retention Campaign (15% Discount),2760.05,UK,Birmingham,0.7
0,0.4321869662558175,Trigger Retention Campaign (15% Discount),310.32,Germany,Cologne,3.6
0,0.08876291690220924,Do Not Intervene,1479.12,France,Marseille,1.4
0,0.13518960062891988,Do Not Intervene,874.85,USA,New York,1.4
0,0.0953665719106005,Do Not Intervene,810.51,USA,Phoenix,3.5
0,0.33128186703400153,Trigger Retention Campaign (15% Discount),364.49,Canada,Vancouver,9.6
0,0.15322910676504142,Do Not Intervene,1088.59,Australia,Adelaide,1.8
0,0.09846209107688444,Do Not Intervene,1853.65,Canada,Montreal,1.8
0,0.09899246247993126,Do Not Intervene,685.79,UK,Glasgow,5.9
1,0.755132941159205,Trigger Retention Campaign (15% Discount),717.26,USA,Phoenix,2.2
0,0.12595385947920767,Do Not Intervene,1052.87,USA,Los Angeles,2.2
1,0.8445472945885508,Trigger Retention Campaign (15% Discount),4586.05,USA,Los Angeles,0.4
0,0.15749777242732216,Do Not Intervene,3334.55,France,Nice,3.7
1,0.7492026446701007,Trigger Retention Campaign (15% Discount),2211.1,France,Lyon,4.2
0,0.6797598734848652,Trigger Retention Campaign (15% Discount),283.44,Canada,Toronto,0.7
0,0.14219411280537306,Do Not Intervene,1975.64,Germany,Hamburg,2.9
0,0.477430085426652,Trigger Retention Campaign (15% Discount),1597.74,UK,London,5.5
1,0.6140636419670076,Trigger Retention Campaign (15% Discount),754.05,Canada,Toronto,2.8
0,0.10414825714599205,Do Not Intervene,1400.92,USA,Phoenix,1.5
0,0.12334550666406542,Do Not Intervene,1321.13,USA,Chicago,2.4
0,0.1443994611443229,Do Not Intervene,1120.44,USA,Los Angeles,2.4
0,0.09465066946307196,Do Not Intervene,1913.13,France,Nice,3.9
0,0.11702466503415154,Do Not Intervene,4205.12,Japan,Tokyo,5.9
0,0.100257297923828,Do Not Intervene,1560.57,UK,Birmingham,1.4
1,0.11403045596474631,Do Not Intervene,1090.74,France,Paris,5.3
1,0.7650286678998885,Trigger Retention Campaign (15% Discount),2059.88,Germany,Cologne,0.8
0,0.11323413967923976,Do Not Intervene,1700.15,Canada,Toronto,4.7
0,0.16969587556175347,Do Not Intervene,2276.35,UK,London,3.2
0,0.11537692257144537,Do Not Intervene,1002.49,Germany,Cologne,1.0
0,0.14834165679701172,Do Not Intervene,3529.93,USA,Phoenix,1.7
1,0.9121423508800857,Trigger Retention Campaign (15% Discount),2648.6,India,Hyderabad,2.4
0,0.1557010907969842,Do Not Intervene,1625.86,France,Lyon,9.1
0,0.32390275669177215,Trigger Retention Campaign (15% Discount),1326.64,Germany,Cologne,0.7
0,0.1701018342030997,Do Not Intervene,1185.06,Germany,Cologne,2.8
0,0.41126499525977195,Trigger Retention Campaign (15% Discount),293.51,USA,Phoenix,1.0
0,0.16150497440767514,Do Not Intervene,3134.26,USA,Phoenix,2.5
0,0.11799121301107629,Do Not Intervene,1329.59,Germany,Munich,1.8
1,0.8282006002439374,Trigger Retention Campaign (15% Discount),463.87,UK,Leeds,0.2
0,0.15392981595764538,Do Not Intervene,635.96,Australia,Melbourne,2.7
0,0.09827149368822344,Do Not Intervene,438.89,UK,Manchester,3.6
0,0.11341104692811235,Do Not Intervene,1262.87,UK,Manchester,5.4
0,0.13087149320133384,Do Not Intervene,1935.15,Germany,Cologne,0.5
0,0.21459049203843875,Do Not Intervene,551.69,India,Hyderabad,1.8
0,0.12527084783144182,Do Not Intervene,930.67,Australia,Perth,2.6
0,0.11684623038835457,Do Not Intervene,3815.49,Japan,Kyoto,1.9
1,0.5311143414212289,Trigger Retention Campaign (15% Discount),1505.79,USA,Phoenix,4.9
1,0.41750472680083456,Trigger Retention Campaign (15% Discount),367.0,Canada,Ottawa,3.4
1,0.8918336930861582,Trigger Retention Campaign (15% Discount),2320.52,India,Mumbai,5.4
1,0.14526108089392753,Do Not Intervene,3618.48,USA,Chicago,1.7
1,0.5950318562836826,Trigger Retention Campaign (15% Discount),251.27,USA,Houston,0.6
0,0.2901063161936594,Trigger Retention Campaign (15% Discount),841.4,Germany,Berlin,1.2
1,0.8714953590264074,Trigger Retention Campaign (15% Discount),1883.13,USA,Chicago,2.0
0,0.6750248902787171,Trigger Retention Campaign (15% Discount),461.68,Canada,Ottawa,2.7
0,0.10053483898284256,Do Not Intervene,1551.92,USA,Houston,3.6
1,0.5794565294743398,Trigger Retention Campaign (15% Discount),1338.17,UK,Glasgow,0.2046047076681726
0,0.1184323500200195,Do Not Intervene,1510.47,USA,Los Angeles,5.7
0,0.11440227491410786,Do Not Intervene,673.52,UK,London,3.7
0,0.13019774484704047,Do Not Intervene,465.78,USA,Houston,3.2
0,0.11494246864862195,Do Not Intervene,2325.51,USA,Chicago,3.0
0,0.2090948124853518,Do Not Intervene,1263.92,Canada,Montreal,4.4
0,0.4410127389513063,Trigger Retention Campaign (15% Discount),673.52,USA,Chicago,1.3
0,0.07814293197379238,Do Not Intervene,1586.98,India,Chennai,5.2
0,0.15519482702061857,Do Not Intervene,1595.32,Germany,Frankfurt,3.0
0,0.204533405337594,Do Not Intervene,2313.91,USA,Los Angeles,1.5
0,0.28693309152146584,Trigger Retention Campaign (15% Discount),1875.24,USA,Phoenix,0.1
0,0.15653553115408808,Do Not Intervene,1902.11,Japan,Osaka,2.8
0,0.33354269802858744,Trigger Retention Campaign (15% Discount),1599.11,France,Nice,4.6
1,0.6394801687051003,Trigger Retention Campaign (15% Discount),2626.21,Germany,Munich,2.8
0,0.2433545164984846,Do Not Intervene,2628.17,UK,Birmingham,3.0
0,0.47187348330648077,Trigger Retention Campaign (15% Discount),1645.74,Germany,Cologne,1.6
1,0.20272958706832145,Do Not Intervene,595.3,Canada,Montreal,5.0
1,0.37921847777605033,Trigger Retention Campaign (15% Discount),789.86,Canada,Toronto,3.6
1,0.9011412616471591,Trigger Retention Campaign (15% Discount),961.79,Canada,Calgary,1.6
0,0.09866712962539019,Do Not Intervene,1221.53,USA,Chicago,5.7
0,0.12460763745159038,Do Not Intervene,1494.3,Australia,Sydney,0.7
0,0.1430762595957957,Do Not Intervene,551.82,UK,London,1.0
0,0.531905383414573,Trigger Retention Campaign (15% Discount),389.81,USA,Phoenix,2.4
0,0.17398587585786124,Do Not Intervene,3235.3,USA,Phoenix,5.3
1,0.9208825141842054,Trigger Retention Campaign (15% Discount),3058.19,USA,Houston,2.0
0,0.4173933625390132,Trigger Retention Campaign (15% Discount),339.84,USA,Phoenix,0.9
0,0.10681702361462728,Do Not Intervene,977.48,USA,Los Angeles,4.5
0,0.22379179209758038,Do Not Intervene,1039.54,Germany,Frankfurt,1.5
1,0.6033611710148032,Trigger Retention Campaign (15% Discount),1183.59,Germany,Frankfurt,4.0
0,0.24452077616205029,Do Not Intervene,633.19,UK,Leeds,1.2
1,0.8445294344638302,Trigger Retention Campaign (15% Discount),229.22,Australia,Melbourne,1.0
0,0.08408815145199786,Do Not Intervene,1516.45,USA,Phoenix,1.9
1,0.8582848357258703,Trigger Retention Campaign (15% Discount),2143.28,Canada,Montreal,6.3
0,0.16912841418669977,Do Not Intervene,658.73,USA,Chicago,0.5
0,0.15052152767323956,Do Not Intervene,2950.44,Germany,Hamburg,2.8
1,0.9367061632971898,Trigger Retention Campaign (15% Discount),2742.59,USA,Houston,0.5
1,0.46048732718346885,Trigger Retention Campaign (15% Discount),731.13,Canada,Calgary,1.4
0,0.16556556729847013,Do Not Intervene,3225.55,Germany,Frankfurt,1.3
0,0.1280808836771119,Do Not Intervene,1360.81,India,Hyderabad,2.8
0,0.10356600633363465,Do Not Intervene,3711.94,USA,Phoenix,2.1
0,0.20073658926094884,Do Not Intervene,1996.41,USA,Los Angeles,6.9
0,0.4972076850589158,Trigger Retention Campaign (15% Discount),1674.32,USA,Chicago,4.3
0,0.09130038744411047,Do Not Intervene,1030.02,Germany,Frankfurt,4.5
1,0.45935955747219664,Trigger Retention Campaign (15% Discount),1196.93,Canada,Toronto,0.7
1,0.9131913797523356,Trigger Retention Campaign (15% Discount),2135.14,USA,Los Angeles,10.0
1,0.6541620459961922,Trigger Retention Campaign (15% Discount),778.62,Australia,Brisbane,1.8
0,0.11368973746164489,Do Not Intervene,1701.23,France,Paris,2.6
1,0.6991655376522327,Trigger Retention Campaign (15% Discount),1930.85,France,Lyon,1.5
0,0.18036397694324818,Do Not Intervene,1896.72,UK,Glasgow,2.9
1,0.8655789745451254,Trigger Retention Campaign (15% Discount),3075.55,USA,Phoenix,0.9
0,0.15907393165341696,Do Not Intervene,1141.7,Japan,Nagoya,0.9
1,0.08791417622949861,Do Not Intervene,941.6,USA,Chicago,3.3
0,0.25957837510098825,Do Not Intervene,538.57,Canada,Toronto,3.8
0,0.17929839718471854,Do Not Intervene,2130.91,UK,Glasgow,2.0
1,0.6571033261555361,Trigger Retention Campaign (15% Discount),824.43,USA,Los Angeles,0.7
0,0.1128085804249231,Do Not Intervene,2540.91,USA,Chicago,4.4
0,0.1609281372175084,Do Not Intervene,1668.65,USA,Houston,2.0
1,0.1398858055624794,Do Not Intervene,1153.64,USA,Houston,4.8
0,0.09061020834779415,Do Not Intervene,421.16,USA,Houston,2.8
1,0.4699295764151657,Trigger Retention Campaign (15% Discount),1933.77,USA,New York,2.3
0,0.16845300639697014,Do Not Intervene,3191.17,USA,Phoenix,8.8
0,0.13180649226227611,Do Not Intervene,2813.6,India,Delhi,6.2
0,0.13004012096683776,Do Not Intervene,1260.03,France,Nice,5.2
1,0.9159818197178937,Trigger Retention Campaign (15% Discount),3558.37,USA,Los Angeles,1.7
0,0.23595414386866878,Do Not Intervene,1759.15,Japan,Nagoya,0.8
0,0.7909938171631004,Trigger Retention Campaign (15% Discount),959.56,India,Hyderabad,1.5
0,0.10101327732190145,Do Not Intervene,795.27,France,Lyon,1.7
0,0.15957515498504177,Do Not Intervene,391.32,USA,New York,1.7
0,0.1550759858146617,Do Not Intervene,5796.95,Japan,Tokyo,2.6
1,0.8747241863184185,Trigger Retention Campaign (15% Discount),1947.68,USA,Chicago,6.3
0,0.12746948063616656,Do Not Intervene,1448.93,USA,Los Angeles,0.3
0,0.17304148165341593,Do Not Intervene,3815.16,Australia,Melbourne,1.5
1,0.8566847524929877,Trigger Retention Campaign (15% Discount),586.93,India,Delhi,3.7
1,0.6064418388314307,Trigger Retention Campaign (15% Discount),427.39,Canada,Calgary,4.1
0,0.14576463572776133,Do Not Intervene,2653.43,UK,Manchester,3.0
1,0.5783335392624117,Trigger Retention Campaign (15% Discount),768.71,UK,Glasgow,4.8
0,0.12031188223300444,Do Not Intervene,881.07,USA,New York,1.1
0,0.16599620010967908,Do Not Intervene,1396.42,Germany,Berlin,1.0
1,0.8483747262812158,Trigger Retention Campaign (15% Discount),2138.48,Germany,Frankfurt,2.9
0,0.21771178756115314,Do Not Intervene,788.01,India,Mumbai,1.1
0,0.09862287039394127,Do Not Intervene,1368.32,USA,Los Angeles,6.1
0,0.16210924224500103,Do Not Intervene,1498.34,Canada,Toronto,0.4
1,0.8137500707532357,Trigger Retention Campaign (15% Discount),2084.0,Canada,Ottawa,4.0
0,0.15136990470395764,Do Not Intervene,1116.1,Canada,Montreal,0.2
0,0.2216764573053085,Do Not Intervene,2253.57,Australia,Adelaide,1.3
0,0.12242148603643292,Do Not Intervene,2544.1,France,Paris,1.0
1,0.5298012300554279,Trigger Retention Campaign (15% Discount),1173.54,USA,New York,0.9
1,0.8606544164398885,Trigger Retention Campaign (15% Discount),1889.64,France,Toulouse,1.4
0,0.18162410521349812,Do Not Intervene,1099.6,France,Paris,3.3
0,0.1102605350384569,Do Not Intervene,612.21,UK,London,1.1
0,0.16177213726022147,Do Not Intervene,778.62,USA,Houston,2.3
0,0.1500923827625325,Do Not Intervene,466.09,Australia,Sydney,5.1
0,0.144764369738339,Do Not Intervene,3097.93,UK,London,1.6
0,0.25532967708883264,Do Not Intervene,481.55,India,Hyderabad,5.5
0,0.13772777680898393,Do Not Intervene,1295.88,USA,Chicago,2.3
0,0.5669066263479171,Trigger Retention Campaign (15% Discount),338.56,UK,Manchester,7.5
1,0.5676899943701202,Trigger Retention Campaign (15% Discount),385.49,USA,New York,7.3
0,0.11268867064561944,Do Not Intervene,1123.48,USA,Phoenix,1.1
1,0.8239171171533184,Trigger Retention Campaign (15% Discount),1943.57,France,Toulouse,2.6
0,0.1096714532178413,Do Not Intervene,948.89,France,Toulouse,3.5
0,0.13969220752961672,Do Not Intervene,3204.51,India,Hyderabad,4.9
0,0.11701810422039173,Do Not Intervene,1090.01,UK,Manchester,2.0
0,0.7813523981116043,Trigger Retention Campaign (15% Discount),665.95,UK,Birmingham,3.8
0,0.12895511084581293,Do Not Intervene,2158.09,UK,Manchester,3.7
0,0.6791796371466806,Trigger Retention Campaign (15% Discount),340.42,USA,New York,2.6
0,0.09337481456762316,Do Not Intervene,1532.58,UK,Birmingham,1.8
0,0.1259971024242476,Do Not Intervene,1228.9,USA,Los Angeles,6.5
0,0.23267885809403957,Do Not Intervene,639.65,Germany,Cologne,1.0
0,0.14387353378273707,Do Not Intervene,1292.0,Canada,Calgary,0.7
0,0.10851214082053812,Do Not Intervene,1353.7,Australia,Perth,0.6
0,0.14628994218843597,Do Not Intervene,907.64,Japan,Nagoya,0.7
0,0.4610488233954753,Trigger Retention Campaign (15% Discount),264.59,India,Mumbai,3.9
0,0.12990306833956042,Do Not Intervene,2005.67,Australia,Sydney,5.0
0,0.6470605693315207,Trigger Retention Campaign (15% Discount),564.49,USA,Phoenix,3.3
0,0.16431933572123544,Do Not Intervene,3482.57,USA,Houston,1.8
0,0.3844731170013821,Trigger Retention Campaign (15% Discount),869.15,India,Bangalore,3.3
0,0.09389398695836533,Do Not Intervene,1557.61,USA,Houston,1.5
0,0.10744777133647926,Do Not Intervene,1594.0,Canada,Montreal,3.8
0,0.24052543092695378,Do Not Intervene,2502.77,Germany,Munich,2.7
0,0.11968664585442147,Do Not Intervene,913.32,India,Bangalore,4.1
0,0.2372591593768466,Do Not Intervene,1477.47,USA,New York,2.7
1,0.8966349673267604,Trigger Retention Campaign (15% Discount),2133.3,France,Lyon,7.7
0,0.12678682475492684,Do Not Intervene,1810.99,USA,Chicago,3.5
1,0.9610368564406897,Trigger Retention Campaign (15% Discount),549.25,UK,Birmingham,2.0
0,0.3450826970449664,Trigger Retention Campaign (15% Discount),427.36,USA,New York,0.4
1,0.9351020100996148,Trigger Retention Campaign (15% Discount),458.31,UK,London,6.0
1,0.8652181393607539,Trigger Retention Campaign (15% Discount),2022.51,USA,Houston,5.1
1,0.47972411066531323,Trigger Retention Campaign (15% Discount),1326.75,Canada,Montreal,1.5
0,0.10858392064562894,Do Not Intervene,1452.67,USA,New York,2.4
1,0.0953790040090836,Do Not Intervene,1714.71,Australia,Melbourne,5.7
0,0.10209072669578755,Do Not Intervene,537.65,USA,Los Angeles,0.5
0,0.14190424649382113,Do Not Intervene,664.53,USA,Phoenix,4.3
0,0.30309941565410176,Trigger Retention Campaign (15% Discount),1812.32,Japan,Osaka,6.9
0,0.09645300207130343,Do Not Intervene,1199.69,France,Paris,2.4
1,0.8010080110793321,Trigger Retention Campaign (15% Discount),3649.72,India,Chennai,2.5
1,0.8673160904676277,Trigger Retention Campaign (15% Discount),272.22,USA,Phoenix,2.1
0,0.39637962669233623,Trigger Retention Campaign (15% Discount),753.1,Canada,Calgary,2.3
0,0.10421926610368676,Do Not Intervene,1330.16,UK,Leeds,0.8
0,0.13940303653200514,Do Not Intervene,3898.83,Germany,Frankfurt,3.7
1,0.833750699724517,Trigger Retention Campaign (15% Discount),425.85,France,Nice,1.9
1,0.8215645931874624,Trigger Retention Campaign (15% Discount),1096.48,Australia,Sydney,6.1
0,0.16820138858650358,Do Not Intervene,1192.15,UK,Leeds,2.2
0,0.19431777882249865,Do Not Intervene,1273.68,India,Delhi,3.4
0,0.18538774161585075,Do Not Intervene,2662.55,USA,New York,1.3
0,0.10716678567417674,Do Not Intervene,773.78,USA,Phoenix,2.2
0,0.6015662022515741,Trigger Retention Campaign (15% Discount),448.8,USA,Chicago,1.4
0,0.13459933059758492,Do Not Intervene,1531.69,UK,Leeds,10.0
0,0.390312666299822,Trigger Retention Campaign (15% Discount),863.53,USA,Houston,3.0
0,0.15060457111623196,Do Not Intervene,1577.56,USA,Los Angeles,0.3
1,0.3925805504512109,Trigger Retention Campaign (15% Discount),508.5,France,Toulouse,4.5
0,0.5696106041570159,Trigger Retention Campaign (15% Discount),411.01,USA,Houston,4.2
0,0.35716660191257715,Trigger Retention Campaign (15% Discount),1326.75,Canada,Montreal,1.8
0,0.1138788277648778,Do Not Intervene,945.93,USA,New York,6.4
0,0.18665692072071796,Do Not Intervene,2064.08,Canada,Montreal,2.3
1,0.9127835548489683,Trigger Retention Campaign (15% Discount),2022.01,Germany,Munich,4.7
0,0.3081927857640297,Trigger Retention Campaign (15% Discount),767.55,USA,Chicago,3.3
1,0.2996520074169725,Trigger Retention Campaign (15% Discount),587.45,Germany,Hamburg,3.1
0,0.16744893039397263,Do Not Intervene,3543.35,UK,Leeds,6.4
0,0.4742536834933552,Trigger Retention Campaign (15% Discount),1892.08,USA,Chicago,5.2
0,0.14107424420166703,Do Not Intervene,1652.59,Australia,Brisbane,7.8
1,0.7993246169501025,Trigger Retention Campaign (15% Discount),580.3,India,Bangalore,8.0
1,0.8568782146248459,Trigger Retention Campaign (15% Discount),1959.11,UK,Birmingham,2.8
0,0.44714402851432844,Trigger Retention Campaign (15% Discount),451.92,USA,New York,5.4
1,0.7277510546119226,Trigger Retention Campaign (15% Discount),347.28,Australia,Melbourne,3.6
0,0.10522657158973925,Do Not Intervene,1595.85,France,Paris,0.7
0,0.2710504771640635,Do Not Intervene,1174.64,USA,Chicago,0.9
0,0.21664831210927843,Do Not Intervene,505.82,India,Chennai,4.9
0,0.15578860606334305,Do Not Intervene,1041.11,Canada,Montreal,0.4
0,0.09010220970854471,Do Not Intervene,1174.18,Japan,Osaka,3.4
0,0.09876676136256675,Do Not Intervene,2721.71,UK,Glasgow,5.2
0,0.11379525550303932,Do Not Intervene,1088.58,USA,Houston,4.0
0,0.16562143679669833,Do Not Intervene,1993.45,USA,Houston,4.0
1,0.7910358174745258,Trigger Retention Campaign (15% Discount),2206.69,Canada,Ottawa,1.1
1,0.9409807509775195,Trigger Retention Campaign (15% Discount),287.28,Germany,Munich,3.9
0,0.1173336419409679,Do Not Intervene,2197.46,Canada,Vancouver,1.6
0,0.09661454062321896,Do Not Intervene,2726.25,Canada,Montreal,2.0
0,0.21445872114523706,Do Not Intervene,1680.16,USA,New York,2.7
0,0.09009589623168,Do Not Intervene,1702.06,India,Bangalore,1.2
0,0.13655444332164404,Do Not Intervene,3203.63,UK,Leeds,0.7
1,0.5076084823601047,Trigger Retention Campaign (15% Discount),602.07,Japan,Yokohama,2.3
0,0.1304732804360515,Do Not Intervene,3300.75,UK,Glasgow,6.1
0,0.11953990650589326,Do Not Intervene,1343.73,Australia,Adelaide,5.2
1,0.8742945127059195,Trigger Retention Campaign (15% Discount),1968.0,Japan,Kyoto,0.6
1,0.8808439077246285,Trigger Retention Campaign (15% Discount),2252.05,Germany,Munich,1.0
0,0.08945048268949433,Do Not Intervene,1111.06,Canada,Toronto,3.6
0,0.10710495869693414,Do Not Intervene,1420.83,USA,New York,2.5
0,0.30982959087535344,Trigger Retention Campaign (15% Discount),742.89,Australia,Melbourne,2.0
0,0.08578005174780037,Do Not Intervene,1745.99,USA,New York,0.6
0,0.4913156006485515,Trigger Retention Campaign (15% Discount),735.99,UK,Glasgow,1.3
1,0.8959824459366434,Trigger Retention Campaign (15% Discount),2548.92,Germany,Cologne,0.4999268884033209
1,0.23637879759914518,Do Not Intervene,1482.68,USA,Chicago,4.6
0,0.7919489103668931,Trigger Retention Campaign (15% Discount),459.65,USA,Los Angeles,3.4
0,0.22909023577873516,Do Not Intervene,785.27,USA,Houston,1.8
1,0.7085257576648817,Trigger Retention Campaign (15% Discount),754.12,USA,Chicago,1.3
0,0.14618368177489505,Do Not Intervene,1498.83,India,Chennai,1.5
0,0.13095497739378723,Do Not Intervene,996.65,USA,Chicago,1.7
0,0.10969924234209548,Do Not Intervene,998.07,Germany,Cologne,1.8
0,0.09802037703873497,Do Not Intervene,975.3,Germany,Cologne,3.7
1,0.9239276771038172,Trigger Retention Campaign (15% Discount),2375.4,USA,Chicago,1.8
1,0.6883266433567619,Trigger Retention Campaign (15% Discount),376.08,USA,Phoenix,1.1
0,0.22907039172793756,Do Not Intervene,524.43,UK,London,6.5
0,0.1890697604334363,Do Not Intervene,3055.77,France,Toulouse,2.2
0,0.10030711492596757,Do Not Intervene,1668.57,Australia,Perth,7.7
0,0.10412546781814902,Do Not Intervene,855.25,Germany,Hamburg,4.8
0,0.6223319715086948,Trigger Retention Campaign (15% Discount),149.24,USA,Houston,7.0
1,0.5675087956008383,Trigger Retention Campaign (15% Discount),759.6,Australia,Sydney,2.2
0,0.12583979307642057,Do Not Intervene,1145.21,UK,Birmingham,2.0
1,0.9251947027760764,Trigger Retention Campaign (15% Discount),2344.24,Canada,Toronto,0.8
0,0.5638925926372087,Trigger Retention Campaign (15% Discount),892.36,USA,Houston,2.0
0,0.19598118997316993,Do Not Intervene,1212.42,Canada,Vancouver,4.5
1,0.8841980935001942,Trigger Retention Campaign (15% Discount),1883.59,Germany,Frankfurt,1.0
0,0.22898601996335,Do Not Intervene,958.12,India,Delhi,2.4
1,0.9118012785962829,Trigger Retention Campaign (15% Discount),3042.98,USA,Los Angeles,5.3
0,0.22867584589595602,Do Not Intervene,1559.92,USA,Phoenix,2.7
1,0.9040494995985522,Trigger Retention Campaign (15% Discount),2334.74,USA,New York,1.5
0,0.26959469685336557,Do Not Intervene,517.53,Japan,Nagoya,2.9
0,0.1380045355164108,Do Not Intervene,1235.09,USA,Houston,0.3
0,0.1216194742446224,Do Not Intervene,1563.4,USA,New York,2.1
0,0.1435840756479342,Do Not Intervene,1517.42,Canada,Calgary,0.7
0,0.08865686078320371,Do Not Intervene,1310.56,Canada,Montreal,1.5
0,0.1428315549513268,Do Not Intervene,1098.19,USA,New York,0.4
0,0.44144446022493683,Trigger Retention Campaign (15% Discount),830.0,USA,Phoenix,1.6
1,0.6759353969429669,Trigger Retention Campaign (15% Discount),292.28,Canada,Montreal,1.2
0,0.1223416099838098,Do Not Intervene,1371.91,USA,Phoenix,4.5
1,0.7900328835062511,Trigger Retention Campaign (15% Discount),1142.31,India,Mumbai,3.8
0,0.21770945772184988,Do Not Intervene,4951.89,UK,Birmingham,2.7
0,0.22943781012419742,Do Not Intervene,430.49,Germany,Munich,2.1
1,0.8087464866105334,Trigger Retention Campaign (15% Discount),3545.58,India,Hyderabad,5.2
0,0.478336187819264,Trigger Retention Campaign (15% Discount),395.87,USA,Houston,0.3
0,0.1143519887963938,Do Not Intervene,1276.55,USA,Chicago,1.5
0,0.5731800903345087,Trigger Retention Campaign (15% Discount),342.14,Australia,Melbourne,9.5
0,0.10812448204157704,Do Not Intervene,1859.46,UK,Manchester,6.5
0,0.17030492049214568,Do Not Intervene,1544.87,USA,Houston,1.2
1,0.8656775664499596,Trigger Retention Campaign (15% Discount),2776.47,India,Chennai,1.1
0,0.09030896702438242,Do Not Intervene,1119.39,USA,Los Angeles,6.9
1,0.6818381834275375,Trigger Retention Campaign (15% Discount),2460.12,USA,Phoenix,2.9
0,0.17497378626585372,Do Not Intervene,1186.41,USA,Chicago,9.0
0,0.30820008868235643,Trigger Retention Campaign (15% Discount),1121.59,UK,Birmingham,5.2
0,0.32376833916201236,Trigger Retention Campaign (15% Discount),798.46,USA,Chicago,2.2
0,0.12115788665996302,Do Not Intervene,1593.03,USA,Phoenix,0.1
0,0.11912318359901511,Do Not Intervene,1342.98,Canada,Calgary,7.6
0,0.15229456762478968,Do Not Intervene,1545.74,UK,Glasgow,4.4
1,0.09392790014031205,Do Not Intervene,982.07,USA,Phoenix,1.7
0,0.15607152179117714,Do Not Intervene,4198.7,UK,Manchester,3.2
0,0.08238130907320915,Do Not Intervene,565.06,Australia,Perth,3.8
0,0.14241358957692424,Do Not Intervene,2261.63,USA,Phoenix,2.5
1,0.8632467626210927,Trigger Retention Campaign (15% Discount),1148.7,USA,Phoenix,1.1
0,0.33930175709685595,Trigger Retention Campaign (15% Discount),2601.32,UK,Leeds,1.7
0,0.3586295564559465,Trigger Retention Campaign (15% Discount),204.62,France,Marseille,3.3
0,0.15757132042386834,Do Not Intervene,1701.7,USA,Houston,2.9
0,0.1876443417109485,Do Not Intervene,1143.16,Australia,Melbourne,1.7
1,0.9556820971051018,Trigger Retention Campaign (15% Discount),3502.63,Japan,Yokohama,1.2
0,0.10536428405250947,Do Not Intervene,2209.2,USA,Los Angeles,0.7
0,0.1715419569028451,Do Not Intervene,3216.18,UK,Manchester,2.4
0,0.14690159520207804,Do Not Intervene,3470.36,USA,Phoenix,4.7
0,0.26552245280736747,Do Not Intervene,163.88,UK,Glasgow,3.4
0,0.21603949210983103,Do Not Intervene,1521.64,Australia,Perth,0.8
0,0.15303762026392748,Do Not Intervene,807.91,USA,Los Angeles,1.9
0,0.21561850198306812,Do Not Intervene,1251.79,UK,Glasgow,5.3
1,0.9357562284819531,Trigger Retention Campaign (15% Discount),3297.33,Canada,Toronto,0.4
1,0.32279492847089697,Trigger Retention Campaign (15% Discount),319.43,India,Hyderabad,3.0
0,0.16389069841630918,Do Not Intervene,2636.68,USA,Los Angeles,4.3
0,0.13642396398363832,Do Not Intervene,1474.88,India,Bangalore,1.7
1,0.6963941222980148,Trigger Retention Campaign (15% Discount),1041.5,Australia,Perth,6.3
0,0.4059895395752292,Trigger Retention Campaign (15% Discount),743.43,Australia,Sydney,5.6
0,0.12847384506921944,Do Not Intervene,1147.62,Germany,Hamburg,3.0
0,0.20436232368701604,Do Not Intervene,1959.22,UK,Leeds,2.9
1,0.777848304548574,Trigger Retention Campaign (15% Discount),405.87,UK,Glasgow,1.3
1,0.34690165318438576,Trigger Retention Campaign (15% Discount),582.87,India,Hyderabad,0.9
0,0.15435109001895353,Do Not Intervene,2568.3,USA,Los Angeles,4.6
0,0.250421005296077,Do Not Intervene,2727.02,India,Delhi,10.0
0,0.2124322614311024,Do Not Intervene,1825.32,USA,Chicago,1.9
0,0.1074791729886787,Do Not Intervene,1765.67,India,Bangalore,7.8
0,0.16194633228545807,Do Not Intervene,1251.36,France,Lyon,2.1
1,0.67404860902344,Trigger Retention Campaign (15% Discount),1216.47,Japan,Yokohama,4.1
0,0.15287381942700462,Do Not Intervene,1109.68,USA,Houston,3.0
0,0.09223929939692005,Do Not Intervene,2738.97,Australia,Adelaide,5.2
0,0.14224617623443347,Do Not Intervene,1217.21,USA,Phoenix,5.0
0,0.539230522331599,Trigger Retention Campaign (15% Discount),510.88,Canada,Vancouver,2.0
0,0.13108432817311455,Do Not Intervene,2030.76,USA,Phoenix,3.2
0,0.1229105712161874,Do Not Intervene,1129.4,USA,Chicago,6.3
0,0.1493235143099069,Do Not Intervene,2065.62,Germany,Hamburg,3.0
0,0.19326972301945858,Do Not Intervene,1355.02,UK,London,2.2
0,0.5191022660200306,Trigger Retention Campaign (15% Discount),1273.52,France,Toulouse,5.3
0,0.1002400883891574,Do Not Intervene,1059.18,USA,New York,3.4
1,0.6846934986242681,Trigger Retention Campaign (15% Discount),500.77,USA,Houston,1.9
1,0.6431523521493958,Trigger Retention Campaign (15% Discount),2488.19,USA,New York,0.5
0,0.11839882286345844,Do Not Intervene,336.43,Canada,Ottawa,3.0
0,0.1316830653650446,Do Not Intervene,1992.2,USA,Los Angeles,3.4
0,0.1383657952266122,Do Not Intervene,1519.34,UK,Glasgow,2.9
0,0.11056646866676767,Do Not Intervene,1672.02,Germany,Berlin,2.1
1,0.5205804575984808,Trigger Retention Campaign (15% Discount),562.34,USA,Houston,2.6
0,0.13388291778227845,Do Not Intervene,2270.75,Australia,Sydney,3.9
0,0.10603484276924091,Do Not Intervene,977.13,USA,Los Angeles,2.5
0,0.11775173411537469,Do Not Intervene,2335.26,USA,Phoenix,2.7
0,0.1123436006710032,Do Not Intervene,930.47,UK,London,0.8
0,0.12012118418545714,Do Not Intervene,1635.65,USA,New York,0.9
0,0.10357772475635159,Do Not Intervene,1444.58,Canada,Calgary,4.0
0,0.0948514792472826,Do Not Intervene,1633.99,India,Bangalore,2.2
0,0.26857813951330917,Do Not Intervene,5251.51,USA,Houston,4.2
0,0.12285942547802542,Do Not Intervene,1010.02,USA,Houston,2.2
0,0.08833851313590584,Do Not Intervene,771.8,Australia,Sydney,5.7
0,0.13210680485340398,Do Not Intervene,3006.66,USA,Phoenix,3.7
1,0.6637923697168453,Trigger Retention Campaign (15% Discount),946.62,UK,Manchester,3.3
1,0.9264617730695083,Trigger Retention Campaign (15% Discount),2371.53,India,Bangalore,4.7
0,0.14178109719990975,Do Not Intervene,1357.15,Germany,Hamburg,8.0
0,0.16715818504105562,Do Not Intervene,1471.77,Australia,Sydney,6.5
1,0.08949509321092082,Do Not Intervene,1567.49,USA,New York,2.0
0,0.4049240565028978,Trigger Retention Campaign (15% Discount),151.94,UK,Manchester,1.2
0,0.2203388843117062,Do Not Intervene,1264.94,India,Bangalore,1.0
1,0.6326107375015771,Trigger Retention Campaign (15% Discount),1125.04,USA,New York,1.7
0,0.10069994945037708,Do Not Intervene,1246.37,USA,Los Angeles,0.7
1,0.9580511893978211,Trigger Retention Campaign (15% Discount),930.24,Australia,Perth,2.9
1,0.9392707071589517,Trigger Retention Campaign (15% Discount),250.44,France,Lyon,3.6
0,0.1941240028503345,Do Not Intervene,1187.37,USA,Houston,0.9
0,0.27285922693567566,Do Not Intervene,484.18,India,Delhi,2.3
1,0.6915988467482579,Trigger Retention Campaign (15% Discount),1035.45,USA,Phoenix,8.6
0,0.17013460431246222,Do Not Intervene,1108.44,Germany,Frankfurt,2.2
1,0.8265779927877348,Trigger Retention Campaign (15% Discount),2234.9,USA,Phoenix,4.8
0,0.257957777509117,Do Not Intervene,954.89,USA,Phoenix,3.4
1,0.4727395076889623,Trigger Retention Campaign (15% Discount),1804.66,USA,Houston,1.5
0,0.2609542415655806,Do Not Intervene,934.15,UK,Manchester,6.2
0,0.10746019258882092,Do Not Intervene,669.21,Australia,Melbourne,5.8
1,0.1473007244386027,Do Not Intervene,1270.83,USA,New York,3.3
0,0.14071967263673912,Do Not Intervene,1243.46,UK,Glasgow,1.2
0,0.09827243569055769,Do Not Intervene,1210.1,France,Paris,1.8
1,0.785253509464449,Trigger Retention Campaign (15% Discount),1984.37,UK,Birmingham,5.2
0,0.17926267273649504,Do Not Intervene,993.36,Germany,Hamburg,3.2
0,0.08171871514367084,Do Not Intervene,1411.95,UK,Manchester,3.9
0,0.16303031148899833,Do Not Intervene,1095.05,France,Lyon,3.3
0,0.11277364187450915,Do Not Intervene,4105.78,USA,Los Angeles,5.9
0,0.5611214883688106,Trigger Retention Campaign (15% Discount),261.11,USA,Phoenix,2.7
0,0.10700602082197533,Do Not Intervene,1723.62,USA,Phoenix,2.0
0,0.24936203341820168,Do Not Intervene,6068.99,France,Nice,1.2
0,0.1312024120958279,Do Not Intervene,2160.48,Japan,Nagoya,2.0
0,0.13299098299656656,Do Not Intervene,2311.35,UK,London,2.1
0,0.31827584398736575,Trigger Retention Campaign (15% Discount),1926.91,USA,Chicago,5.6
0,0.1578881440264928,Do Not Intervene,992.39,USA,Houston,0.8
0,0.1473978517871505,Do Not Intervene,1009.29,UK,Glasgow,4.7
0,0.12681978907810904,Do Not Intervene,2073.83,Australia,Perth,1.9
0,0.19228725756723455,Do Not Intervene,1748.88,UK,Manchester,1.0
1,0.4279133166560582,Trigger Retention Campaign (15% Discount),589.08,Germany,Hamburg,0.9
0,0.09792397966515373,Do Not Intervene,1572.68,UK,Manchester,1.2
0,0.0886951290706408,Do Not Intervene,704.05,USA,Los Angeles,3.5
1,0.8122588061897195,Trigger Retention Campaign (15% Discount),1475.77,UK,Leeds,3.9
0,0.2346065944084876,Do Not Intervene,1633.41,Germany,Hamburg,0.5
1,0.8737111394052611,Trigger Retention Campaign (15% Discount),285.66,UK,London,1.7
0,0.6797306321002928,Trigger Retention Campaign (15% Discount),669.71,UK,Birmingham,2.6
0,0.4568937375301136,Trigger Retention Campaign (15% Discount),409.38,France,Paris,3.6
1,0.28064967133741936,Trigger Retention Campaign (15% Discount),1428.87,USA,Phoenix,3.5
0,0.21197764354638265,Do Not Intervene,683.5,USA,Los Angeles,0.8
0,0.10160236711071408,Do Not Intervene,1791.61,Australia,Adelaide,3.6
0,0.07600427100558582,Do Not Intervene,814.14,Germany,Frankfurt,0.9
1,0.5976643608606451,Trigger Retention Campaign (15% Discount),514.32,UK,Leeds,2.9
1,0.6475579121639492,Trigger Retention Campaign (15% Discount),812.08,Australia,Perth,0.9
0,0.12298042878283337,Do Not Intervene,939.63,USA,Phoenix,2.2
0,0.2904553940386485,Trigger Retention Campaign (15% Discount),1976.83,USA,Houston,1.6
1,0.7746006686432351,Trigger Retention Campaign (15% Discount),689.56,France,Nice,10.0
1,0.8729006083010176,Trigger Retention Campaign (15% Discount),2267.76,USA,Houston,2.0
1,0.3205909108025667,Trigger Retention Campaign (15% Discount),782.35,USA,Phoenix,3.1
1,0.5537426445418333,Trigger Retention Campaign (15% Discount),485.88,USA,Chicago,0.9
0,0.20818562339935937,Do Not Intervene,2213.87,Germany,Hamburg,2.3
0,0.1998440262132355,Do Not Intervene,1823.3,France,Paris,2.5
0,0.42499814263138475,Trigger Retention Campaign (15% Discount),894.49,UK,Birmingham,4.7
0,0.28903556389154866,Trigger Retention Campaign (15% Discount),1270.81,USA,New York,8.8
0,0.2903752258696976,Trigger Retention Campaign (15% Discount),999.05,Japan,Yokohama,6.1
0,0.5850818132553384,Trigger Retention Campaign (15% Discount),594.45,UK,Leeds,7.5
0,0.22331991876914606,Do Not Intervene,493.27,USA,Houston,2.0
0,0.10967940939983578,Do Not Intervene,1505.72,USA,Los Angeles,4.3
0,0.15520510989385775,Do Not Intervene,980.57,Australia,Brisbane,2.5
0,0.30762288927902925,Trigger Retention Campaign (15% Discount),627.69,France,Lyon,1.2
1,0.20333107466333059,Do Not Intervene,1818.3,USA,Houston,2.4
0,0.1698201494649776,Do Not Intervene,2926.29,Canada,Vancouver,1.0
0,0.1781826167269007,Do Not Intervene,2857.4,USA,Houston,3.6
1,0.8001393127812828,Trigger Retention Campaign (15% Discount),2352.32,Australia,Sydney,4.0
0,0.1671330328511964,Do Not Intervene,1278.41,USA,Phoenix,1.0
0,0.11413733452414203,Do Not Intervene,1221.7,Canada,Ottawa,0.9
1,0.6803322013910466,Trigger Retention Campaign (15% Discount),1418.47,USA,Houston,0.4
0,0.22509301195998563,Do Not Intervene,2144.89,Canada,Calgary,0.3
0,0.11591762037994771,Do Not Intervene,1233.71,Canada,Toronto,3.2
1,0.5620490586189019,Trigger Retention Campaign (15% Discount),681.06,USA,Phoenix,3.4
0,0.11008620080225516,Do Not Intervene,869.09,France,Paris,3.4
0,0.15913376605967594,Do Not Intervene,3549.18,Australia,Perth,4.2
1,0.8930223254075642,Trigger Retention Campaign (15% Discount),4310.22,India,Mumbai,2.9
1,0.8949687447270567,Trigger Retention Campaign (15% Discount),500.28,Germany,Munich,2.4
0,0.13356307208817572,Do Not Intervene,806.43,UK,Glasgow,6.4
0,0.11669644401223873,Do Not Intervene,3027.85,Canada,Vancouver,1.5
0,0.15447891926946117,Do Not Intervene,1081.63,Australia,Sydney,4.6
0,0.1137783085649969,Do Not Intervene,921.87,Australia,Sydney,1.6
1,0.7417888878581107,Trigger Retention Campaign (15% Discount),712.55,Germany,Munich,1.5
0,0.13060492318888103,Do Not Intervene,562.51,Canada,Calgary,3.1
0,0.17640842652020147,Do Not Intervene,1965.14,Germany,Hamburg,3.9
0,0.08414461890217004,Do Not Intervene,978.92,Canada,Vancouver,2.2
1,0.24103801615755083,Do Not Intervene,1023.36,France,Paris,3.9
1,0.876787690949749,Trigger Retention Campaign (15% Discount),2706.1,USA,Phoenix,10.0
0,0.45956544260015875,Trigger Retention Campaign (15% Discount),376.0,Canada,Montreal,5.4
1,0.862018731226277,Trigger Retention Campaign (15% Discount),2713.85,Canada,Vancouver,5.0
1,0.8078080898153547,Trigger Retention Campaign (15% Discount),2190.5,USA,Chicago,2.7
0,0.09923549690050879,Do Not Intervene,543.03,UK,Birmingham,2.1
0,0.12736240450633543,Do Not Intervene,1959.76,USA,Los Angeles,0.8
0,0.08756244546831489,Do Not Intervene,1747.55,Canada,Ottawa,3.0
1,0.930458832427615,Trigger Retention Campaign (15% Discount),3392.84,Canada,Calgary,7.2
1,0.9802308457166081,Trigger Retention Campaign (15% Discount),4610.59,Canada,Montreal,0.8
0,0.3694508291890342,Trigger Retention Campaign (15% Discount),1194.51,UK,Birmingham,2.9
0,0.1579937771155439,Do Not Intervene,845.42,UK,Manchester,5.9
0,0.19837328027952966,Do Not Intervene,1232.55,UK,Glasgow,5.4
0,0.09467334106650116,Do Not Intervene,1033.24,USA,Houston,4.2
1,0.4580568199047213,Trigger Retention Campaign (15% Discount),806.49,USA,New York,1.0
0,0.35284618608991847,Trigger Retention Campaign (15% Discount),776.86,Germany,Hamburg,1.0
0,0.2650348892239197,Do Not Intervene,2014.65,Germany,Berlin,4.4
0,0.14952541333871902,Do Not Intervene,1002.72,USA,Phoenix,2.4
1,0.7993825421238566,Trigger Retention Campaign (15% Discount),788.28,Australia,Adelaide,2.8
1,0.6025709001914952,Trigger Retention Campaign (15% Discount),1966.38,Australia,Sydney,5.5
1,0.7139170779805242,Trigger Retention Campaign (15% Discount),1400.43,India,Hyderabad,5.9
0,0.2633875754852688,Do Not Intervene,799.64,Canada,Toronto,1.5
0,0.24816998643107793,Do Not Intervene,1153.69,USA,Los Angeles,3.1
1,0.7579429181870857,Trigger Retention Campaign (15% Discount),779.28,France,Marseille,3.5
1,0.9627739202593291,Trigger Retention Campaign (15% Discount),641.4,France,Lyon,0.5
0,0.10813533794902325,Do Not Intervene,1071.19,India,Mumbai,3.9
0,0.10382995968373612,Do Not Intervene,1135.14,USA,New York,2.1
1,0.8605194816814863,Trigger Retention Campaign (15% Discount),424.29,Germany,Munich,3.3
0,0.09656468195160979,Do Not Intervene,655.81,USA,Houston,2.9
0,0.6108535942722128,Trigger Retention Campaign (15% Discount),1204.16,Canada,Vancouver,0.5
1,0.6508941155793875,Trigger Retention Campaign (15% Discount),351.98,USA,Phoenix,1.1
1,0.711777404227353,Trigger Retention Campaign (15% Discount),1055.39,USA,Los Angeles,2.5
0,0.4665297079450979,Trigger Retention Campaign (15% Discount),960.94,Canada,Toronto,0.4
0,0.14729166083569145,Do Not Intervene,1033.93,Japan,Nagoya,3.5
0,0.238763550359227,Do Not Intervene,1276.41,USA,Houston,3.4
1,0.6753028948565497,Trigger Retention Campaign (15% Discount),408.59,Canada,Vancouver,0.9
1,0.6242992777483499,Trigger Retention Campaign (15% Discount),1042.68,USA,Houston,2.3
0,0.16678561789744503,Do Not Intervene,993.74,India,Delhi,5.3
0,0.16345818186962657,Do Not Intervene,1729.94,Australia,Brisbane,0.3
0,0.13485527902724767,Do Not Intervene,1494.79,India,Delhi,7.7
0,0.2910969516171846,Trigger Retention Campaign (15% Discount),623.89,USA,Phoenix,1.8
0,0.2618825911443651,Do Not Intervene,556.78,UK,Manchester,1.1
0,0.1792500810784345,Do Not Intervene,2449.29,India,Hyderabad,2.5
0,0.2144473992157864,Do Not Intervene,1330.84,USA,New York,2.5
0,0.1645854027423139,Do Not Intervene,1223.39,Japan,Osaka,0.8
0,0.4115392536173193,Trigger Retention Campaign (15% Discount),545.7,UK,Glasgow,1.1
0,0.5313827860085514,Trigger Retention Campaign (15% Discount),947.2,France,Lyon,1.0
0,0.3040967953573039,Trigger Retention Campaign (15% Discount),482.44,UK,London,1.5
0,0.391352816274713,Trigger Retention Campaign (15% Discount),773.57,UK,Manchester,1.1
0,0.12364863072085137,Do Not Intervene,1570.35,Canada,Vancouver,0.7
0,0.20071255146704153,Do Not Intervene,1600.25,USA,Chicago,7.4
0,0.18967128983051348,Do Not Intervene,1070.31,Canada,Toronto,1.8
1,0.9165530821306214,Trigger Retention Campaign (15% Discount),301.55,UK,Leeds,2.1
1,0.152503202526525,Do Not Intervene,1156.48,Canada,Toronto,1.3
0,0.12371872546811877,Do Not Intervene,1719.79,USA,New York,3.3
0,0.14472293570094513,Do Not Intervene,897.97,UK,Glasgow,1.9
1,0.8438637118157767,Trigger Retention Campaign (15% Discount),1795.9,USA,Chicago,5.1
0,0.16759826891848295,Do Not Intervene,829.91,Canada,Montreal,1.5
0,0.11574366582836099,Do Not Intervene,745.63,Germany,Berlin,1.0
1,0.8727278028675122,Trigger Retention Campaign (15% Discount),1779.9,USA,New York,1.2
1,0.8604325759972186,Trigger Retention Campaign (15% Discount),1894.85,USA,Chicago,1.8
0,0.3110334145014615,Trigger Retention Campaign (15% Discount),907.22,Japan,Nagoya,2.4
0,0.2110817443822331,Do Not Intervene,465.41,Germany,Munich,8.3
0,0.0918457521345582,Do Not Intervene,1776.28,Australia,Adelaide,2.8
1,0.8376193259466375,Trigger Retention Campaign (15% Discount),704.0,USA,Houston,1.9
0,0.1600739567979843,Do Not Intervene,1183.73,India,Delhi,6.4
1,0.7946167762945417,Trigger Retention Campaign (15% Discount),1984.89,USA,Houston,4.3
0,0.31544736036401927,Trigger Retention Campaign (15% Discount),1041.83,Canada,Toronto,3.8
1,0.4330349899627906,Trigger Retention Campaign (15% Discount),1128.86,Canada,Montreal,3.9
0,0.14941234587769942,Do Not Intervene,2225.91,Japan,Kyoto,1.6
1,0.8607731818325759,Trigger Retention Campaign (15% Discount),1875.41,Germany,Cologne,3.6
0,0.09257201780116082,Do Not Intervene,1552.61,USA,Los Angeles,1.5
0,0.20896711262493955,Do Not Intervene,624.86,India,Delhi,0.9
0,0.20982294472263938,Do Not Intervene,1275.73,France,Toulouse,3.4
0,0.29494611749759314,Trigger Retention Campaign (15% Discount),566.01,USA,Chicago,1.0
0,0.1417005403532714,Do Not Intervene,1807.95,USA,Chicago,2.2
0,0.1999066242663741,Do Not Intervene,723.34,USA,Chicago,1.0
0,0.6299453867958021,Trigger Retention Campaign (15% Discount),842.98,USA,Phoenix,1.4
0,0.17977672137905393,Do Not Intervene,5129.54,Canada,Montreal,3.8
1,0.6664124446249847,Trigger Retention Campaign (15% Discount),1401.02,Germany,Cologne,1.1
0,0.09250626994992524,Do Not Intervene,1238.74,UK,Glasgow,3.7
1,0.7070671147734171,Trigger Retention Campaign (15% Discount),1992.01,USA,Chicago,1.7
1,0.5974671467574816,Trigger Retention Campaign (15% Discount),391.22,USA,Phoenix,0.6
1,0.9429298231377562,Trigger Retention Campaign (15% Discount),3368.93,USA,Houston,0.9
1,0.8459861231949094,Trigger Retention Campaign (15% Discount),1951.68,USA,Chicago,3.3
0,0.14836279954953024,Do Not Intervene,625.48,Canada,Ottawa,3.1
0,0.1956290834617483,Do Not Intervene,1839.75,USA,Los Angeles,1.6
0,0.21973071392113963,Do Not Intervene,842.61,Canada,Vancouver,1.8
0,0.22478336967563028,Do Not Intervene,750.32,USA,Los Angeles,1.3
0,0.21118497810222098,Do Not Intervene,1039.33,USA,Chicago,1.9
1,0.861670939158276,Trigger Retention Campaign (15% Discount),2003.45,Canada,Ottawa,2.3
0,0.08631608929737292,Do Not Intervene,911.41,France,Toulouse,1.0
0,0.1171046202350044,Do Not Intervene,1733.13,USA,Chicago,0.9
1,0.9351392991306215,Trigger Retention Campaign (15% Discount),2229.57,UK,Birmingham,2.8
0,0.304124201888259,Trigger Retention Campaign (15% Discount),359.05,Canada,Vancouver,3.3
0,0.10665827897627633,Do Not Intervene,1376.48,Australia,Brisbane,0.9
0,0.1480253216130648,Do Not Intervene,817.78,USA,Houston,0.7
1,0.7437182401339985,Trigger Retention Campaign (15% Discount),416.24,Canada,Vancouver,0.5
1,0.8107651975697674,Trigger Retention Campaign (15% Discount),713.38,India,Hyderabad,1.4
0,0.10298290118848712,Do Not Intervene,1111.32,France,Nice,5.9
0,0.1171388793173411,Do Not Intervene,1911.62,Japan,Tokyo,1.9
0,0.1316795508687122,Do Not Intervene,3593.01,Canada,Vancouver,0.8
0,0.1107008146327459,Do Not Intervene,1413.52,Canada,Vancouver,2.2
0,0.5260574405441428,Trigger Retention Campaign (15% Discount),837.25,France,Lyon,0.5
0,0.16022571386122877,Do Not Intervene,2166.27,Japan,Yokohama,1.7
0,0.10488907399366304,Do Not Intervene,1655.63,UK,Manchester,2.2
0,0.14345085732921575,Do Not Intervene,1515.09,USA,Phoenix,0.4
0,0.17949044635087438,Do Not Intervene,2336.05,USA,Chicago,6.9
0,0.17973153797602204,Do Not Intervene,1259.41,USA,Houston,4.7
0,0.42241920384175274,Trigger Retention Campaign (15% Discount),857.7,USA,Chicago,1.5
0,0.10132210213868895,Do Not Intervene,1383.09,Germany,Cologne,1.9
0,0.17174294688968428,Do Not Intervene,2731.68,Japan,Tokyo,0.7
0,0.20473605345392862,Do Not Intervene,1479.97,Canada,Vancouver,2.1
0,0.1889759926012832,Do Not Intervene,1016.66,USA,Chicago,7.3
0,0.22329000522356846,Do Not Intervene,3413.31,USA,Houston,4.4
0,0.07892908371871563,Do Not Intervene,975.68,Australia,Melbourne,3.7
0,0.14166841154299015,Do Not Intervene,1976.93,Canada,Ottawa,2.6
0,0.12187122285363246,Do Not Intervene,2183.99,India,Delhi,1.5
1,0.8224876074059345,Trigger Retention Campaign (15% Discount),3534.69,Germany,Frankfurt,2.9
0,0.16317900317513284,Do Not Intervene,3678.54,USA,Houston,2.4
0,0.13018879293759322,Do Not Intervene,2948.96,USA,Phoenix,1.5
0,0.1148197483883457,Do Not Intervene,1834.86,USA,New York,3.4
1,0.8409351112307851,Trigger Retention Campaign (15% Discount),482.35,Germany,Frankfurt,0.5
1,0.2160793901075741,Do Not Intervene,1419.68,Canada,Vancouver,2.6
1,0.9467442244481288,Trigger Retention Campaign (15% Discount),101.13,USA,Chicago,8.1
0,0.09907682277417214,Do Not Intervene,1413.55,UK,London,8.6
1,0.9369091551832688,Trigger Retention Campaign (15% Discount),2939.78,France,Lyon,0.5
0,0.3125081442378301,Trigger Retention Campaign (15% Discount),401.51,India,Mumbai,0.6
0,0.2127449438700749,Do Not Intervene,707.57,Canada,Montreal,0.6
0,0.1322173355197059,Do Not Intervene,865.15,Canada,Calgary,1.7
0,0.1793297070813854,Do Not Intervene,1700.11,Australia,Adelaide,0.1
0,0.09087700930198285,Do Not Intervene,1114.2,France,Paris,1.3
0,0.1286694579098302,Do Not Intervene,1500.69,UK,Glasgow,0.4
0,0.08878946938116124,Do Not Intervene,890.47,USA,Phoenix,2.0
0,0.6762904467921322,Trigger Retention Campaign (15% Discount),1185.54,UK,Leeds,2.6
1,0.8940151346472021,Trigger Retention Campaign (15% Discount),2146.89,Japan,Yokohama,0.2
0,0.3301167215902637,Trigger Retention Campaign (15% Discount),1361.6,France,Nice,2.9
0,0.21807888780489587,Do Not Intervene,341.78,Japan,Osaka,6.4
0,0.20588858257701387,Do Not Intervene,2095.67,India,Chennai,2.8
0,0.1698761679124673,Do Not Intervene,1058.56,USA,Chicago,0.8
0,0.1103167577326162,Do Not Intervene,863.82,Japan,Kyoto,4.0
1,0.2241052175550591,Do Not Intervene,1639.81,USA,Phoenix,3.8
0,0.13228254658497202,Do Not Intervene,1941.82,USA,Houston,1.9
0,0.15142713051213139,Do Not Intervene,1458.35,France,Marseille,3.9
1,0.6630501795705156,Trigger Retention Campaign (15% Discount),1067.83,UK,Leeds,4.3
1,0.8600446878758805,Trigger Retention Campaign (15% Discount),2938.69,USA,Chicago,2.1
0,0.18384638214475718,Do Not Intervene,995.5,Germany,Hamburg,2.0
0,0.15274222097883292,Do Not Intervene,668.15,Japan,Kyoto,3.5
0,0.11372366046933907,Do Not Intervene,996.82,Germany,Berlin,2.1
0,0.10971405854736391,Do Not Intervene,694.72,UK,Leeds,2.8
0,0.10735920404728232,Do Not Intervene,962.42,Canada,Ottawa,6.2
0,0.1102396913822254,Do Not Intervene,2393.33,Germany,Frankfurt,1.1
1,0.6890855809348555,Trigger Retention Campaign (15% Discount),188.28,Germany,Cologne,0.4
1,0.5943441801323712,Trigger Retention Campaign (15% Discount),848.34,Japan,Tokyo,1.5
0,0.13807115077914273,Do Not Intervene,1239.42,India,Hyderabad,1.7
1,0.6645695455186842,Trigger Retention Campaign (15% Discount),1027.13,India,Delhi,7.4
0,0.12068697595294581,Do Not Intervene,1962.54,Germany,Frankfurt,1.0
0,0.13644520158966242,Do Not Intervene,3221.36,France,Nice,3.2
0,0.36844611681700934,Trigger Retention Campaign (15% Discount),703.67,UK,Glasgow,10.0
1,0.5496419908497981,Trigger Retention Campaign (15% Discount),503.83,USA,New York,6.9
1,0.4058423324375732,Trigger Retention Campaign (15% Discount),1360.56,Japan,Yokohama,4.3
1,0.948587813658051,Trigger Retention Campaign (15% Discount),2500.22,India,Mumbai,2.8
0,0.20346738096050176,Do Not Intervene,996.28,UK,Glasgow,1.7
0,0.20261202677957663,Do Not Intervene,1373.48,UK,Manchester,2.9
1,0.8826034690487355,Trigger Retention Campaign (15% Discount),3086.46,UK,Manchester,7.0
0,0.11637239895395243,Do Not Intervene,1024.05,UK,Leeds,1.8
0,0.11829571656567298,Do Not Intervene,755.72,Canada,Vancouver,4.3
1,0.645914001821913,Trigger Retention Campaign (15% Discount),4098.53,USA,Phoenix,2.8
0,0.4127675473363406,Trigger Retention Campaign (15% Discount),962.15,Australia,Adelaide,3.9
1,0.9303647040949856,Trigger Retention Campaign (15% Discount),2388.07,UK,Birmingham,3.8
0,0.1994484185738259,Do Not Intervene,649.02,Canada,Toronto,3.8
1,0.7425712811736096,Trigger Retention Campaign (15% Discount),134.99,Germany,Berlin,2.9
0,0.2835978073929066,Trigger Retention Campaign (15% Discount),1149.35,Germany,Frankfurt,1.4
0,0.4616626118533138,Trigger Retention Campaign (15% Discount),563.56,UK,Manchester,1.4
0,0.10372943087991046,Do Not Intervene,1331.21,USA,New York,2.3
0,0.12398799333524932,Do Not Intervene,1304.93,UK,Glasgow,0.1
0,0.6916896097021908,Trigger Retention Campaign (15% Discount),298.46,USA,Phoenix,0.8
0,0.46355351901917424,Trigger Retention Campaign (15% Discount),2449.93,USA,Phoenix,0.6
0,0.3696568939239257,Trigger Retention Campaign (15% Discount),834.34,UK,Manchester,3.1
1,0.7717493450839702,Trigger Retention Campaign (15% Discount),3816.92,USA,Los Angeles,1.0
0,0.18856981873343215,Do Not Intervene,565.18,France,Marseille,4.4
0,0.09276534975157416,Do Not Intervene,1538.86,USA,Phoenix,2.2
0,0.26526582004494503,Do Not Intervene,1760.81,UK,London,4.1
0,0.15067275583576176,Do Not Intervene,2784.96,USA,Houston,1.3
1,0.21021469217207525,Do Not Intervene,1971.8,Canada,Toronto,2.7
0,0.3488310453562447,Trigger Retention Campaign (15% Discount),426.01,UK,Birmingham,5.2
1,0.9153495577514812,Trigger Retention Campaign (15% Discount),3088.0,USA,Phoenix,1.7
1,0.9343302191793638,Trigger Retention Campaign (15% Discount),470.44,UK,Leeds,8.8
1,0.894754520754926,Trigger Retention Campaign (15% Discount),670.91,USA,Los Angeles,2.2
0,0.21262351897081616,Do Not Intervene,1476.26,UK,Manchester,7.7
0,0.1594422892181345,Do Not Intervene,738.95,Australia,Adelaide,0.2
0,0.3062938266879281,Trigger Retention Campaign (15% Discount),2681.27,France,Nice,7.8
0,0.11111614132874265,Do Not Intervene,851.56,Australia,Adelaide,0.4
0,0.1965375474603378,Do Not Intervene,1043.92,USA,Chicago,1.9
0,0.13543387326549086,Do Not Intervene,1044.21,India,Chennai,5.9
0,0.4564422868036289,Trigger Retention Campaign (15% Discount),680.67,USA,Los Angeles,3.4
0,0.17994590330988885,Do Not Intervene,410.69,USA,Phoenix,4.3
0,0.20336203456819602,Do Not Intervene,875.94,Australia,Adelaide,1.8
0,0.10674467868082353,Do Not Intervene,2579.89,India,Chennai,0.6
0,0.2675638002743294,Do Not Intervene,809.91,Japan,Osaka,2.3
0,0.10639912783722826,Do Not Intervene,1842.27,UK,Manchester,7.5
1,0.7822653592299165,Trigger Retention Campaign (15% Discount),1850.98,Canada,Montreal,2.1
1,0.9556991809325243,Trigger Retention Campaign (15% Discount),105.5,USA,Los Angeles,2.3
1,0.7013898545546889,Trigger Retention Campaign (15% Discount),1004.2,USA,New York,5.8
0,0.16668768127692363,Do Not Intervene,1304.62,Germany,Cologne,1.6
0,0.11240938891226758,Do Not Intervene,3271.74,UK,Manchester,0.4
1,0.807356338688673,Trigger Retention Campaign (15% Discount),454.65,India,Mumbai,0.2
0,0.16569047061036982,Do Not Intervene,3937.08,France,Nice,0.1
0,0.1322308797587762,Do Not Intervene,4162.96,USA,Houston,1.6
1,0.9383884792948254,Trigger Retention Campaign (15% Discount),724.78,Germany,Hamburg,1.2
0,0.31912625824146235,Trigger Retention Campaign (15% Discount),1448.63,Japan,Osaka,1.9
1,0.7654395426699956,Trigger Retention Campaign (15% Discount),830.27,USA,Los Angeles,0.7
1,0.79796544652847,Trigger Retention Campaign (15% Discount),1920.23,USA,Phoenix,3.1
0,0.17580879450993422,Do Not Intervene,1895.08,India,Chennai,2.7
0,0.12217737778402211,Do Not Intervene,1898.97,USA,New York,3.9
1,0.8248011407506904,Trigger Retention Campaign (15% Discount),438.67,USA,Phoenix,3.1
0,0.14224783733264157,Do Not Intervene,2345.75,USA,Los Angeles,1.8
0,0.09477535288662016,Do Not Intervene,971.3,USA,Los Angeles,0.6
0,0.18132673455184417,Do Not Intervene,1174.58,Germany,Berlin,4.8
1,0.5780596724471961,Trigger Retention Campaign (15% Discount),1053.5,Japan,Kyoto,0.7
0,0.22013502486817393,Do Not Intervene,1957.25,USA,Phoenix,5.4
1,0.4557604754543138,Trigger Retention Campaign (15% Discount),673.1,Canada,Toronto,3.0
0,0.10375421600709178,Do Not Intervene,1711.13,UK,London,0.5
0,0.4710055379660241,Trigger Retention Campaign (15% Discount),832.26,USA,Chicago,0.4
0,0.1533276295973778,Do Not Intervene,1123.82,UK,Manchester,0.1
0,0.1330797468656924,Do Not Intervene,1524.56,Canada,Ottawa,3.8
0,0.16331492678937665,Do Not Intervene,4949.7,India,Mumbai,0.4
0,0.10616019574909177,Do Not Intervene,2512.92,Australia,Brisbane,3.6
1,0.35693655112220685,Trigger Retention Campaign (15% Discount),1709.67,Japan,Nagoya,5.1
0,0.18509110079917018,Do Not Intervene,595.21,Japan,Tokyo,2.1
0,0.11845357829989606,Do Not Intervene,904.69,Canada,Ottawa,0.7
1,0.1318555011437063,Do Not Intervene,546.42,France,Marseille,3.0
0,0.11787710730595076,Do Not Intervene,1617.58,Germany,Frankfurt,2.1
1,0.49503167323277814,Trigger Retention Campaign (15% Discount),995.8,France,Paris,3.0
0,0.19206739737069264,Do Not Intervene,3689.11,USA,Phoenix,3.0
0,0.10296604336570292,Do Not Intervene,3420.86,France,Toulouse,6.8
0,0.6436002709556178,Trigger Retention Campaign (15% Discount),484.97,USA,New York,2.6
0,0.4715213791161739,Trigger Retention Campaign (15% Discount),847.78,India,Delhi,0.9
1,0.8541782188763439,Trigger Retention Campaign (15% Discount),387.15,Canada,Vancouver,5.7
0,0.09670469686616286,Do Not Intervene,1524.44,USA,Los Angeles,5.3
1,0.8929057181758491,Trigger Retention Campaign (15% Discount),225.11,Canada,Calgary,1.8
0,0.17176319926295394,Do Not Intervene,494.15,Australia,Brisbane,6.8
0,0.17513093408345007,Do Not Intervene,1424.96,USA,Chicago,1.4
0,0.1048615266249697,Do Not Intervene,1298.05,Canada,Vancouver,5.7
1,0.09805459713887975,Do Not Intervene,1224.36,Australia,Adelaide,2.8
0,0.10373220826401706,Do Not Intervene,1588.38,USA,Phoenix,1.7
0,0.09772328362967604,Do Not Intervene,2634.64,Germany,Munich,2.1
0,0.14940258462092332,Do Not Intervene,715.36,France,Nice,2.4
0,0.12234004985031274,Do Not Intervene,874.13,Canada,Toronto,2.1
0,0.11942066425649277,Do Not Intervene,594.28,USA,Houston,3.6
0,0.10499256051854668,Do Not Intervene,861.54,India,Mumbai,3.3
0,0.11705158683185625,Do Not Intervene,2595.32,USA,Chicago,3.6
0,0.17558992088279574,Do Not Intervene,701.22,USA,Chicago,2.7
0,0.12673318797963218,Do Not Intervene,1621.8,France,Paris,1.9
0,0.24773012694725005,Do Not Intervene,1745.84,Canada,Vancouver,0.4
0,0.15724545441053264,Do Not Intervene,1458.54,Australia,Adelaide,1.0
1,0.28622504348649364,Trigger Retention Campaign (15% Discount),1002.27,USA,Houston,3.0
1,0.09974211466331946,Do Not Intervene,924.82,USA,Los Angeles,0.3
1,0.8369344335020641,Trigger Retention Campaign (15% Discount),715.98,France,Lyon,1.3
0,0.11340263150809264,Do Not Intervene,1604.85,France,Toulouse,7.7
0,0.1623039414245018,Do Not Intervene,2138.48,Australia,Adelaide,1.2
1,0.5086693086413717,Trigger Retention Campaign (15% Discount),733.57,USA,Phoenix,1.9
0,0.13700940046623494,Do Not Intervene,2758.1,Japan,Kyoto,8.6
0,0.40285668588557355,Trigger Retention Campaign (15% Discount),1378.75,Japan,Kyoto,3.6
0,0.10313374805921764,Do Not Intervene,710.13,Germany,Berlin,0.9
1,0.5144673710834722,Trigger Retention Campaign (15% Discount),873.79,India,Mumbai,4.8
1,0.8668933451493461,Trigger Retention Campaign (15% Discount),180.34,USA,Phoenix,1.3
1,0.1282802645587575,Do Not Intervene,2420.91,USA,Houston,1.6
0,0.18284253750295065,Do Not Intervene,1204.65,USA,Houston,3.0
0,0.16705172770173277,Do Not Intervene,602.18,Germany,Berlin,2.7
0,0.6563293200787957,Trigger Retention Campaign (15% Discount),544.78,Germany,Hamburg,2.7
1,0.787932658573077,Trigger Retention Campaign (15% Discount),1922.5,USA,Chicago,1.4
1,0.7808379447898172,Trigger Retention Campaign (15% Discount),1436.44,France,Toulouse,2.7
0,0.10834471057624022,Do Not Intervene,1414.09,Australia,Sydney,1.5
0,0.16388479236500994,Do Not Intervene,846.0,UK,Glasgow,2.7
0,0.1946937033484203,Do Not Intervene,1477.8,Australia,Sydney,0.8
0,0.11696686851027593,Do Not Intervene,1807.01,USA,New York,0.2
0,0.2783856069207461,Do Not Intervene,644.85,USA,Los Angeles,3.4
0,0.3727804718177567,Trigger Retention Campaign (15% Discount),516.73,Australia,Brisbane,2.3
0,0.09713065441835121,Do Not Intervene,1264.12,Germany,Frankfurt,3.6
0,0.1210317676790717,Do Not Intervene,1310.7,Canada,Toronto,2.3
0,0.1534432335979993,Do Not Intervene,1237.89,USA,Houston,3.0
0,0.08274906102608166,Do Not Intervene,1794.91,USA,Houston,0.7
0,0.08171674023805262,Do Not Intervene,1329.63,USA,New York,1.8
1,0.144482957673618,Do Not Intervene,928.89,Canada,Toronto,9.6
0,0.1604377264890472,Do Not Intervene,1198.97,USA,Los Angeles,2.7
0,0.14125220822202725,Do Not Intervene,1209.56,Canada,Vancouver,2.8
0,0.23074854955193103,Do Not Intervene,2124.78,France,Nice,1.4
0,0.11577620761411234,Do Not Intervene,586.77,USA,Phoenix,2.0
0,0.1675533123076442,Do Not Intervene,3067.06,France,Lyon,2.8
0,0.15141681771238757,Do Not Intervene,516.29,UK,London,1.8
0,0.3090210868361741,Trigger Retention Campaign (15% Discount),1630.17,USA,Chicago,4.6
0,0.4614932635220353,Trigger Retention Campaign (15% Discount),509.92,Australia,Brisbane,1.1
0,0.11288167525973952,Do Not Intervene,1761.42,USA,New York,2.4
0,0.09916191303337099,Do Not Intervene,2269.81,UK,London,1.8
1,0.26667674178017414,Do Not Intervene,673.72,UK,Birmingham,1.5
0,0.09128817242882287,Do Not Intervene,1021.68,USA,Los Angeles,1.2
0,0.24945751371176272,Do Not Intervene,1083.6,USA,Los Angeles,5.8
0,0.2713369417868641,Do Not Intervene,939.31,Canada,Montreal,3.9
0,0.4359562785525366,Trigger Retention Campaign (15% Discount),442.05,USA,New York,5.2
0,0.21196931175428568,Do Not Intervene,1845.9,USA,Chicago,8.3
0,0.1493802930639546,Do Not Intervene,1589.31,Australia,Adelaide,2.2
0,0.11895758998078561,Do Not Intervene,1153.95,USA,Chicago,1.5
0,0.0931620853023938,Do Not Intervene,980.67,UK,London,3.9
1,0.8576374584015,Trigger Retention Campaign (15% Discount),145.11,UK,Glasgow,1.3
0,0.10856673601770814,Do Not Intervene,1643.51,Australia,Sydney,0.7
0,0.6307962026354181,Trigger Retention Campaign (15% Discount),316.15,Germany,Cologne,3.4
0,0.09005071901766637,Do Not Intervene,1197.78,USA,Houston,2.6
0,0.25009643409622834,Do Not Intervene,1108.78,USA,Houston,2.0
0,0.14797399589314514,Do Not Intervene,1558.16,Australia,Adelaide,0.2
0,0.16509027820223554,Do Not Intervene,2097.9,USA,Phoenix,2.4
0,0.16770158466335594,Do Not Intervene,2716.27,UK,Manchester,0.9
1,0.9116801591358897,Trigger Retention Campaign (15% Discount),2410.17,Japan,Kyoto,2.3
0,0.17033359002663212,Do Not Intervene,1650.97,India,Delhi,8.0
0,0.13677224786733475,Do Not Intervene,1820.05,UK,Manchester,10.0
0,0.16056986758964964,Do Not Intervene,880.89,Australia,Brisbane,4.1
0,0.4791655452246537,Trigger Retention Campaign (15% Discount),1336.81,Germany,Frankfurt,2.2
1,0.3816102726030315,Trigger Retention Campaign (15% Discount),646.08,UK,Manchester,1.8
0,0.07132008388760028,Do Not Intervene,5144.34,USA,New York,1.7
0,0.1307761936980271,Do Not Intervene,1873.02,UK,Glasgow,4.1
0,0.12234812987261502,Do Not Intervene,1908.28,USA,Chicago,4.7
0,0.16972008320515347,Do Not Intervene,317.9,USA,Los Angeles,1.1
0,0.14230012509151896,Do Not Intervene,945.43,USA,New York,0.4
0,0.6195726972973713,Trigger Retention Campaign (15% Discount),1562.12,USA,New York,2.6
0,0.10586411231834894,Do Not Intervene,1788.93,Australia,Perth,4.5
0,0.5517370122511666,Trigger Retention Campaign (15% Discount),603.13,Canada,Vancouver,3.6
1,0.16872967618799475,Do Not Intervene,681.85,Canada,Calgary,4.2
0,0.10532532786225383,Do Not Intervene,1416.23,USA,Chicago,2.1
0,0.08702778227913288,Do Not Intervene,989.06,USA,Houston,5.2
1,0.957324125276698,Trigger Retention Campaign (15% Discount),586.11,UK,Leeds,2.3
0,0.17215280843012143,Do Not Intervene,1925.62,USA,Phoenix,2.0
0,0.14353167140572679,Do Not Intervene,1299.75,USA,Los Angeles,1.7
0,0.41999024122952533,Trigger Retention Campaign (15% Discount),874.81,Canada,Ottawa,0.7
1,0.8527223547945735,Trigger Retention Campaign (15% Discount),4336.13,Australia,Melbourne,1.0
0,0.13854274998260477,Do Not Intervene,1906.54,Canada,Toronto,0.4
0,0.0984601518973496,Do Not Intervene,1218.85,Germany,Hamburg,3.6
0,0.1630557541394232,Do Not Intervene,1406.43,Australia,Adelaide,0.3
0,0.22476928098228766,Do Not Intervene,1458.06,UK,Manchester,3.0
1,0.9540360570731007,Trigger Retention Campaign (15% Discount),2673.69,USA,Phoenix,2.3
0,0.16689957091060184,Do Not Intervene,2143.94,USA,Chicago,2.0
0,0.16670391378805874,Do Not Intervene,2056.15,USA,Chicago,6.5
1,0.9077708330481198,Trigger Retention Campaign (15% Discount),2691.34,USA,Houston,3.3
0,0.10195067988638301,Do Not Intervene,1603.85,France,Toulouse,2.8
0,0.6233220153039012,Trigger Retention Campaign (15% Discount),841.57,USA,Los Angeles,2.4
0,0.11029635064957458,Do Not Intervene,1692.51,India,Bangalore,6.9
0,0.18433272746885992,Do Not Intervene,918.81,USA,New York,0.9
0,0.34010690852896375,Trigger Retention Campaign (15% Discount),1022.19,USA,New York,1.4
1,0.619800359155674,Trigger Retention Campaign (15% Discount),826.96,USA,Phoenix,2.1
0,0.09963338157120556,Do Not Intervene,1499.03,Canada,Montreal,4.0
0,0.07302534724136461,Do Not Intervene,912.17,Australia,Melbourne,3.9
0,0.15653522409890097,Do Not Intervene,839.07,Japan,Tokyo,4.7
0,0.38547181162270067,Trigger Retention Campaign (15% Discount),1207.97,USA,Houston,2.0
1,0.7707524237725899,Trigger Retention Campaign (15% Discount),1275.59,UK,Manchester,3.6
0,0.14914543038682498,Do Not Intervene,874.67,Australia,Sydney,9.0
0,0.1580049381670724,Do Not Intervene,2730.29,Australia,Adelaide,3.3
0,0.16179724901107295,Do Not Intervene,1409.54,India,Chennai,0.3
0,0.3242803551103319,Trigger Retention Campaign (15% Discount),826.52,Canada,Ottawa,0.6
0,0.4194612245515158,Trigger Retention Campaign (15% Discount),527.84,UK,Glasgow,2.2
0,0.26971075611041245,Do Not Intervene,481.87,USA,Chicago,1.0
0,0.16987041220243898,Do Not Intervene,1137.24,UK,Leeds,2.0
1,0.4965769008801293,Trigger Retention Campaign (15% Discount),1154.86,USA,Chicago,1.9
1,0.940773487990445,Trigger Retention Campaign (15% Discount),148.57,Japan,Yokohama,2.5
0,0.1283232284227494,Do Not Intervene,1504.82,USA,Chicago,0.9
1,0.924614233027855,Trigger Retention Campaign (15% Discount),2225.34,USA,Chicago,3.5
0,0.35674432701788505,Trigger Retention Campaign (15% Discount),1046.69,France,Lyon,1.2
0,0.13388978502905804,Do Not Intervene,2207.14,USA,Chicago,0.8
1,0.9210574180682789,Trigger Retention Campaign (15% Discount),4702.03,USA,Chicago,0.9
0,0.20705552127916524,Do Not Intervene,2519.01,UK,Manchester,3.0
0,0.15835743412584638,Do Not Intervene,1422.92,USA,Chicago,4.5
1,0.888614541555772,Trigger Retention Campaign (15% Discount),358.98,UK,Glasgow,0.8
1,0.519103923465192,Trigger Retention Campaign (15% Discount),914.77,USA,Chicago,1.8
0,0.22976768925976926,Do Not Intervene,277.79,Canada,Vancouver,1.6
0,0.11033644899842417,Do Not Intervene,2515.94,Canada,Toronto,5.9
0,0.13292812120079467,Do Not Intervene,3313.8,Australia,Adelaide,4.1
0,0.12359496799753915,Do Not Intervene,677.97,France,Toulouse,1.9
0,0.4141185123532367,Trigger Retention Campaign (15% Discount),434.82,Canada,Calgary,2.9
0,0.2735070174462003,Do Not Intervene,279.27,USA,Phoenix,2.1
0,0.5143732018193716,Trigger Retention Campaign (15% Discount),488.67,India,Chennai,2.7
0,0.08762670679538184,Do Not Intervene,1168.21,Canada,Toronto,2.9
1,0.1498433460720307,Do Not Intervene,2603.81,USA,Houston,1.1
0,0.2807291861716656,Trigger Retention Campaign (15% Discount),1676.91,Australia,Perth,0.8
1,0.8105769597950312,Trigger Retention Campaign (15% Discount),273.46,Germany,Berlin,2.8
0,0.4159096696377088,Trigger Retention Campaign (15% Discount),961.03,France,Toulouse,1.0
0,0.11312747099332231,Do Not Intervene,2375.67,Germany,Cologne,2.7
0,0.1956147121553046,Do Not Intervene,1512.76,UK,Manchester,1.8
1,0.7764821772950714,Trigger Retention Campaign (15% Discount),1046.04,UK,London,0.3
0,0.1453116710561426,Do Not Intervene,784.19,Canada,Ottawa,4.4
1,0.44885411132770864,Trigger Retention Campaign (15% Discount),711.02,Germany,Cologne,0.9
0,0.22912757395872987,Do Not Intervene,1066.12,Australia,Sydney,4.7
0,0.15248383670932847,Do Not Intervene,1256.62,Australia,Melbourne,2.9
1,0.11492389609746631,Do Not Intervene,1607.2,India,Hyderabad,2.1
0,0.12192417700064999,Do Not Intervene,1940.36,Canada,Toronto,1.3
0,0.1830548498994571,Do Not Intervene,1843.08,UK,Leeds,5.1
0,0.10464689970494767,Do Not Intervene,1334.81,USA,New York,0.6
0,0.5725237006601935,Trigger Retention Campaign (15% Discount),819.2,Australia,Brisbane,4.4
0,0.26335978540441485,Do Not Intervene,1056.64,USA,New York,2.9
0,0.1049275902350649,Do Not Intervene,905.9,UK,London,4.4
1,0.8198191820898686,Trigger Retention Campaign (15% Discount),3156.4,USA,New York,0.4
0,0.20619290062620013,Do Not Intervene,798.67,Australia,Perth,5.4
0,0.1510945733780055,Do Not Intervene,1485.39,Australia,Perth,1.0
0,0.19392730748411904,Do Not Intervene,1926.65,Canada,Toronto,3.6
1,0.9023392773790805,Trigger Retention Campaign (15% Discount),2081.94,Germany,Munich,1.3
1,0.9124909696665966,Trigger Retention Campaign (15% Discount),1961.33,UK,Birmingham,1.2
1,0.7802374283306712,Trigger Retention Campaign (15% Discount),568.56,UK,London,3.8
0,0.12336260813115414,Do Not Intervene,1840.64,Japan,Osaka,0.9
0,0.10398249040637685,Do Not Intervene,1301.88,USA,New York,4.2
0,0.26826248540376896,Do Not Intervene,967.83,Germany,Munich,4.4
1,0.7061077350536551,Trigger Retention Campaign (15% Discount),479.21,Japan,Osaka,2.1
0,0.4494712968429014,Trigger Retention Campaign (15% Discount),1630.8,Australia,Brisbane,1.6
0,0.7846194685508907,Trigger Retention Campaign (15% Discount),377.93,USA,Los Angeles,1.5
0,0.48237994704009535,Trigger Retention Campaign (15% Discount),817.14,USA,Chicago,1.7
0,0.1679901023939169,Do Not Intervene,1839.58,USA,New York,1.9
0,0.0840474986033809,Do Not Intervene,672.54,India,Bangalore,4.1
1,0.8962409778826117,Trigger Retention Campaign (15% Discount),527.48,Australia,Melbourne,3.6
0,0.14673940013976988,Do Not Intervene,977.7,Australia,Brisbane,4.7
1,0.7889597123045964,Trigger Retention Campaign (15% Discount),924.95,USA,New York,3.0
0,0.11863124425023897,Do Not Intervene,1248.12,Germany,Cologne,0.7
0,0.32864971924347985,Trigger Retention Campaign (15% Discount),803.68,USA,Houston,2.0
0,0.09985619988774404,Do Not Intervene,1130.76,UK,Leeds,5.1
1,0.7865227982653614,Trigger Retention Campaign (15% Discount),469.56,USA,Houston,1.6
0,0.15860407308938163,Do Not Intervene,2583.95,Canada,Toronto,3.1
1,0.5406300822426264,Trigger Retention Campaign (15% Discount),467.04,Canada,Montreal,2.2
0,0.11128961479881534,Do Not Intervene,1679.64,USA,Houston,5.5
0,0.1029972247372829,Do Not Intervene,3110.23,Australia,Brisbane,0.5
0,0.09994956552590209,Do Not Intervene,1197.08,Japan,Nagoya,1.7
0,0.30828993611136907,Trigger Retention Campaign (15% Discount),292.49,Canada,Ottawa,9.5
1,0.8264719409723021,Trigger Retention Campaign (15% Discount),2229.85,Australia,Melbourne,1.2
0,0.18026643247786975,Do Not Intervene,1641.23,Germany,Hamburg,5.8
0,0.2548086022677186,Do Not Intervene,1136.01,UK,Manchester,5.2
0,0.13036285747383647,Do Not Intervene,1520.86,Australia,Sydney,3.6
0,0.1736590180789878,Do Not Intervene,1562.29,Japan,Kyoto,1.9
0,0.42340917323569316,Trigger Retention Campaign (15% Discount),671.75,France,Marseille,0.6
0,0.151878498862783,Do Not Intervene,2502.9,India,Bangalore,0.5
0,0.09000983570737774,Do Not Intervene,1497.72,USA,New York,3.7
1,0.9253477615285273,Trigger Retention Campaign (15% Discount),3422.67,France,Marseille,2.3
1,0.8495197010895904,Trigger Retention Campaign (15% Discount),570.02,Australia,Sydney,5.7
0,0.13669557009607758,Do Not Intervene,1398.23,USA,New York,3.3
0,0.13689077035207886,Do Not Intervene,1560.69,Australia,Perth,3.6
0,0.1852702988631388,Do Not Intervene,2114.06,USA,Los Angeles,5.5
0,0.16107399846988876,Do Not Intervene,1184.17,Canada,Montreal,4.1
0,0.12117630043906846,Do Not Intervene,1647.76,USA,Chicago,5.0
0,0.08546325041045456,Do Not Intervene,1784.78,UK,Birmingham,1.3
1,0.7849564589110818,Trigger Retention Campaign (15% Discount),367.92,France,Lyon,1.1
0,0.15701150553388354,Do Not Intervene,2322.4,Germany,Cologne,5.4
0,0.2261650308886181,Do Not Intervene,523.07,Germany,Hamburg,0.7
1,0.8560185962640555,Trigger Retention Campaign (15% Discount),2462.02,India,Mumbai,4.7
0,0.08945502166080513,Do Not Intervene,934.15,India,Bangalore,0.9
0,0.1171086643788539,Do Not Intervene,561.33,UK,Manchester,6.3
1,0.5974055430589813,Trigger Retention Campaign (15% Discount),692.85,Japan,Kyoto,5.6
1,0.9413633103950491,Trigger Retention Campaign (15% Discount),2364.23,UK,Manchester,5.3
0,0.20239874380940084,Do Not Intervene,1634.74,Canada,Calgary,10.0
1,0.9107343541501254,Trigger Retention Campaign (15% Discount),3152.41,USA,Los Angeles,6.0
1,0.8434966880089871,Trigger Retention Campaign (15% Discount),2843.85,USA,Chicago,2.9
0,0.1213192188730967,Do Not Intervene,1517.37,Germany,Cologne,1.7
1,0.7015524335077507,Trigger Retention Campaign (15% Discount),1245.73,Canada,Ottawa,1.6
0,0.16926333762496198,Do Not Intervene,742.83,USA,Phoenix,1.1
1,0.8510732147651952,Trigger Retention Campaign (15% Discount),2157.63,Australia,Adelaide,0.7
0,0.20983217822204384,Do Not Intervene,482.11,Germany,Hamburg,0.1
0,0.12707105168394098,Do Not Intervene,2646.85,USA,Chicago,1.2
0,0.1890183252756127,Do Not Intervene,1922.97,Germany,Berlin,3.3
0,0.17613425730693552,Do Not Intervene,2520.59,USA,New York,2.1
0,0.20407808883946024,Do Not Intervene,1128.58,France,Lyon,2.3
0,0.11696008511389218,Do Not Intervene,977.07,UK,London,1.3
1,0.743418523472682,Trigger Retention Campaign (15% Discount),2284.83,Japan,Tokyo,5.5
0,0.17893306803034809,Do Not Intervene,1291.72,France,Marseille,3.2
1,0.15182982690682337,Do Not Intervene,822.96,Germany,Cologne,3.4
0,0.10555176335588314,Do Not Intervene,620.3,UK,London,0.8
1,0.5357468212404431,Trigger Retention Campaign (15% Discount),1978.62,Germany,Hamburg,2.4
0,0.27977610672518716,Trigger Retention Campaign (15% Discount),1226.36,Canada,Ottawa,1.2
0,0.13451037102052654,Do Not Intervene,1458.82,Australia,Melbourne,2.9
1,0.6057187248253233,Trigger Retention Campaign (15% Discount),379.41,USA,Houston,6.1
0,0.30799370008199795,Trigger Retention Campaign (15% Discount),813.62,USA,Chicago,2.6
0,0.1448203044968464,Do Not Intervene,1978.95,USA,New York,5.5
0,0.1380316295932283,Do Not Intervene,2052.46,Germany,Frankfurt,6.0
0,0.14662102826219361,Do Not Intervene,1493.29,Canada,Calgary,1.8
1,0.8201608989593248,Trigger Retention Campaign (15% Discount),2492.53,Australia,Melbourne,0.4
0,0.1818028025566751,Do Not Intervene,1904.46,USA,New York,7.1
0,0.11073574899044457,Do Not Intervene,1366.78,Canada,Vancouver,7.9
0,0.43971975440950734,Trigger Retention Campaign (15% Discount),642.3,India,Mumbai,3.4
0,0.27672676510304545,Do Not Intervene,1807.24,USA,Phoenix,2.6
0,0.304748062263946,Trigger Retention Campaign (15% Discount),753.28,USA,Los Angeles,6.3
1,0.8704285864306711,Trigger Retention Campaign (15% Discount),381.75,Australia,Brisbane,1.9
0,0.1412117011056544,Do Not Intervene,1209.72,USA,Chicago,1.1
1,0.5106655832637599,Trigger Retention Campaign (15% Discount),614.56,USA,Chicago,1.0
0,0.16064796778140336,Do Not Intervene,1585.35,Canada,Ottawa,1.4
1,0.392616742870181,Trigger Retention Campaign (15% Discount),821.34,UK,Glasgow,2.0
0,0.1413351157273506,Do Not Intervene,1330.33,USA,Phoenix,3.9
0,0.1971579455503799,Do Not Intervene,1360.59,Canada,Vancouver,2.9
0,0.10317339586000808,Do Not Intervene,1670.86,Canada,Ottawa,3.3
1,0.897901400722467,Trigger Retention Campaign (15% Discount),2470.65,Germany,Berlin,2.5
1,0.31950535770027,Trigger Retention Campaign (15% Discount),1211.21,Germany,Cologne,2.4
1,0.7150220040960131,Trigger Retention Campaign (15% Discount),677.7,Germany,Frankfurt,3.1
0,0.17223636939797618,Do Not Intervene,2104.11,India,Hyderabad,3.9
1,0.7517557856309829,Trigger Retention Campaign (15% Discount),906.51,UK,Leeds,6.2
0,0.08997672527650544,Do Not Intervene,1753.33,USA,Chicago,1.6
0,0.14576297270775923,Do Not Intervene,2101.21,USA,Houston,0.2
0,0.12972438101832356,Do Not Intervene,1923.28,Australia,Brisbane,2.5
1,0.8638126468272267,Trigger Retention Campaign (15% Discount),1897.64,UK,Leeds,1.0
0,0.46078708818405417,Trigger Retention Campaign (15% Discount),1699.5,Canada,Vancouver,5.5
0,0.16669480126866662,Do Not Intervene,2586.37,UK,London,1.7
0,0.13247159748934348,Do Not Intervene,1341.25,USA,Houston,0.1
0,0.10570011067151276,Do Not Intervene,1300.5,Canada,Calgary,4.3
1,0.9330315097912636,Trigger Retention Campaign (15% Discount),4222.49,Australia,Sydney,1.3
0,0.176782250979402,Do Not Intervene,872.96,USA,Phoenix,5.6
0,0.09497057136244517,Do Not Intervene,1038.47,UK,Manchester,0.4
0,0.12489649167519666,Do Not Intervene,2165.33,Canada,Montreal,3.9
0,0.08714631844594932,Do Not Intervene,1360.31,Germany,Hamburg,4.2
0,0.1699073974770335,Do Not Intervene,507.9,India,Bangalore,6.8
0,0.17936739111182154,Do Not Intervene,2062.53,France,Marseille,3.1
1,0.8831177114528123,Trigger Retention Campaign (15% Discount),2104.25,USA,Houston,2.7
1,0.5662219384277613,Trigger Retention Campaign (15% Discount),1393.97,France,Toulouse,8.6
0,0.2315943487520994,Do Not Intervene,1130.98,USA,Los Angeles,1.2
0,0.5226015392960309,Trigger Retention Campaign (15% Discount),1783.11,USA,New York,3.4
0,0.23575906121611456,Do Not Intervene,1261.38,UK,Birmingham,2.0
1,0.9551490603636507,Trigger Retention Campaign (15% Discount),436.67,Australia,Brisbane,3.5
0,0.09361759981012366,Do Not Intervene,1347.37,UK,Leeds,4.0
0,0.6026240388344394,Trigger Retention Campaign (15% Discount),353.12,UK,London,5.2
1,0.7886003691593246,Trigger Retention Campaign (15% Discount),251.6,USA,Houston,1.5
1,0.9458793988913654,Trigger Retention Campaign (15% Discount),2985.32,Canada,Toronto,0.9
0,0.1931920221755073,Do Not Intervene,896.34,Canada,Toronto,0.8
0,0.39822329798087286,Trigger Retention Campaign (15% Discount),760.44,Canada,Ottawa,0.9
0,0.15690516485812733,Do Not Intervene,1577.95,USA,Chicago,3.2
0,0.18614950403894348,Do Not Intervene,528.36,USA,Phoenix,1.4
1,0.3846618299417019,Trigger Retention Campaign (15% Discount),581.26,UK,Birmingham,1.8
0,0.09948237721510961,Do Not Intervene,937.63,USA,Chicago,5.2
0,0.13802169543464504,Do Not Intervene,1453.9,USA,Houston,0.7
0,0.23234540042279486,Do Not Intervene,447.94,USA,Houston,3.4
1,0.8161603620669833,Trigger Retention Campaign (15% Discount),880.72,France,Nice,1.1
0,0.09053591195240276,Do Not Intervene,711.94,UK,Leeds,3.7
0,0.19605705463841544,Do Not Intervene,1028.29,France,Toulouse,2.0
0,0.15407859489647874,Do Not Intervene,1175.76,USA,New York,0.7
1,0.7684802468298099,Trigger Retention Campaign (15% Discount),1959.42,USA,Los Angeles,2.1
0,0.2813787819944453,Trigger Retention Campaign (15% Discount),335.29,USA,Houston,7.3
0,0.8741332614869193,Trigger Retention Campaign (15% Discount),317.51,USA,Los Angeles,3.8
0,0.13660502789254242,Do Not Intervene,1053.56,UK,Leeds,0.6
0,0.17510074492381178,Do Not Intervene,727.29,USA,Chicago,2.1
1,0.8977382739655169,Trigger Retention Campaign (15% Discount),2550.06,USA,Los Angeles,3.6
0,0.09032175792643239,Do Not Intervene,1388.07,USA,New York,2.9
1,0.9398656878506234,Trigger Retention Campaign (15% Discount),2071.12,Japan,Kyoto,1.7
0,0.11573242869626112,Do Not Intervene,984.32,India,Chennai,0.8
0,0.1596614176339757,Do Not Intervene,823.18,USA,Los Angeles,0.5
1,0.6719637914939344,Trigger Retention Campaign (15% Discount),1656.56,USA,Los Angeles,2.7
0,0.23673191967823698,Do Not Intervene,679.05,USA,New York,1.4
1,0.7469737290509348,Trigger Retention Campaign (15% Discount),800.8,USA,Phoenix,1.3
1,0.9022157491058043,Trigger Retention Campaign (15% Discount),2331.47,Canada,Ottawa,2.7
1,0.8661998829434784,Trigger Retention Campaign (15% Discount),2456.32,UK,Manchester,3.7
0,0.11184534372077484,Do Not Intervene,859.9,Canada,Vancouver,1.9
1,0.3421042059631601,Trigger Retention Campaign (15% Discount),780.1,USA,Chicago,1.6
1,0.9192211413774369,Trigger Retention Campaign (15% Discount),1916.84,UK,Birmingham,2.0
0,0.09774041977218527,Do Not Intervene,1704.28,Japan,Kyoto,1.3
1,0.9192339805599902,Trigger Retention Campaign (15% Discount),1063.66,India,Delhi,2.8
1,0.9342480875758049,Trigger Retention Campaign (15% Discount),353.47,Canada,Calgary,6.3
1,0.45324747214880223,Trigger Retention Campaign (15% Discount),722.48,Australia,Adelaide,2.6
1,0.9590334728793256,Trigger Retention Campaign (15% Discount),186.47,Canada,Calgary,0.8
0,0.1566033452830896,Do Not Intervene,1599.33,USA,New York,2.6
1,0.5874686166357282,Trigger Retention Campaign (15% Discount),544.4,USA,Chicago,0.5
0,0.26816512014805904,Do Not Intervene,566.89,Japan,Nagoya,4.2
0,0.22065498548630516,Do Not Intervene,721.91,Germany,Munich,0.3
0,0.0876646075425532,Do Not Intervene,1169.47,France,Lyon,3.3
0,0.0934772881437458,Do Not Intervene,717.99,Canada,Toronto,2.3
1,0.7934916049700557,Trigger Retention Campaign (15% Discount),518.57,Australia,Perth,3.2
0,0.13520319257708288,Do Not Intervene,1879.94,France,Lyon,7.1
0,0.18851089567880944,Do Not Intervene,930.35,UK,Leeds,1.4
0,0.08863574732813567,Do Not Intervene,1559.1,USA,Houston,5.2
0,0.23853257631644073,Do Not Intervene,515.89,UK,Leeds,10.0
0,0.13245306947292274,Do Not Intervene,5485.1,Japan,Tokyo,3.7
1,0.1358166690488517,Do Not Intervene,2268.4,France,Paris,3.4
1,0.7956320233445991,Trigger Retention Campaign (15% Discount),71.04,India,Chennai,3.0
0,0.0888176204265071,Do Not Intervene,1053.84,USA,Phoenix,3.8
0,0.41986993938234707,Trigger Retention Campaign (15% Discount),1117.19,Germany,Hamburg,3.4
0,0.11721608484089562,Do Not Intervene,2813.8,USA,Phoenix,1.3
0,0.14480047211145697,Do Not Intervene,932.51,USA,Los Angeles,2.8
0,0.10283785274641585,Do Not Intervene,1716.16,USA,Phoenix,3.7
1,0.6965560593732385,Trigger Retention Campaign (15% Discount),785.04,UK,Manchester,9.2
0,0.11867687444313674,Do Not Intervene,1711.44,India,Bangalore,0.7
1,0.8532996106659119,Trigger Retention Campaign (15% Discount),1363.1,USA,Chicago,6.1
1,0.8113266210817848,Trigger Retention Campaign (15% Discount),1249.75,Australia,Perth,2.9
1,0.8291660738259224,Trigger Retention Campaign (15% Discount),661.99,India,Chennai,1.0
0,0.28188832614251874,Trigger Retention Campaign (15% Discount),1380.09,USA,Houston,1.9
0,0.1350581529956989,Do Not Intervene,745.13,UK,Manchester,1.5
0,0.10330004767089768,Do Not Intervene,1564.68,India,Bangalore,1.8
0,0.3307776188684077,Trigger Retention Campaign (15% Discount),1582.48,USA,Houston,5.0
0,0.15234823495493838,Do Not Intervene,2986.7,Canada,Vancouver,7.0
0,0.13658731994115364,Do Not Intervene,2605.0,India,Bangalore,2.5
0,0.16228574843924054,Do Not Intervene,3047.52,USA,Houston,0.6
0,0.10367279478332271,Do Not Intervene,1127.34,USA,New York,0.9
1,0.6868942812001205,Trigger Retention Campaign (15% Discount),692.34,UK,Manchester,1.5
0,0.0936684940646038,Do Not Intervene,1044.48,UK,Glasgow,1.6
0,0.14341364235095752,Do Not Intervene,2391.89,Canada,Ottawa,0.2
0,0.24293379375181826,Do Not Intervene,1126.87,Canada,Toronto,2.5
0,0.07302470938846564,Do Not Intervene,1208.88,Japan,Tokyo,4.3
1,0.14565168915205373,Do Not Intervene,2240.57,USA,New York,0.9
0,0.13554673871221146,Do Not Intervene,1140.7,Canada,Calgary,3.2
1,0.16990208298793275,Do Not Intervene,3595.78,USA,Phoenix,2.6
1,0.9532901927399037,Trigger Retention Campaign (15% Discount),432.21,Australia,Sydney,1.4
1,0.5022038753486321,Trigger Retention Campaign (15% Discount),770.22,USA,Phoenix,0.4
1,0.6032433831475899,Trigger Retention Campaign (15% Discount),895.05,India,Delhi,1.7
0,0.11040234269340791,Do Not Intervene,1044.06,France,Paris,1.7
0,0.1784272543273571,Do Not Intervene,1980.47,USA,Houston,3.4
0,0.2073630770523889,Do Not Intervene,1054.75,USA,Phoenix,0.9
0,0.17844089454752887,Do Not Intervene,920.79,Japan,Kyoto,2.0
0,0.7374000834007957,Trigger Retention Campaign (15% Discount),1027.49,Australia,Brisbane,0.5
0,0.2385630244981279,Do Not Intervene,601.44,France,Paris,8.9
0,0.28561958826260025,Trigger Retention Campaign (15% Discount),1837.28,Canada,Ottawa,0.7
0,0.31161153999710484,Trigger Retention Campaign (15% Discount),1313.45,Canada,Toronto,0.5
0,0.11653963198489067,Do Not Intervene,1646.76,Canada,Vancouver,4.8
1,0.9649669960536652,Trigger Retention Campaign (15% Discount),364.36,India,Hyderabad,4.6
1,0.8039223078354714,Trigger Retention Campaign (15% Discount),2953.83,USA,New York,2.4
1,0.11621234815380604,Do Not Intervene,708.41,Canada,Vancouver,1.3
0,0.5463197755832159,Trigger Retention Campaign (15% Discount),823.4,Canada,Ottawa,0.6
0,0.135128375722512,Do Not Intervene,1621.56,UK,Leeds,4.8
0,0.20374676737504077,Do Not Intervene,1973.73,USA,Phoenix,2.3
0,0.12027654458108678,Do Not Intervene,995.72,USA,Los Angeles,0.9
0,0.13654399755656857,Do Not Intervene,857.56,UK,Glasgow,8.7
0,0.2744240454043271,Do Not Intervene,1105.38,India,Hyderabad,3.4
0,0.1686392279885265,Do Not Intervene,971.31,USA,Phoenix,5.8
0,0.094544832306486,Do Not Intervene,963.36,France,Toulouse,3.6
0,0.201318189650609,Do Not Intervene,3457.29,France,Lyon,2.2
1,0.10272595233986599,Do Not Intervene,1590.6,USA,Houston,1.2
0,0.13594726996940976,Do Not Intervene,1851.05,Canada,Toronto,1.1
1,0.8382813061105377,Trigger Retention Campaign (15% Discount),141.87,Canada,Ottawa,0.9
1,0.8975071697437678,Trigger Retention Campaign (15% Discount),2494.11,USA,New York,1.1
1,0.9340122017432771,Trigger Retention Campaign (15% Discount),5088.41,India,Delhi,1.5
1,0.10095848593188128,Do Not Intervene,1082.99,USA,Houston,3.0
0,0.08400526019330129,Do Not Intervene,807.06,UK,Leeds,1.3
0,0.1019356261991492,Do Not Intervene,1501.07,USA,Phoenix,3.1
0,0.13448595745382438,Do Not Intervene,1278.59,UK,Leeds,7.5
1,0.8727701694525436,Trigger Retention Campaign (15% Discount),216.75,Germany,Munich,2.7
1,0.6934517253050533,Trigger Retention Campaign (15% Discount),871.74,France,Marseille,3.1
0,0.0904541622889124,Do Not Intervene,1842.63,Canada,Vancouver,2.5
0,0.10979182778196346,Do Not Intervene,1027.35,Australia,Perth,0.9
0,0.14603970261323063,Do Not Intervene,2028.63,USA,Phoenix,2.2
1,0.6512665806505318,Trigger Retention Campaign (15% Discount),926.94,Germany,Frankfurt,3.6
0,0.14825959663191088,Do Not Intervene,2466.03,USA,Los Angeles,1.3
0,0.14049980250048263,Do Not Intervene,1227.15,Canada,Montreal,1.5
0,0.10105432662942575,Do Not Intervene,1696.85,Australia,Perth,1.5
0,0.14296866270171724,Do Not Intervene,322.76,India,Chennai,2.5
0,0.0907560177162409,Do Not Intervene,881.91,Japan,Nagoya,1.6
0,0.08614517686858099,Do Not Intervene,902.37,Australia,Brisbane,1.6
1,0.7682417273313464,Trigger Retention Campaign (15% Discount),713.83,India,Delhi,6.8
0,0.14319414051334545,Do Not Intervene,2088.2,Australia,Sydney,3.9
1,0.6475061532289156,Trigger Retention Campaign (15% Discount),786.51,Canada,Montreal,5.7
1,0.27013257097481863,Do Not Intervene,748.47,Germany,Munich,1.0
0,0.17001846783782273,Do Not Intervene,1564.25,Germany,Munich,3.0
0,0.25441260346791844,Do Not Intervene,1706.6,Japan,Nagoya,3.4
0,0.4873974363892993,Trigger Retention Campaign (15% Discount),1060.11,UK,Glasgow,0.6
0,0.12786189659591293,Do Not Intervene,915.45,Germany,Cologne,3.3
0,0.5445770162802946,Trigger Retention Campaign (15% Discount),334.06,Australia,Melbourne,6.1
0,0.12958454455689858,Do Not Intervene,2653.21,Germany,Hamburg,4.1
0,0.21637654367839773,Do Not Intervene,1763.1,Germany,Berlin,3.6
0,0.18146249052382377,Do Not Intervene,1152.16,Australia,Sydney,3.0
0,0.153959457282966,Do Not Intervene,1056.65,India,Hyderabad,3.5
0,0.10499082401484389,Do Not Intervene,976.36,USA,Phoenix,6.9
0,0.3517856113656624,Trigger Retention Campaign (15% Discount),437.92,UK,London,0.7
0,0.11799157603846731,Do Not Intervene,665.02,Canada,Montreal,2.5
0,0.31834980707355515,Trigger Retention Campaign (15% Discount),383.64,USA,New York,7.6
0,0.13719102765998936,Do Not Intervene,1110.79,USA,Chicago,9.3
1,0.8690167455105331,Trigger Retention Campaign (15% Discount),1903.11,UK,Leeds,5.3
0,0.14393869254468084,Do Not Intervene,3118.77,India,Bangalore,1.2
1,0.9318647938330793,Trigger Retention Campaign (15% Discount),2384.98,UK,Manchester,10.0
0,0.2886913813450445,Trigger Retention Campaign (15% Discount),1752.56,Australia,Brisbane,2.6
0,0.1686381930778149,Do Not Intervene,1319.46,Australia,Brisbane,7.4
0,0.1369338512577836,Do Not Intervene,1011.79,Australia,Perth,5.4
0,0.2866604512951042,Trigger Retention Campaign (15% Discount),805.86,USA,New York,7.2
1,0.7405372148440822,Trigger Retention Campaign (15% Discount),601.97,USA,Los Angeles,0.8
0,0.15665880241465738,Do Not Intervene,630.77,USA,New York,2.1
0,0.13384434245456567,Do Not Intervene,2482.57,Australia,Perth,6.4
1,0.14149841542866304,Do Not Intervene,1221.36,Canada,Ottawa,1.3
0,0.14170363450921766,Do Not Intervene,1514.99,USA,Houston,3.6
0,0.18870525379156297,Do Not Intervene,331.34,France,Toulouse,3.3
1,0.8944430632952611,Trigger Retention Campaign (15% Discount),276.98,USA,Los Angeles,2.2
0,0.12735182873623568,Do Not Intervene,1428.13,Germany,Hamburg,2.7
1,0.5733471975954106,Trigger Retention Campaign (15% Discount),1074.96,USA,Phoenix,5.8
0,0.2831632880919523,Trigger Retention Campaign (15% Discount),826.44,Germany,Berlin,3.0
0,0.10996309585997627,Do Not Intervene,1760.31,UK,Leeds,5.7
0,0.13499993502800234,Do Not Intervene,290.51,India,Hyderabad,2.1
0,0.13098040712094577,Do Not Intervene,1507.58,Canada,Calgary,0.9
0,0.21041457488271334,Do Not Intervene,2390.48,Canada,Ottawa,1.8
1,0.5878597231798508,Trigger Retention Campaign (15% Discount),1018.03,USA,Los Angeles,2.3
0,0.11212377551248952,Do Not Intervene,656.66,USA,New York,1.3
0,0.287854876039771,Trigger Retention Campaign (15% Discount),896.96,UK,Leeds,4.6
1,0.8818401781435925,Trigger Retention Campaign (15% Discount),4213.44,USA,Houston,1.5
0,0.1739405745743931,Do Not Intervene,1034.45,UK,Leeds,6.5
0,0.13964072375325717,Do Not Intervene,1335.29,USA,Los Angeles,1.0
0,0.25205456368041607,Do Not Intervene,578.05,Canada,Ottawa,1.8
1,0.8951887056455757,Trigger Retention Campaign (15% Discount),2783.34,USA,Houston,2.0
0,0.11010307175243385,Do Not Intervene,1537.11,USA,Phoenix,1.2
0,0.09033047752937798,Do Not Intervene,939.02,UK,Birmingham,4.2
0,0.3125446701696022,Trigger Retention Campaign (15% Discount),569.78,UK,Birmingham,2.6
1,0.6406670706385365,Trigger Retention Campaign (15% Discount),267.34,USA,Los Angeles,0.4162122816385006
0,0.1318836697926698,Do Not Intervene,1457.44,Germany,Frankfurt,4.4
1,0.5670862925466207,Trigger Retention Campaign (15% Discount),878.75,USA,New York,4.9
1,0.652210045751961,Trigger Retention Campaign (15% Discount),1814.59,Australia,Melbourne,0.322401002313139
0,0.18463914226719447,Do Not Intervene,1275.2,USA,Chicago,0.4
1,0.7803226325384192,Trigger Retention Campaign (15% Discount),4283.15,USA,Houston,1.7
0,0.4911104901860939,Trigger Retention Campaign (15% Discount),883.47,Germany,Berlin,1.2
0,0.26416891550963056,Do Not Intervene,1432.19,Canada,Ottawa,2.3
1,0.45592638746425623,Trigger Retention Campaign (15% Discount),1277.32,Australia,Perth,4.5
0,0.8694393188249806,Trigger Retention Campaign (15% Discount),638.39,France,Marseille,2.5
0,0.16347567964940687,Do Not Intervene,1080.31,UK,Leeds,1.6
1,0.41545155111249366,Trigger Retention Campaign (15% Discount),337.83,USA,Los Angeles,0.8
0,0.16877533289475896,Do Not Intervene,1292.54,USA,Los Angeles,3.9
1,0.9582981450069714,Trigger Retention Campaign (15% Discount),2812.13,Canada,Ottawa,5.5
1,0.8868099224377773,Trigger Retention Campaign (15% Discount),127.51,USA,Chicago,7.3
1,0.5325706165228108,Trigger Retention Campaign (15% Discount),1375.45,Australia,Adelaide,4.3
0,0.08664933328467335,Do Not Intervene,1806.92,Germany,Cologne,0.8
0,0.1574798197266137,Do Not Intervene,960.94,USA,Houston,0.5
1,0.9205560462933069,Trigger Retention Campaign (15% Discount),603.73,Canada,Calgary,4.5
1,0.1575861223267628,Do Not Intervene,2747.51,Germany,Hamburg,1.4
0,0.15405001358869266,Do Not Intervene,2890.74,Canada,Toronto,2.0
1,0.6805699268443726,Trigger Retention Campaign (15% Discount),438.38,USA,New York,3.2
0,0.14948541690761638,Do Not Intervene,2698.51,Canada,Vancouver,5.3
0,0.3501213669814801,Trigger Retention Campaign (15% Discount),1450.47,USA,Chicago,1.5
0,0.1645753069196799,Do Not Intervene,1676.43,India,Chennai,2.8
0,0.13877763802394852,Do Not Intervene,902.87,USA,Phoenix,3.5
0,0.2452455062398434,Do Not Intervene,647.5,UK,London,6.5
0,0.33933050800724934,Trigger Retention Campaign (15% Discount),1283.79,USA,Houston,1.6
0,0.40101648752902436,Trigger Retention Campaign (15% Discount),474.79,Canada,Calgary,2.6
0,0.0965258534041641,Do Not Intervene,1206.89,India,Delhi,5.7
0,0.07056508748829236,Do Not Intervene,1735.94,Australia,Perth,1.6
1,0.92735121753709,Trigger Retention Campaign (15% Discount),500.97,USA,Los Angeles,4.7
0,0.3392818563689193,Trigger Retention Campaign (15% Discount),2245.57,USA,Los Angeles,3.7
0,0.19267805582305417,Do Not Intervene,1077.4,India,Hyderabad,2.6
0,0.12976047476289376,Do Not Intervene,831.18,Australia,Adelaide,2.8
0,0.15837212905051834,Do Not Intervene,2938.33,USA,New York,2.4
1,0.8799938917297387,Trigger Retention Campaign (15% Discount),2347.69,UK,Glasgow,2.1
1,0.665310774860739,Trigger Retention Campaign (15% Discount),1627.06,UK,London,1.5
0,0.16699070090696233,Do Not Intervene,3581.95,Germany,Berlin,3.3
0,0.5434106993722538,Trigger Retention Campaign (15% Discount),560.99,Australia,Perth,2.0
0,0.18291357109174855,Do Not Intervene,2926.79,USA,Chicago,2.9
1,0.5647098567101442,Trigger Retention Campaign (15% Discount),235.07,Germany,Berlin,2.6
0,0.3620014878749064,Trigger Retention Campaign (15% Discount),306.58,Germany,Munich,3.9
0,0.12764854001501283,Do Not Intervene,2307.5,UK,Glasgow,2.1
0,0.1336766882145718,Do Not Intervene,1188.27,Germany,Frankfurt,2.5
0,0.11762429707610905,Do Not Intervene,1089.68,UK,Glasgow,0.8
0,0.19965383648762025,Do Not Intervene,1053.86,India,Hyderabad,1.2
0,0.13649032562280194,Do Not Intervene,850.91,USA,New York,1.7
0,0.08932115372000034,Do Not Intervene,770.29,France,Toulouse,1.0
1,0.8859176475579812,Trigger Retention Campaign (15% Discount),2251.13,Canada,Toronto,5.7
0,0.1055778366948778,Do Not Intervene,3080.53,Australia,Melbourne,3.6
0,0.17519490871596335,Do Not Intervene,1550.58,India,Chennai,2.4
1,0.7253331239930556,Trigger Retention Campaign (15% Discount),1138.29,UK,Leeds,1.4
0,0.1074846990708215,Do Not Intervene,2458.33,USA,Los Angeles,0.4
0,0.10135841332567747,Do Not Intervene,563.37,Australia,Brisbane,7.9
1,0.8495350889563404,Trigger Retention Campaign (15% Discount),2770.56,USA,Chicago,0.4
0,0.12624918434467403,Do Not Intervene,2624.0,USA,Houston,6.1
1,0.917136848714306,Trigger Retention Campaign (15% Discount),2562.35,India,Mumbai,0.7
1,0.7843426050574603,Trigger Retention Campaign (15% Discount),272.96,Germany,Frankfurt,1.1
0,0.1630948075233528,Do Not Intervene,3528.19,USA,Los Angeles,1.1
0,0.2627520854179323,Do Not Intervene,1515.62,USA,Houston,0.5
1,0.8946047885917484,Trigger Retention Campaign (15% Discount),3232.04,UK,Manchester,0.4
0,0.13310791737051733,Do Not Intervene,262.39,USA,Houston,5.9
1,0.668398697748954,Trigger Retention Campaign (15% Discount),469.07,USA,Houston,1.5
0,0.13019509733803397,Do Not Intervene,1433.02,UK,London,1.2
1,0.7831338062580973,Trigger Retention Campaign (15% Discount),1922.58,Japan,Osaka,1.6
0,0.34583242689897664,Trigger Retention Campaign (15% Discount),426.42,Canada,Vancouver,2.6
0,0.08675191201013373,Do Not Intervene,715.17,France,Nice,0.7
0,0.20609932416029494,Do Not Intervene,897.69,Australia,Adelaide,5.4
1,0.9184249737565224,Trigger Retention Campaign (15% Discount),2516.26,USA,New York,2.2
1,0.9388168826327566,Trigger Retention Campaign (15% Discount),221.81,Japan,Kyoto,2.9
0,0.10413566486667307,Do Not Intervene,1297.64,Canada,Calgary,1.7
0,0.32810033209814654,Trigger Retention Campaign (15% Discount),2888.48,UK,Leeds,3.7
0,0.12834892458432673,Do Not Intervene,1407.39,UK,London,0.9
0,0.13021580656256115,Do Not Intervene,623.5,UK,Leeds,6.1
0,0.1374375033931814,Do Not Intervene,702.59,Japan,Osaka,0.3
1,0.7031745945445081,Trigger Retention Campaign (15% Discount),621.97,Canada,Toronto,1.1
0,0.1533025092463814,Do Not Intervene,1845.08,UK,Leeds,5.3
1,0.8876151047740665,Trigger Retention Campaign (15% Discount),2988.0,UK,Leeds,2.2
0,0.1764951177165657,Do Not Intervene,1449.46,Canada,Vancouver,1.7
1,0.9033408814495734,Trigger Retention Campaign (15% Discount),2322.33,France,Nice,3.1
0,0.4584836658863666,Trigger Retention Campaign (15% Discount),901.39,UK,Birmingham,5.6
0,0.29783279068276114,Trigger Retention Campaign (15% Discount),1308.67,Germany,Berlin,1.6
0,0.12613864354552898,Do Not Intervene,1064.77,Australia,Sydney,2.0
0,0.25607651976686074,Do Not Intervene,950.01,UK,London,1.4
0,0.24755448547470502,Do Not Intervene,1604.36,UK,London,3.9
0,0.4119125560403324,Trigger Retention Campaign (15% Discount),587.57,USA,Los Angeles,3.4
1,0.9185076795680422,Trigger Retention Campaign (15% Discount),548.96,UK,Birmingham,2.9
0,0.45876595410782434,Trigger Retention Campaign (15% Discount),1026.24,France,Toulouse,4.1
0,0.10980353844401551,Do Not Intervene,1120.93,USA,Houston,4.6
0,0.15313082190934904,Do Not Intervene,1457.36,Canada,Toronto,2.6
0,0.7763945781181397,Trigger Retention Campaign (15% Discount),894.06,Australia,Perth,2.6
1,0.8664996228322329,Trigger Retention Campaign (15% Discount),740.53,Germany,Frankfurt,1.8
0,0.14789462721248264,Do Not Intervene,625.98,India,Bangalore,2.1
0,0.11648340124273872,Do Not Intervene,1071.98,USA,New York,1.0
0,0.1211827919751327,Do Not Intervene,2815.4,Germany,Cologne,6.3
0,0.1398251727129566,Do Not Intervene,1283.02,UK,Manchester,1.5
0,0.1448209137932426,Do Not Intervene,1283.14,Canada,Montreal,2.3
0,0.14495094052456886,Do Not Intervene,3585.43,UK,Birmingham,3.1
0,0.2544825400062891,Do Not Intervene,1433.02,Germany,Frankfurt,3.1
0,0.1471371218750484,Do Not Intervene,4652.23,USA,Chicago,3.5
0,0.12563326661056118,Do Not Intervene,1687.19,UK,Manchester,1.7
0,0.2207381492552755,Do Not Intervene,2429.67,Australia,Melbourne,0.7
0,0.2955796258155642,Trigger Retention Campaign (15% Discount),535.24,Canada,Vancouver,0.5
0,0.12950461726499474,Do Not Intervene,1321.61,UK,Manchester,0.9
0,0.22491711498943961,Do Not Intervene,483.22,Japan,Osaka,3.3
1,0.8012372513972115,Trigger Retention Campaign (15% Discount),2105.06,USA,Phoenix,0.5
0,0.277439807242816,Do Not Intervene,1164.35,Germany,Frankfurt,1.6
0,0.4909366533592261,Trigger Retention Campaign (15% Discount),447.58,UK,Leeds,2.0
0,0.4411622613982526,Trigger Retention Campaign (15% Discount),447.11,France,Toulouse,5.2
0,0.09435113745710604,Do Not Intervene,976.95,USA,Phoenix,2.1
0,0.26551947025467365,Do Not Intervene,952.63,USA,Phoenix,7.2
1,0.8528500769508992,Trigger Retention Campaign (15% Discount),1574.84,Japan,Nagoya,1.2
0,0.1239347963189895,Do Not Intervene,834.82,Australia,Perth,0.2
0,0.1510242003028351,Do Not Intervene,731.29,Australia,Brisbane,1.8
1,0.7249917245330372,Trigger Retention Campaign (15% Discount),4792.5,USA,Los Angeles,2.4
1,0.6790426883836348,Trigger Retention Campaign (15% Discount),674.46,France,Marseille,5.4
0,0.1459468610048809,Do Not Intervene,2763.13,USA,Houston,3.3
0,0.22112028207044424,Do Not Intervene,1588.31,USA,New York,1.9
1,0.7971535258833942,Trigger Retention Campaign (15% Discount),442.7,Germany,Hamburg,1.3
1,0.8342376239574507,Trigger Retention Campaign (15% Discount),1927.14,UK,Glasgow,1.5
0,0.1467892915970204,Do Not Intervene,2174.0,India,Hyderabad,0.6
1,0.8415912077425272,Trigger Retention Campaign (15% Discount),2637.33,USA,Houston,0.7
1,0.8806211318947939,Trigger Retention Campaign (15% Discount),2453.66,USA,Houston,2.4
1,0.12094332903438175,Do Not Intervene,928.64,Germany,Frankfurt,5.3
0,0.22636464937228357,Do Not Intervene,739.54,USA,New York,3.7
0,0.4009113513733134,Trigger Retention Campaign (15% Discount),588.66,Canada,Toronto,1.8
0,0.161520931431435,Do Not Intervene,1219.92,UK,Birmingham,0.6
0,0.08019128103560831,Do Not Intervene,983.66,Germany,Munich,4.0
1,0.561224844636887,Trigger Retention Campaign (15% Discount),511.56,UK,Birmingham,4.6
0,0.15509087826403925,Do Not Intervene,2029.46,Japan,Kyoto,5.1
1,0.12715539083311916,Do Not Intervene,1236.27,USA,New York,1.7
1,0.7989982058318005,Trigger Retention Campaign (15% Discount),2125.65,USA,Phoenix,1.2
0,0.18657480902167808,Do Not Intervene,987.03,UK,Glasgow,2.1
0,0.13693770166833238,Do Not Intervene,270.78,Canada,Toronto,1.7
1,0.14822318865366013,Do Not Intervene,521.11,Australia,Perth,3.2
0,0.10638227153014138,Do Not Intervene,1442.98,Australia,Perth,5.9
0,0.38605061895577253,Trigger Retention Campaign (15% Discount),998.05,USA,Houston,2.5
0,0.1872754255649057,Do Not Intervene,1165.74,Australia,Melbourne,10.0
1,0.7329671530794954,Trigger Retention Campaign (15% Discount),1595.36,India,Bangalore,0.3
1,0.8632564827680261,Trigger Retention Campaign (15% Discount),2041.75,Australia,Sydney,5.2
1,0.6243734835964818,Trigger Retention Campaign (15% Discount),112.35,India,Bangalore,3.0
0,0.10353427387720542,Do Not Intervene,644.06,Canada,Calgary,3.0
1,0.9114674914198743,Trigger Retention Campaign (15% Discount),304.05,Canada,Ottawa,4.4
0,0.1160933935114604,Do Not Intervene,1780.54,Australia,Perth,1.5
0,0.09673971225908566,Do Not Intervene,1370.43,USA,Phoenix,2.0
0,0.15693965929811604,Do Not Intervene,1203.64,Japan,Yokohama,0.7
0,0.10324601110059889,Do Not Intervene,1003.99,India,Delhi,1.9
0,0.14350203481416332,Do Not Intervene,1645.27,France,Marseille,4.5
0,0.2988008009599637,Trigger Retention Campaign (15% Discount),1689.36,UK,Manchester,2.3
0,0.1731848350194216,Do Not Intervene,884.13,France,Lyon,0.7
1,0.9018203990721203,Trigger Retention Campaign (15% Discount),1874.63,UK,Leeds,2.3
0,0.13255272267046272,Do Not Intervene,2870.63,Canada,Montreal,6.4
0,0.12803032625053654,Do Not Intervene,715.57,India,Mumbai,1.7
0,0.40714650196300994,Trigger Retention Campaign (15% Discount),446.47,UK,London,3.2
0,0.15138854851931066,Do Not Intervene,656.85,Australia,Perth,3.4
0,0.1228215578024304,Do Not Intervene,4145.46,USA,Houston,1.6
0,0.10583204628564158,Do Not Intervene,1442.4,USA,Phoenix,1.5
0,0.138010715052715,Do Not Intervene,1107.89,France,Toulouse,2.1
0,0.15205983165822995,Do Not Intervene,5079.51,Japan,Osaka,2.7
0,0.19158521925716557,Do Not Intervene,1471.39,Germany,Hamburg,2.5
0,0.3826725415465895,Trigger Retention Campaign (15% Discount),1682.5,India,Mumbai,2.3
0,0.1756672282228595,Do Not Intervene,2953.09,France,Nice,3.6
1,0.7533661154888484,Trigger Retention Campaign (15% Discount),162.01,India,Mumbai,5.1
1,0.6655547952094102,Trigger Retention Campaign (15% Discount),492.91,USA,Los Angeles,4.8
0,0.11995058501272819,Do Not Intervene,1458.13,Australia,Perth,1.5
0,0.1366364557452919,Do Not Intervene,1233.31,USA,Phoenix,3.1
1,0.7102479880211624,Trigger Retention Campaign (15% Discount),679.23,USA,Chicago,4.6
1,0.6945503908827161,Trigger Retention Campaign (15% Discount),154.04,Australia,Brisbane,9.2
0,0.11777018574308226,Do Not Intervene,1432.61,Japan,Nagoya,2.5
0,0.10525238573516708,Do Not Intervene,1843.88,Germany,Hamburg,6.7
0,0.10726964815791976,Do Not Intervene,1416.17,Germany,Munich,0.7
0,0.0769952231616294,Do Not Intervene,891.04,Australia,Perth,2.7
0,0.1366474386636205,Do Not Intervene,3139.46,UK,Manchester,2.6
0,0.12073995978410762,Do Not Intervene,770.78,USA,Houston,5.4
1,0.38460682007549857,Trigger Retention Campaign (15% Discount),1489.25,UK,Birmingham,2.2
0,0.10548966641962601,Do Not Intervene,2015.27,Canada,Calgary,1.8
0,0.18577542369242292,Do Not Intervene,782.2,India,Mumbai,0.9
0,0.39218241452138114,Trigger Retention Campaign (15% Discount),844.83,UK,Leeds,1.5
0,0.10262093848418642,Do Not Intervene,1353.35,Canada,Montreal,6.9
0,0.09202881882519882,Do Not Intervene,1242.81,Japan,Osaka,2.9
0,0.1083306749571313,Do Not Intervene,986.59,Australia,Adelaide,4.3
0,0.09829421621560813,Do Not Intervene,984.19,UK,Manchester,1.8
1,0.931416771889656,Trigger Retention Campaign (15% Discount),2160.26,USA,Houston,2.7
1,0.39711832821279003,Trigger Retention Campaign (15% Discount),1043.51,France,Nice,1.9
0,0.10039639970078973,Do Not Intervene,1329.04,USA,Phoenix,2.8
0,0.12114216462281631,Do Not Intervene,1157.51,USA,New York,4.1
0,0.140772565178157,Do Not Intervene,288.45,France,Toulouse,2.4
1,0.8834915525757612,Trigger Retention Campaign (15% Discount),106.97,Germany,Frankfurt,3.8
0,0.24385448208841903,Do Not Intervene,810.55,USA,New York,0.8
0,0.27270745580507294,Do Not Intervene,1843.11,Canada,Vancouver,0.6
0,0.14486047004749109,Do Not Intervene,2368.64,USA,Chicago,3.4
1,0.38701293728762726,Trigger Retention Campaign (15% Discount),780.15,Australia,Sydney,5.1
0,0.13215076066638567,Do Not Intervene,1700.84,USA,Los Angeles,4.4
0,0.11642054487207362,Do Not Intervene,1111.16,UK,Leeds,1.9
0,0.13617357219781354,Do Not Intervene,825.47,France,Lyon,1.8
0,0.17275503090269737,Do Not Intervene,1624.73,France,Lyon,4.1
0,0.4030845853640709,Trigger Retention Campaign (15% Discount),847.96,Germany,Berlin,3.7
0,0.0954392115035783,Do Not Intervene,1862.61,USA,Phoenix,10.0
1,0.8869189680374957,Trigger Retention Campaign (15% Discount),3002.44,UK,Glasgow,4.9
0,0.07899306218498404,Do Not Intervene,1245.34,USA,New York,0.6
0,0.08873352641889323,Do Not Intervene,1151.2,USA,New York,1.7
1,0.1541888048967249,Do Not Intervene,1749.71,Australia,Brisbane,3.7
0,0.15231796788141982,Do Not Intervene,2681.85,Canada,Vancouver,5.6
0,0.17257584589763794,Do Not Intervene,1650.62,Canada,Ottawa,3.9
0,0.14793605102321022,Do Not Intervene,2770.36,Canada,Calgary,3.7
1,0.1334318525386987,Do Not Intervene,677.73,USA,Phoenix,3.8
1,0.6100113746685334,Trigger Retention Campaign (15% Discount),559.11,India,Delhi,6.1
0,0.09431185822654435,Do Not Intervene,1658.17,Japan,Kyoto,2.8
1,0.25822568417225095,Do Not Intervene,845.7,France,Toulouse,0.6
0,0.15142031287486632,Do Not Intervene,1170.84,Canada,Toronto,1.8
0,0.11159167819564575,Do Not Intervene,1504.94,Japan,Yokohama,3.0
0,0.11926240541695934,Do Not Intervene,1667.39,USA,Chicago,5.7
0,0.1424216778886601,Do Not Intervene,1541.04,Canada,Montreal,1.7
0,0.21307460834043065,Do Not Intervene,2891.87,Canada,Calgary,1.7
1,0.8870067950735465,Trigger Retention Campaign (15% Discount),3568.77,Canada,Ottawa,1.4
0,0.12310861808646895,Do Not Intervene,3545.6,Canada,Montreal,2.5
0,0.1276206726795554,Do Not Intervene,799.87,USA,Houston,1.3
0,0.1519968936962738,Do Not Intervene,1290.92,Canada,Montreal,2.2
0,0.11838477462875802,Do Not Intervene,715.81,France,Toulouse,5.9
0,0.2247733911233354,Do Not Intervene,417.59,UK,Leeds,3.0
0,0.0945861387923068,Do Not Intervene,1699.48,USA,Chicago,1.9
0,0.17490679104707865,Do Not Intervene,2171.08,France,Lyon,0.6
1,0.7716386208526422,Trigger Retention Campaign (15% Discount),1725.76,USA,New York,4.4
0,0.15128316798367497,Do Not Intervene,835.47,Canada,Montreal,4.1
0,0.09838549221800667,Do Not Intervene,1225.67,Japan,Yokohama,3.3
0,0.10350159130629542,Do Not Intervene,785.47,USA,New York,4.5
0,0.4859121777083066,Trigger Retention Campaign (15% Discount),485.93,USA,Houston,1.2
0,0.12914188155463727,Do Not Intervene,1144.36,Japan,Tokyo,1.1
0,0.11077727627138537,Do Not Intervene,1314.89,France,Paris,3.3
0,0.12069628610153274,Do Not Intervene,4684.74,USA,Chicago,1.9
1,0.880473670311363,Trigger Retention Campaign (15% Discount),1701.49,USA,New York,0.5
1,0.651397414155992,Trigger Retention Campaign (15% Discount),1170.18,USA,New York,0.5
0,0.09702338326544968,Do Not Intervene,943.03,Canada,Vancouver,1.9
1,0.7197558648549613,Trigger Retention Campaign (15% Discount),674.29,France,Marseille,1.5
0,0.16374649999856317,Do Not Intervene,1668.16,USA,Phoenix,5.0
0,0.15447563227701674,Do Not Intervene,759.44,USA,New York,5.6
1,0.47546266446901514,Trigger Retention Campaign (15% Discount),529.96,UK,Birmingham,1.1
0,0.13726944744023734,Do Not Intervene,1340.07,USA,Chicago,4.4
1,0.7695710555785651,Trigger Retention Campaign (15% Discount),488.46,UK,Glasgow,2.5
1,0.7834134348883032,Trigger Retention Campaign (15% Discount),618.33,USA,New York,1.6
1,0.8828575505320156,Trigger Retention Campaign (15% Discount),2088.58,USA,Houston,4.6
1,0.14992334950599753,Do Not Intervene,1451.58,India,Mumbai,2.8
0,0.08721585930235898,Do Not Intervene,852.39,Canada,Ottawa,3.6
0,0.22881234370674602,Do Not Intervene,648.68,UK,Birmingham,1.6
0,0.3352929756105121,Trigger Retention Campaign (15% Discount),687.2,Germany,Cologne,3.1
1,0.8488659481179321,Trigger Retention Campaign (15% Discount),478.91,Australia,Perth,0.8
0,0.164136354540294,Do Not Intervene,1148.21,USA,New York,2.9
0,0.11773590792351567,Do Not Intervene,2976.68,USA,Houston,3.3
0,0.45823280583572495,Trigger Retention Campaign (15% Discount),628.34,France,Lyon,0.7
0,0.21022743307552683,Do Not Intervene,580.84,Australia,Perth,4.3
0,0.356196864242317,Trigger Retention Campaign (15% Discount),814.54,UK,Leeds,0.6
1,0.5377249643293408,Trigger Retention Campaign (15% Discount),761.72,USA,Chicago,4.0
0,0.3365455017103121,Trigger Retention Campaign (15% Discount),948.3,Canada,Calgary,2.0
1,0.544902384511198,Trigger Retention Campaign (15% Discount),327.97,Canada,Ottawa,7.5
0,0.11409879484563955,Do Not Intervene,681.94,USA,New York,3.3
0,0.26814761008681326,Do Not Intervene,1063.94,USA,Chicago,7.1
0,0.16351703522963779,Do Not Intervene,888.63,USA,Chicago,2.6
1,0.9480890904357708,Trigger Retention Campaign (15% Discount),2210.43,Australia,Adelaide,2.8
0,0.20444582519964583,Do Not Intervene,924.83,USA,Phoenix,1.9
1,0.8473315203994066,Trigger Retention Campaign (15% Discount),1926.38,France,Marseille,3.3
0,0.17886948688058674,Do Not Intervene,730.13,USA,Los Angeles,4.2
1,0.4289447028780735,Trigger Retention Campaign (15% Discount),1291.0,Canada,Toronto,1.2
0,0.4093700815056101,Trigger Retention Campaign (15% Discount),1270.84,France,Marseille,3.3
0,0.2141406352823638,Do Not Intervene,704.37,USA,Chicago,2.6
0,0.15291045156048258,Do Not Intervene,1335.93,France,Lyon,4.2
1,0.9084313580184034,Trigger Retention Campaign (15% Discount),3051.44,France,Nice,2.0
0,0.16092365780134024,Do Not Intervene,1280.83,India,Mumbai,3.7
1,0.8522979836120959,Trigger Retention Campaign (15% Discount),2837.9,Germany,Frankfurt,10.0
0,0.10029980540027816,Do Not Intervene,878.26,India,Bangalore,1.7
0,0.49014790764308375,Trigger Retention Campaign (15% Discount),872.28,USA,Phoenix,5.4
0,0.1346383265013668,Do Not Intervene,1201.46,Japan,Nagoya,1.3
0,0.08996035810638682,Do Not Intervene,1024.28,Canada,Calgary,0.7
1,0.8267118663582953,Trigger Retention Campaign (15% Discount),307.39,France,Lyon,3.0
1,0.7938290364686624,Trigger Retention Campaign (15% Discount),277.83,France,Nice,0.7
0,0.2597576207644192,Do Not Intervene,511.46,India,Delhi,1.3
0,0.1215869594135344,Do Not Intervene,1111.47,Australia,Adelaide,5.8
1,0.2710169547705863,Do Not Intervene,281.12,USA,Houston,4.3
0,0.1486901240416239,Do Not Intervene,2159.48,India,Chennai,1.9
1,0.6644174647135561,Trigger Retention Campaign (15% Discount),222.38,Australia,Perth,4.4
1,0.8874547242773541,Trigger Retention Campaign (15% Discount),2142.61,USA,Los Angeles,4.3
1,0.616711492562191,Trigger Retention Campaign (15% Discount),534.69,UK,Manchester,1.3
0,0.10195217503842048,Do Not Intervene,1634.01,UK,Glasgow,0.2
0,0.11293998973906273,Do Not Intervene,1411.86,Germany,Munich,1.7
0,0.2568562051621533,Do Not Intervene,6508.72,Australia,Sydney,10.0
1,0.7357637175492395,Trigger Retention Campaign (15% Discount),1148.3,UK,Glasgow,2.7
0,0.08542238476465008,Do Not Intervene,869.21,Japan,Nagoya,6.9
0,0.14409722450240092,Do Not Intervene,1415.13,Japan,Kyoto,2.2
1,0.8487740905775119,Trigger Retention Campaign (15% Discount),349.21,Canada,Toronto,0.4
0,0.05475994821752706,Do Not Intervene,900.23,USA,Houston,5.1
0,0.12034141942586891,Do Not Intervene,706.71,Australia,Sydney,2.1
0,0.11022734651938336,Do Not Intervene,1400.07,France,Paris,3.2
0,0.3353826745228104,Trigger Retention Campaign (15% Discount),1174.55,USA,Los Angeles,0.8
1,0.6576331474825075,Trigger Retention Campaign (15% Discount),557.02,Japan,Kyoto,0.8
0,0.11695773993750024,Do Not Intervene,752.33,Australia,Brisbane,1.6
1,0.9220720527376146,Trigger Retention Campaign (15% Discount),2316.55,USA,Phoenix,5.5
0,0.10030715009726843,Do Not Intervene,3110.91,Canada,Calgary,8.2
0,0.31727853499356273,Trigger Retention Campaign (15% Discount),982.53,UK,Birmingham,5.7
0,0.11729833408411666,Do Not Intervene,2105.37,USA,Los Angeles,1.2
0,0.3054515352942848,Trigger Retention Campaign (15% Discount),3698.46,Japan,Nagoya,4.3
0,0.12467962942891654,Do Not Intervene,1408.44,Canada,Vancouver,2.3
0,0.6235348472926325,Trigger Retention Campaign (15% Discount),575.75,USA,Houston,1.6
0,0.09452141367605363,Do Not Intervene,929.68,USA,Los Angeles,0.3
1,0.12063092572202035,Do Not Intervene,1291.77,India,Chennai,3.0
0,0.30888741557796734,Trigger Retention Campaign (15% Discount),981.16,USA,Chicago,2.7
0,0.17546702144392762,Do Not Intervene,1890.5,UK,London,1.1
1,0.7167045411137356,Trigger Retention Campaign (15% Discount),692.21,UK,Birmingham,2.8
0,0.2374650794864242,Do Not Intervene,1612.46,UK,London,4.4
0,0.26423171579037213,Do Not Intervene,1527.36,Canada,Toronto,1.4
0,0.3610613272900684,Trigger Retention Campaign (15% Discount),585.18,Japan,Osaka,4.0
0,0.1040883423406461,Do Not Intervene,766.04,USA,Houston,1.6
0,0.35503449175361623,Trigger Retention Campaign (15% Discount),482.7,India,Delhi,5.4
0,0.1609497983732524,Do Not Intervene,1630.55,Canada,Ottawa,1.9
1,0.2905047016471901,Trigger Retention Campaign (15% Discount),2217.13,USA,New York,2.9
0,0.23000766474051562,Do Not Intervene,1427.28,USA,Houston,2.7
0,0.24801719555993557,Do Not Intervene,2923.38,USA,Houston,1.3
0,0.3216301604413277,Trigger Retention Campaign (15% Discount),440.74,Japan,Tokyo,2.0
0,0.1544949029071678,Do Not Intervene,2188.3,Australia,Sydney,4.1
0,0.45113286013547266,Trigger Retention Campaign (15% Discount),709.53,USA,Los Angeles,4.6
0,0.10199611713079779,Do Not Intervene,1756.6,Canada,Vancouver,1.2
0,0.08026051811294561,Do Not Intervene,1188.4,USA,Chicago,4.5
0,0.5685433200222619,Trigger Retention Campaign (15% Discount),746.95,USA,Phoenix,0.3
1,0.5843417516115295,Trigger Retention Campaign (15% Discount),1193.84,USA,Los Angeles,1.3
0,0.2522462588870276,Do Not Intervene,1035.94,Germany,Frankfurt,3.4
1,0.7953195201302531,Trigger Retention Campaign (15% Discount),2215.38,Australia,Brisbane,5.1
1,0.22062776167561743,Do Not Intervene,545.73,USA,Houston,2.5
0,0.165468283276341,Do Not Intervene,3082.36,France,Nice,6.8
0,0.1445804233172565,Do Not Intervene,694.74,USA,Phoenix,3.1
1,0.8065929473977169,Trigger Retention Campaign (15% Discount),746.48,Australia,Adelaide,4.3
0,0.4706308397016427,Trigger Retention Campaign (15% Discount),130.99,UK,Birmingham,0.8
0,0.17244095879451302,Do Not Intervene,2008.93,Australia,Brisbane,2.9
1,0.4767745654667578,Trigger Retention Campaign (15% Discount),1218.1,Australia,Adelaide,1.1
0,0.11669030989806917,Do Not Intervene,1330.2,USA,Los Angeles,7.4
0,0.18106272513480526,Do Not Intervene,1316.31,UK,Glasgow,5.2
0,0.24714481137445687,Do Not Intervene,2765.42,UK,Glasgow,2.6
0,0.14275527029171334,Do Not Intervene,1686.96,Japan,Nagoya,5.3
0,0.22080183391662378,Do Not Intervene,825.73,Australia,Brisbane,2.5
1,0.895905814140933,Trigger Retention Campaign (15% Discount),2188.37,USA,Phoenix,3.1
0,0.1334991640102099,Do Not Intervene,1237.91,USA,Houston,3.6
0,0.11809431617164033,Do Not Intervene,988.1,Japan,Osaka,0.2
1,0.15156258116445268,Do Not Intervene,773.68,USA,Los Angeles,5.8
1,0.10313811474568144,Do Not Intervene,1584.64,Japan,Yokohama,7.0
0,0.10029202763935383,Do Not Intervene,655.76,Canada,Ottawa,3.3
0,0.10131215611471556,Do Not Intervene,1454.93,USA,Los Angeles,2.2
1,0.29644888353227833,Trigger Retention Campaign (15% Discount),1036.66,Germany,Munich,1.4
0,0.23644612015467545,Do Not Intervene,1042.83,France,Lyon,3.4
0,0.11246580230615179,Do Not Intervene,1210.8,USA,Los Angeles,4.0
1,0.7689947227312993,Trigger Retention Campaign (15% Discount),1132.73,UK,Glasgow,3.2
0,0.19625734780497342,Do Not Intervene,3176.45,UK,London,2.7
0,0.1085321783449705,Do Not Intervene,1243.38,UK,Birmingham,1.7
1,0.9344073642714705,Trigger Retention Campaign (15% Discount),2559.85,India,Bangalore,4.4
0,0.19366270858915338,Do Not Intervene,1177.97,India,Hyderabad,2.5
1,0.8960359441607646,Trigger Retention Campaign (15% Discount),1877.57,Canada,Calgary,1.8
0,0.17789036318654983,Do Not Intervene,1192.41,France,Marseille,1.3
0,0.07612527848836334,Do Not Intervene,652.38,UK,Birmingham,2.3
0,0.09803842593162074,Do Not Intervene,1937.43,USA,Phoenix,4.5
1,0.17997745283763183,Do Not Intervene,1911.05,Germany,Munich,6.3
0,0.19001013295108482,Do Not Intervene,771.1,Australia,Adelaide,2.2
0,0.12303705147537826,Do Not Intervene,1268.05,USA,New York,0.8
0,0.13569793422652138,Do Not Intervene,1346.41,USA,New York,1.9
0,0.21098757064091644,Do Not Intervene,1047.88,UK,Manchester,2.4
0,0.10082847570214681,Do Not Intervene,2047.51,France,Paris,1.9
0,0.16686938326211556,Do Not Intervene,1553.39,Germany,Berlin,4.8
1,0.8216670456287329,Trigger Retention Campaign (15% Discount),1679.72,Japan,Nagoya,1.7
1,0.5630584712686935,Trigger Retention Campaign (15% Discount),1299.93,Australia,Perth,3.8
1,0.3456861256480417,Trigger Retention Campaign (15% Discount),277.91,Germany,Berlin,1.9
0,0.17639216401173788,Do Not Intervene,747.53,India,Mumbai,4.7
1,0.9038008256389729,Trigger Retention Campaign (15% Discount),2252.88,Japan,Kyoto,1.1
0,0.14068154006143088,Do Not Intervene,367.5,USA,Los Angeles,7.6
0,0.1006480816997181,Do Not Intervene,1309.49,USA,Houston,3.6
1,0.6333540505665658,Trigger Retention Campaign (15% Discount),712.72,India,Delhi,2.4
0,0.35384406205518737,Trigger Retention Campaign (15% Discount),241.03,USA,New York,3.8
0,0.13383868845770308,Do Not Intervene,1629.12,Japan,Yokohama,4.7
1,0.8257310083263754,Trigger Retention Campaign (15% Discount),504.04,USA,Chicago,3.9
0,0.11923501359393987,Do Not Intervene,1477.84,Canada,Toronto,7.2
0,0.5693150750047444,Trigger Retention Campaign (15% Discount),526.91,Australia,Sydney,7.6
0,0.10491541165114673,Do Not Intervene,1445.91,USA,Phoenix,1.4
0,0.09350319344507504,Do Not Intervene,938.88,USA,Los Angeles,2.6
0,0.1267682408464757,Do Not Intervene,943.91,USA,Houston,6.8
1,0.9108928566737399,Trigger Retention Campaign (15% Discount),1893.85,Canada,Toronto,7.2
0,0.1766634150238346,Do Not Intervene,1789.61,Germany,Munich,1.3
0,0.2100049243351698,Do Not Intervene,1800.5,Japan,Tokyo,4.8
0,0.3770614885053532,Trigger Retention Campaign (15% Discount),646.2,Canada,Ottawa,4.9
1,0.7367156250313914,Trigger Retention Campaign (15% Discount),463.79,USA,Chicago,2.5
0,0.12164196052165104,Do Not Intervene,1586.33,USA,New York,4.5
0,0.13269662702742102,Do Not Intervene,1177.23,UK,London,2.2
0,0.16543626434134887,Do Not Intervene,1423.17,USA,Houston,1.8
0,0.07569741408619539,Do Not Intervene,1220.01,India,Hyderabad,0.5
0,0.2547235779641268,Do Not Intervene,961.57,Germany,Berlin,2.9
0,0.1814749039433205,Do Not Intervene,1750.38,USA,Houston,3.9
0,0.1389806212074885,Do Not Intervene,1887.99,UK,Manchester,1.7
1,0.17428129322936375,Do Not Intervene,1385.32,UK,Glasgow,1.7
1,0.6432815884902853,Trigger Retention Campaign (15% Discount),471.73,Germany,Frankfurt,1.9
0,0.1773045886257869,Do Not Intervene,1993.81,USA,New York,1.6
0,0.13217351645229247,Do Not Intervene,1450.5,France,Marseille,6.0
0,0.11873150025303042,Do Not Intervene,1258.4,USA,Houston,2.1
0,0.11975112714631057,Do Not Intervene,1472.99,USA,Phoenix,3.2
1,0.5540796466351956,Trigger Retention Campaign (15% Discount),850.34,Germany,Cologne,7.2
0,0.17809222113650502,Do Not Intervene,1263.04,Germany,Cologne,3.5
0,0.12308412586661055,Do Not Intervene,1328.68,USA,New York,6.3
0,0.3535339756047865,Trigger Retention Campaign (15% Discount),1175.99,India,Mumbai,1.0
1,0.7983531342225334,Trigger Retention Campaign (15% Discount),942.1,USA,New York,1.7
0,0.17676337736694467,Do Not Intervene,564.75,Canada,Toronto,2.5
0,0.26667258558934875,Do Not Intervene,1350.57,UK,Leeds,0.7
0,0.17011104800281612,Do Not Intervene,1356.62,USA,Chicago,0.3
1,0.9463359635223298,Trigger Retention Campaign (15% Discount),2450.99,USA,Phoenix,2.3
0,0.22083124722365732,Do Not Intervene,2302.54,UK,Manchester,1.2
0,0.11864752189901685,Do Not Intervene,2433.17,France,Paris,5.9
1,0.5980267217246762,Trigger Retention Campaign (15% Discount),490.94,USA,Phoenix,1.6
0,0.09747621702590886,Do Not Intervene,1688.69,Canada,Vancouver,1.1
0,0.22527935940933005,Do Not Intervene,149.69,UK,London,2.7
0,0.14707391773508283,Do Not Intervene,3346.98,Germany,Cologne,3.3
0,0.11565985992680926,Do Not Intervene,1164.76,USA,Phoenix,1.5
1,0.6389431140834082,Trigger Retention Campaign (15% Discount),1099.51,Japan,Yokohama,2.2
0,0.39725812935063215,Trigger Retention Campaign (15% Discount),170.42,USA,Phoenix,1.8
0,0.27991200420104845,Trigger Retention Campaign (15% Discount),1745.3,UK,Leeds,6.5
0,0.11484840619621188,Do Not Intervene,712.06,USA,Phoenix,0.7
0,0.13475764118809797,Do Not Intervene,2649.2,USA,Los Angeles,2.6
0,0.1997405216281595,Do Not Intervene,3909.09,USA,New York,3.6
0,0.2133833270798282,Do Not Intervene,777.02,USA,Los Angeles,2.7
0,0.1423298476193429,Do Not Intervene,1310.94,USA,Los Angeles,9.3
0,0.41700582283294524,Trigger Retention Campaign (15% Discount),818.31,France,Toulouse,2.0
0,0.15026788677368685,Do Not Intervene,2249.34,France,Nice,3.5
0,0.10166219393805881,Do Not Intervene,1271.33,Australia,Brisbane,1.3
0,0.32795357693392163,Trigger Retention Campaign (15% Discount),998.64,France,Nice,0.9
1,0.8101933865678158,Trigger Retention Campaign (15% Discount),2148.35,France,Toulouse,5.5
0,0.16149673650251098,Do Not Intervene,1876.23,Germany,Hamburg,5.2
0,0.27937132936662845,Do Not Intervene,678.92,USA,Los Angeles,3.9
0,0.20318094373815954,Do Not Intervene,916.53,Japan,Tokyo,3.5
0,0.14403268595079052,Do Not Intervene,2868.9,USA,New York,3.5
1,0.8044253063039045,Trigger Retention Campaign (15% Discount),372.38,UK,London,1.2
0,0.11882481458448454,Do Not Intervene,1222.89,India,Chennai,0.5
1,0.6733749224089601,Trigger Retention Campaign (15% Discount),2360.71,UK,London,1.5
0,0.11022994376915791,Do Not Intervene,1354.31,USA,Chicago,3.3
0,0.16061099588429045,Do Not Intervene,1380.94,Japan,Nagoya,1.7
1,0.7888995389746859,Trigger Retention Campaign (15% Discount),2064.64,India,Mumbai,0.5
1,0.8779042525897647,Trigger Retention Campaign (15% Discount),2617.8,India,Bangalore,6.9
0,0.12872571026797236,Do Not Intervene,1834.02,USA,Phoenix,2.9
1,0.7358673800079094,Trigger Retention Campaign (15% Discount),1906.47,Canada,Ottawa,3.5
1,0.660664985530107,Trigger Retention Campaign (15% Discount),631.91,Canada,Ottawa,3.5
0,0.12915511092873497,Do Not Intervene,912.03,USA,Phoenix,2.2
0,0.09047903574237275,Do Not Intervene,1452.2,Germany,Munich,0.4
0,0.3350858827783823,Trigger Retention Campaign (15% Discount),662.63,Australia,Perth,0.2
0,0.32415366984349303,Trigger Retention Campaign (15% Discount),1063.86,France,Toulouse,1.6
0,0.2732697660230403,Do Not Intervene,1636.35,Australia,Melbourne,5.1
0,0.1478243949009177,Do Not Intervene,1009.59,UK,Glasgow,2.2
0,0.12375509465216789,Do Not Intervene,972.13,Australia,Brisbane,1.3
1,0.6377307660020588,Trigger Retention Campaign (15% Discount),772.38,Australia,Perth,2.8
0,0.19097701565722097,Do Not Intervene,1495.62,Canada,Calgary,1.4
0,0.1284020624817453,Do Not Intervene,1070.85,USA,Houston,1.6
0,0.31737796705775273,Trigger Retention Campaign (15% Discount),955.7,UK,Leeds,0.4
1,0.3113918139826633,Trigger Retention Campaign (15% Discount),1242.63,UK,Glasgow,2.6
0,0.19180846751932568,Do Not Intervene,1145.88,India,Mumbai,0.9
1,0.9079156850086092,Trigger Retention Campaign (15% Discount),2318.65,USA,New York,5.5
0,0.13729624722901634,Do Not Intervene,682.13,India,Chennai,2.6
0,0.11528073046977096,Do Not Intervene,2226.4,USA,Chicago,6.7
0,0.6002101948581656,Trigger Retention Campaign (15% Discount),1632.65,USA,Houston,0.9
0,0.1006645146939426,Do Not Intervene,950.88,Japan,Kyoto,1.2
0,0.18687778618250717,Do Not Intervene,1851.69,Canada,Calgary,1.4
0,0.1052879093709779,Do Not Intervene,788.64,USA,Los Angeles,1.9
0,0.13437864404732835,Do Not Intervene,3449.66,UK,Glasgow,1.6
0,0.20904906242707522,Do Not Intervene,406.28,USA,Phoenix,4.6
0,0.24863923707928923,Do Not Intervene,1452.03,UK,London,2.9
0,0.3084066529263244,Trigger Retention Campaign (15% Discount),1497.18,USA,Houston,4.1
0,0.16114448546596305,Do Not Intervene,1853.92,Japan,Kyoto,2.4
0,0.09764449903465326,Do Not Intervene,1100.56,Canada,Toronto,2.1
0,0.10312463051482432,Do Not Intervene,1172.99,India,Hyderabad,3.8
1,0.9082720793024822,Trigger Retention Campaign (15% Discount),5139.22,USA,Houston,3.5
1,0.583443767707209,Trigger Retention Campaign (15% Discount),529.14,Japan,Yokohama,0.6
0,0.09489450958167639,Do Not Intervene,1511.01,USA,Houston,1.7
1,0.46611867173711885,Trigger Retention Campaign (15% Discount),928.83,USA,Phoenix,4.0
0,0.1563075724205419,Do Not Intervene,1373.54,USA,New York,5.9
0,0.18309737033424323,Do Not Intervene,2281.85,Australia,Melbourne,0.8
0,0.24155694876175693,Do Not Intervene,863.32,India,Bangalore,4.6
1,0.9038241014713791,Trigger Retention Campaign (15% Discount),0.0,Canada,Montreal,5.5
0,0.08644273622996815,Do Not Intervene,699.13,Germany,Berlin,1.2
1,0.4558700340500152,Trigger Retention Campaign (15% Discount),999.31,Canada,Toronto,5.4
0,0.16057376290570324,Do Not Intervene,1107.02,USA,Chicago,3.2
1,0.6431716400244877,Trigger Retention Campaign (15% Discount),892.95,Canada,Ottawa,2.7
1,0.8065343592982537,Trigger Retention Campaign (15% Discount),371.65,UK,Birmingham,1.5
0,0.12853660419412793,Do Not Intervene,1847.23,France,Lyon,2.5
0,0.1240286659766209,Do Not Intervene,1980.5,Germany,Frankfurt,2.4
0,0.22242649534400374,Do Not Intervene,2523.25,USA,Los Angeles,6.1
0,0.5985995667709417,Trigger Retention Campaign (15% Discount),473.81,Germany,Berlin,6.5
1,0.7153269133184648,Trigger Retention Campaign (15% Discount),239.71,Canada,Calgary,1.2
0,0.20430772471375583,Do Not Intervene,947.15,India,Chennai,0.4
0,0.14756564139882694,Do Not Intervene,2090.74,UK,Manchester,3.5
1,0.8148576109841582,Trigger Retention Campaign (15% Discount),868.84,USA,Los Angeles,2.6
0,0.1372385196301987,Do Not Intervene,1241.33,UK,Manchester,1.8
0,0.16841370606417608,Do Not Intervene,1425.73,Germany,Cologne,0.5
1,0.899807842432536,Trigger Retention Campaign (15% Discount),3993.78,France,Toulouse,0.4
1,0.7418819365937749,Trigger Retention Campaign (15% Discount),688.07,France,Toulouse,1.4
0,0.22128816328562734,Do Not Intervene,1006.46,Germany,Cologne,0.8
0,0.09028736370587588,Do Not Intervene,1211.62,UK,Manchester,2.4
1,0.1003510159698412,Do Not Intervene,1333.49,France,Marseille,3.9
0,0.16198220499685567,Do Not Intervene,1440.73,Germany,Frankfurt,4.1
1,0.7888819427589853,Trigger Retention Campaign (15% Discount),983.22,USA,New York,0.8
1,0.7834041421967775,Trigger Retention Campaign (15% Discount),2830.16,France,Lyon,2.4
1,0.7604111846673437,Trigger Retention Campaign (15% Discount),517.92,UK,Glasgow,7.8
1,0.5522252858061565,Trigger Retention Campaign (15% Discount),293.42,UK,Glasgow,4.4
0,0.11880172780436034,Do Not Intervene,2350.38,USA,New York,6.9
1,0.738050298452632,Trigger Retention Campaign (15% Discount),1224.82,UK,Birmingham,2.0
0,0.23046824980059116,Do Not Intervene,2640.98,Canada,Toronto,2.5
0,0.10436175114342246,Do Not Intervene,1834.24,Canada,Toronto,2.7
0,0.15665118750503315,Do Not Intervene,5918.89,USA,New York,1.3
1,0.3997019378289896,Trigger Retention Campaign (15% Discount),727.91,Canada,Montreal,1.6
1,0.7456479729667764,Trigger Retention Campaign (15% Discount),1947.06,Australia,Adelaide,7.8
0,0.16080945988723422,Do Not Intervene,682.47,France,Marseille,0.2
0,0.11901761755808833,Do Not Intervene,1363.78,USA,Chicago,3.6
1,0.9531224928342857,Trigger Retention Campaign (15% Discount),2902.74,Germany,Berlin,4.6
0,0.35687701675492384,Trigger Retention Campaign (15% Discount),921.17,USA,Phoenix,4.9
0,0.12853832475260532,Do Not Intervene,1217.44,France,Nice,1.3
1,0.6925193284375569,Trigger Retention Campaign (15% Discount),2146.76,USA,Chicago,2.2
0,0.11861381656932445,Do Not Intervene,1740.37,Australia,Perth,1.0
0,0.09459236119217199,Do Not Intervene,1696.72,USA,New York,4.1
0,0.08962600511551398,Do Not Intervene,983.87,Germany,Berlin,4.2
0,0.3927797220548212,Trigger Retention Campaign (15% Discount),1038.92,USA,Phoenix,0.6
0,0.13274565982851314,Do Not Intervene,1521.37,USA,New York,3.5
1,0.4958666134976176,Trigger Retention Campaign (15% Discount),1172.88,UK,Glasgow,3.8
0,0.4156053470988391,Trigger Retention Campaign (15% Discount),1846.05,India,Hyderabad,4.2
0,0.11808414646344742,Do Not Intervene,1300.81,USA,Los Angeles,1.1
0,0.11883475283169999,Do Not Intervene,1150.83,India,Hyderabad,1.6
0,0.36716640124400607,Trigger Retention Campaign (15% Discount),231.08,USA,Houston,0.6
0,0.2376134991033706,Do Not Intervene,913.57,Canada,Montreal,1.3
0,0.11441318565031681,Do Not Intervene,1452.51,USA,Los Angeles,2.9
0,0.26899116259604045,Do Not Intervene,3440.0,USA,Phoenix,0.7
0,0.416971120216764,Trigger Retention Campaign (15% Discount),568.5,USA,New York,1.1
0,0.6131045022825269,Trigger Retention Campaign (15% Discount),920.78,USA,New York,6.8
1,0.7931779026076583,Trigger Retention Campaign (15% Discount),3992.98,UK,Leeds,2.8
0,0.14095033120246778,Do Not Intervene,953.72,Germany,Munich,5.2
0,0.1740698207047865,Do Not Intervene,833.8,Germany,Berlin,0.4
0,0.18429288538593133,Do Not Intervene,1962.67,USA,Chicago,0.7
0,0.134681198663273,Do Not Intervene,2491.82,UK,London,1.5
1,0.9535070635320051,Trigger Retention Campaign (15% Discount),390.43,USA,Houston,3.1
1,0.9430999018200953,Trigger Retention Campaign (15% Discount),3285.85,Canada,Calgary,2.7
0,0.5907404870608344,Trigger Retention Campaign (15% Discount),1266.88,India,Delhi,1.4
0,0.11382016892749633,Do Not Intervene,1526.72,France,Paris,1.3
1,0.45672459918688807,Trigger Retention Campaign (15% Discount),671.05,UK,Manchester,4.5
0,0.11499910765348785,Do Not Intervene,1360.33,Canada,Calgary,0.9
1,0.7323109655846761,Trigger Retention Campaign (15% Discount),666.71,Canada,Montreal,4.6
0,0.0925957463998127,Do Not Intervene,918.22,Canada,Calgary,7.2
1,0.7165707025516203,Trigger Retention Campaign (15% Discount),399.05,USA,New York,4.1
0,0.48776275750800235,Trigger Retention Campaign (15% Discount),1412.18,Australia,Sydney,0.8
0,0.1674248030226656,Do Not Intervene,3204.49,UK,Leeds,1.9
0,0.1313822303958962,Do Not Intervene,1254.29,USA,Chicago,6.6
0,0.24508292889705477,Do Not Intervene,1895.52,Canada,Ottawa,0.3
0,0.15148415483323588,Do Not Intervene,1750.51,USA,New York,4.2
0,0.10617747910484193,Do Not Intervene,781.39,UK,Glasgow,2.6
0,0.25147520695682735,Do Not Intervene,908.67,USA,Houston,7.0
0,0.07639731896980305,Do Not Intervene,1573.33,USA,Phoenix,1.4
0,0.11909184566687178,Do Not Intervene,1526.21,Australia,Perth,0.4
0,0.10012237810841818,Do Not Intervene,1007.22,USA,Chicago,7.2
0,0.21636886753038553,Do Not Intervene,2087.25,Canada,Toronto,0.8
1,0.4120152487444536,Trigger Retention Campaign (15% Discount),1163.82,India,Delhi,3.8
0,0.09672255030412144,Do Not Intervene,845.36,USA,New York,5.1
0,0.219655130122894,Do Not Intervene,2187.73,Canada,Vancouver,3.5
0,0.11229590810918197,Do Not Intervene,1508.62,USA,Houston,3.4
0,0.15893904310678886,Do Not Intervene,854.99,USA,New York,3.5
0,0.09481521803458437,Do Not Intervene,1824.53,Canada,Calgary,3.1
0,0.38861807601971293,Trigger Retention Campaign (15% Discount),897.21,UK,London,0.7
1,0.8441739747104708,Trigger Retention Campaign (15% Discount),3275.92,Canada,Calgary,3.5
1,0.6382277025672591,Trigger Retention Campaign (15% Discount),1296.65,Canada,Calgary,1.4
1,0.37077266143547916,Trigger Retention Campaign (15% Discount),517.75,Canada,Toronto,2.5
0,0.09339265104410568,Do Not Intervene,568.01,UK,Manchester,4.2
0,0.18803545085926968,Do Not Intervene,568.4,UK,London,1.5
0,0.27085499129869844,Do Not Intervene,1722.54,USA,Chicago,2.9
0,0.1661721581139344,Do Not Intervene,1748.3,India,Bangalore,3.6
0,0.13357460667540977,Do Not Intervene,589.9,Germany,Cologne,0.4
0,0.3579016317367433,Trigger Retention Campaign (15% Discount),720.06,USA,New York,3.9
0,0.11508469529771953,Do Not Intervene,1531.87,Australia,Perth,1.5
0,0.14254194568021916,Do Not Intervene,1168.29,USA,Chicago,1.2
0,0.8646529894512244,Trigger Retention Campaign (15% Discount),1183.63,UK,Leeds,2.4
0,0.1181980023126841,Do Not Intervene,2810.38,France,Toulouse,5.8
0,0.13036201882747053,Do Not Intervene,2804.67,UK,London,3.8
0,0.6328150386110231,Trigger Retention Campaign (15% Discount),405.03,India,Chennai,2.0
0,0.22425126280119445,Do Not Intervene,1742.61,Canada,Vancouver,2.9
0,0.17889179268628752,Do Not Intervene,967.65,USA,Chicago,2.4
1,0.6822358473918865,Trigger Retention Campaign (15% Discount),861.95,India,Mumbai,4.6
0,0.08324901565877559,Do Not Intervene,1784.19,USA,Phoenix,1.4
0,0.12563819788089037,Do Not Intervene,483.92,USA,Los Angeles,2.7
0,0.31374043135167773,Trigger Retention Campaign (15% Discount),681.56,Germany,Hamburg,6.3
1,0.8721305832956092,Trigger Retention Campaign (15% Discount),2299.95,France,Paris,5.1
1,0.464752373227759,Trigger Retention Campaign (15% Discount),432.82,UK,Leeds,4.1
0,0.11348209293967301,Do Not Intervene,1330.61,India,Bangalore,2.4
1,0.9416362255188091,Trigger Retention Campaign (15% Discount),2291.47,Germany,Berlin,3.8
1,0.2016164349284028,Do Not Intervene,760.45,UK,Glasgow,4.4
0,0.29556111036825383,Trigger Retention Campaign (15% Discount),2202.76,Germany,Frankfurt,0.9
1,0.14310394436408047,Do Not Intervene,922.93,Canada,Toronto,1.0
0,0.12151172172652598,Do Not Intervene,2893.81,UK,London,3.2
0,0.14150224213683138,Do Not Intervene,2216.66,UK,London,2.7
1,0.9790553313142856,Trigger Retention Campaign (15% Discount),4040.98,USA,New York,1.2
1,0.7614253436962944,Trigger Retention Campaign (15% Discount),692.83,USA,Los Angeles,4.5
1,0.7572916482966612,Trigger Retention Campaign (15% Discount),712.66,Australia,Perth,9.5
0,0.19668576762009185,Do Not Intervene,2283.86,India,Delhi,3.6
0,0.2056961294059142,Do Not Intervene,774.83,Germany,Cologne,7.7
0,0.13926389360808825,Do Not Intervene,1193.37,Japan,Yokohama,4.3
0,0.18313607770501533,Do Not Intervene,1419.01,USA,Houston,0.3
0,0.13191944885958884,Do Not Intervene,929.87,USA,Houston,0.8
0,0.11921561964542686,Do Not Intervene,1012.46,UK,Manchester,2.5
0,0.18473550004911257,Do Not Intervene,2980.1,Germany,Cologne,1.5
1,0.09818197906652974,Do Not Intervene,2462.6,USA,Houston,0.7
0,0.09208615323823134,Do Not Intervene,1343.45,France,Marseille,2.0
0,0.11202969969163883,Do Not Intervene,2763.33,Australia,Adelaide,1.8
0,0.397688791385604,Trigger Retention Campaign (15% Discount),1494.56,France,Paris,6.7
0,0.12559023122177762,Do Not Intervene,1850.0,Australia,Brisbane,2.6
1,0.9151557573486119,Trigger Retention Campaign (15% Discount),2093.58,UK,Birmingham,5.8
0,0.21374647362902469,Do Not Intervene,2316.57,USA,Los Angeles,4.1
0,0.20675398566746991,Do Not Intervene,720.56,France,Paris,4.2
0,0.154073594368226,Do Not Intervene,1405.61,USA,Phoenix,3.2
0,0.14964856902943457,Do Not Intervene,4486.01,UK,Glasgow,2.7
0,0.16774295373224835,Do Not Intervene,846.41,USA,New York,7.4
1,0.7643639880879229,Trigger Retention Campaign (15% Discount),479.38,India,Hyderabad,2.3
1,0.8192738330459041,Trigger Retention Campaign (15% Discount),3372.47,USA,Houston,1.9
0,0.12453366137811121,Do Not Intervene,2384.22,Canada,Vancouver,0.8
0,0.19920078787687828,Do Not Intervene,933.51,Canada,Toronto,4.1
0,0.08497654162985502,Do Not Intervene,910.25,India,Mumbai,3.5
1,0.6542081634196542,Trigger Retention Campaign (15% Discount),314.41,Germany,Frankfurt,1.8
0,0.16394638925008997,Do Not Intervene,1153.8,France,Marseille,3.4
0,0.1749767692511352,Do Not Intervene,2806.9,UK,Leeds,0.7
1,0.8740229507482915,Trigger Retention Campaign (15% Discount),1893.29,Germany,Hamburg,7.4
1,0.5751559361384505,Trigger Retention Campaign (15% Discount),880.67,USA,Chicago,6.0
0,0.3818603556662554,Trigger Retention Campaign (15% Discount),860.17,UK,Manchester,3.9
0,0.41209174751563865,Trigger Retention Campaign (15% Discount),1069.05,UK,Manchester,2.9
0,0.1027712615795368,Do Not Intervene,1189.37,USA,Phoenix,1.2
0,0.0902308303067082,Do Not Intervene,1106.76,UK,Leeds,0.3
0,0.43275602319007367,Trigger Retention Campaign (15% Discount),937.88,Germany,Munich,1.1
0,0.4712860873754999,Trigger Retention Campaign (15% Discount),3785.02,Australia,Perth,3.6
1,0.8431562104245859,Trigger Retention Campaign (15% Discount),2316.71,Japan,Yokohama,0.9
0,0.1372768842016953,Do Not Intervene,1818.47,Canada,Montreal,4.1
0,0.13363612687581944,Do Not Intervene,1280.66,USA,New York,5.5
0,0.12219899894730046,Do Not Intervene,1658.22,Australia,Adelaide,0.5
0,0.17900620942428438,Do Not Intervene,1830.2,Germany,Frankfurt,1.8
0,0.07474706579292864,Do Not Intervene,1142.21,Canada,Vancouver,5.3
1,0.7353348774363563,Trigger Retention Campaign (15% Discount),1043.63,USA,New York,0.7
0,0.19003564003900375,Do Not Intervene,1763.13,India,Chennai,9.2
1,0.7277583978803474,Trigger Retention Campaign (15% Discount),275.47,USA,Phoenix,2.1
0,0.14275845278030946,Do Not Intervene,2478.14,USA,New York,1.2
